shape_id,shape_pt_lat,shape_pt_lon,shape_pt_sequence,shape_dist_traveled
1015101,43.32168018035276,-1.984945345177182,2,0.096
1015101,43.321608484088415,-1.9849835377988418,3,0.104
1015101,43.321237059516065,-1.9847307312333862,4,0.15
1015101,43.32053944312313,-1.984249039067128,5,0.237
1015101,43.320041316627986,-1.9839243569087959,6,0.299
1015101,43.31997884285236,-1.983987061226762,7,0.307
1015101,43.31972344818282,-1.9846326112525485,8,0.367
1015101,43.31964263944263,-1.9846586221667637,9,0.376
1015101,43.31890868181152,-1.9841405513334796,10,0.468
1015101,43.31783030351756,-1.9833692581362194,11,0.603
1015101,43.31726893369526,-1.983020987843707,12,0.671
1015101,43.317114346276995,-1.9828509175493212,13,0.693
1015101,43.316472460981636,-1.9845880936922704,14,0.851
1015101,43.31575159723558,-1.9865608498033616,15,1.03
1015101,43.3154969515851,-1.9872926535856104,16,1.096
1015101,43.31530314055569,-1.9877768079931597,17,1.14
1015101,43.315315089590754,-1.9881095651279526,18,1.168
1015101,43.31503865563236,-1.98943363668668,19,1.279
1015101,43.31472001916892,-1.9910790154208844,20,1.417
1015101,43.314522622996115,-1.9921797871656766,21,1.509
1015101,43.31446600932386,-1.9929082821642055,22,1.569
1015101,43.31444344959863,-1.9944377619544968,23,1.693
1015101,43.314436060889236,-1.9956463716361346,24,1.791
1015101,43.314522717540754,-1.996286183733806,25,1.843
1015101,43.31469266933206,-1.997183590270207,26,1.919
1015101,43.31485015383679,-1.9976865956865775,27,1.963
1015101,43.31540200372118,-1.999009348828302,28,2.087
1015101,43.315560666685954,-1.9996479945686094,29,2.141
1015101,43.3156194294543,-2.000189627499588,30,2.186
1015101,43.31551667201249,-2.0007955670525464,31,2.236
1015101,43.31504801213361,-2.001777445740576,32,2.331
1015101,43.31472070559854,-2.002448708415358,33,2.397
1015101,43.314481384192284,-2.002884226623061,34,2.441
1015101,43.31400327326646,-2.0038169011644227,35,2.533
1015101,43.31364937433707,-2.004537900832713,36,2.604
1015101,43.31346427816506,-2.00499718096989,37,2.646
1015101,43.313074037481094,-2.0056817661944724,38,2.717
1015101,43.31245442261305,-2.006912648771085,39,2.838
1015101,43.31145481944324,-2.0089758571569605,40,3.039
1015101,43.31124173449963,-2.0093245840170075,41,3.076
1015101,43.31101964530209,-2.0096734546423614,42,3.113
1015101,43.31080559763247,-2.009911215180075,43,3.144
1015101,43.3105285273177,-2.0101499969109744,44,3.18
1015101,43.31022370019526,-2.010302912215512,45,3.216
1015101,43.309810408187296,-2.010408263483513,46,3.263
1015101,43.309377829644006,-2.010365960300667,47,3.311
1015101,43.309061758750445,-2.0102601150178,48,3.347
1015101,43.30883550598295,-2.0101281523663097,49,3.375
1015101,43.30861117378343,-2.0102181055164605,50,3.401
1015101,43.30834683837226,-2.010888230289018,51,3.462
1015101,43.30819549031237,-2.0110879686790395,52,3.486
1015101,43.30778773812758,-2.011834389785781,53,3.561
1015101,43.30770820072756,-2.012008300499772,54,3.578
1015101,43.30760927235011,-2.0120222330869235,55,3.589
1015101,43.30729069424706,-2.0126685568477365,56,3.652
1015101,43.307220584346666,-2.0128916326838966,57,3.672
1015101,43.30719591538552,-2.0131632929781182,58,3.694
1015101,43.30722919869621,-2.013890227752395,59,3.753
1015101,43.3072424526585,-2.014383215800243,60,3.793
1015101,43.307192363669294,-2.0148402369657776,61,3.831
1015101,43.30711452026257,-2.015211395220842,62,3.862
1015101,43.30690428032837,-2.015892939046819,63,3.922
1015101,43.3065857860511,-2.016551563667103,64,3.986
1015101,43.30647001664663,-2.0167013890465477,65,4.004
1015101,43.30632713150482,-2.016839321030888,66,4.023
1015101,43.30612969724573,-2.0169164822974257,67,4.046
1015101,43.30593205100199,-2.016968986881285,68,4.068
1015101,43.30562530685649,-2.0168999518868147,69,4.103
1015101,43.30527386464307,-2.016868626971904,70,4.142
1015101,43.305084797702364,-2.0168716741678216,71,4.163
1015101,43.30495885904118,-2.016886033504506,72,4.177
1015101,43.30492083264295,-2.0166523841640767,73,4.196
1015101,43.30476565831965,-2.0164082944750517,74,4.223
1015101,43.30420555215598,-2.0161953956950613,75,4.287
1015101,43.30403364322113,-2.016099532871272,76,4.308
1015101,43.303888637705576,-2.0159909072332103,77,4.326
1015101,43.303697661427265,-2.0157720596470656,78,4.354
1015101,43.30354184856281,-2.015454011483112,79,4.385
1015101,43.303413999719794,-2.0152464770341956,80,4.407
1015101,43.303185735213816,-2.014880284659616,81,4.446
1015101,43.302940525322505,-2.0146376606402217,82,4.48
1015101,43.30279371253407,-2.0143194738749073,83,4.51
1015101,43.30275419311479,-2.013913250434479,84,4.543
1015101,43.30279070196938,-2.0129263276628926,85,4.624
1015101,43.30289586707401,-2.0125917382170235,86,4.653
1015101,43.30302676305811,-2.0121087805313427,87,4.695
1015101,43.30315882875435,-2.0117614233721195,88,4.727
1015101,43.303217162918806,-2.0112179916538118,89,4.771
1015101,43.303322003122204,-2.010846414393268,90,4.804
1015101,43.30340787579275,-2.0103641799860887,91,4.844
1015101,43.30352043576037,-2.009844523156587,92,4.888
1015101,43.30366096383262,-2.0094353742084494,93,4.924
1015101,43.30382892716949,-2.0090750951572156,94,4.959
1015101,43.30386291023985,-2.008840285033105,95,4.978
1015101,43.30378853423467,-2.008570247597866,96,5.002
1015101,43.30343452495191,-2.0082431102693628,97,5.049
1015101,43.303327021415356,-2.008306504327479,98,5.062
1015101,43.303227131411276,-2.0082094942131845,99,5.076
1015101,43.30323431707533,-2.007999780199797,100,5.093
1015101,43.303360147556916,-2.0079730754749767,101,5.107
1015101,43.303625750420466,-2.0074509245767787,102,5.159
1015101,43.303766483918245,-2.0070664247842163,103,5.194
1015101,43.30393540324164,-2.00681708752032,104,5.221
1015101,43.30412993934272,-2.006407049137006,105,5.261
1015101,43.30417292006754,-2.0061720897872406,106,5.281
1015101,43.30417142022846,-2.0059995021265133,107,5.295
1015101,43.30415116366359,-2.005740914143962,108,5.316
1015101,43.30288953785786,-2.0045902048847037,109,5.484
1015101,43.302336481971835,-2.0041553826966667,110,5.555
1015101,43.30209982344939,-2.0038633494692624,111,5.59
1015101,43.30184548006765,-2.003608594236449,112,5.625
1015101,43.30152029241994,-2.0034906163492305,113,5.663
1015101,43.301249123587716,-2.003371757232422,114,5.694
1015101,43.30108309139992,-2.0029183035522857,115,5.735
1015101,43.3007197405851,-2.0025543797910332,116,5.785
1015101,43.300411052802986,-2.002263538361456,117,5.827
1015101,43.299575662385124,-2.0014635185038467,118,5.94
1015101,43.29910330018944,-2.0009904413051687,119,6.005
1015101,43.29888657844741,-2.0009200196713306,120,6.03
1015101,43.29824067604686,-2.000166245514582,121,6.124
1015101,43.29784065721525,-1.9997289869672308,122,6.181
1015101,43.29753056040832,-1.999277931220968,123,6.231
1015101,43.29697057649396,-1.9980543176021597,124,6.348
1015101,43.29669691789022,-1.9976519898158822,125,6.393
1015101,43.296352205268796,-1.9973617839734938,126,6.438
1015101,43.29592797666888,-1.9972454770680836,127,6.486
1015101,43.295468816066496,-1.9972530225812404,128,6.537
1015101,43.29492916737751,-1.9973235283765165,129,6.597
1015101,43.29395801555104,-1.997475086632477,130,6.706
1015101,43.29312158655721,-1.9975874452721971,131,6.799
1015101,43.29128699493652,-1.9978517890690877,132,7.004
1015101,43.29013653421941,-1.9980925588130174,133,7.133
1015101,43.289903855472254,-1.99825662365659,134,7.162
1015101,43.28969753835625,-1.998346295570147,135,7.186
1015101,43.28943569108166,-1.9982643077460296,136,7.216
1015101,43.28927190688547,-1.99806977316749,137,7.24
1015101,43.28823578745521,-1.9980004982868953,138,7.355
1015101,43.287298378691126,-1.9978926268004533,139,7.46
1015101,43.28704682997451,-1.9979583865388926,140,7.488
1015101,43.28683226550423,-1.998134471970857,141,7.516
1015101,43.28637720527275,-1.9986103229308,142,7.58
1015101,43.2857978239972,-1.9992854168262564,143,7.664
1015101,43.285378771420255,-1.9997606609767438,144,7.725
1015101,43.285131854259824,-2.0003563351482203,145,7.78
1015101,43.28478331510757,-2.0006578552673884,146,7.826
1015101,43.28452426863233,-2.000896279945489,147,7.861
1015101,43.28395986691457,-2.0012259765286213,148,7.929
1015101,43.283395033806265,-2.0015063730284,149,7.996
1015101,43.28315409933055,-2.001756817588791,150,8.029
1015101,43.282966215554026,-2.001895466534502,151,8.053
1015101,43.2829230276488,-2.0021057000486713,152,8.071
1015101,43.28277940678676,-2.0021573481649324,153,8.087
1015101,43.2826356783881,-2.002196672706257,154,8.103
1015101,43.2824571196928,-2.0023721418398934,155,8.128
1015101,43.281763358558024,-2.003357146553808,156,8.239
1015101,43.28169412451278,-2.003678724038517,157,8.266
1015101,43.28163314153027,-2.0039138920132653,158,8.286
1015101,43.281177305106,-2.0043033978086853,159,8.346
1015101,43.2808030321611,-2.0047531915872936,160,8.401
1015101,43.28034676394418,-2.0050933942575186,161,8.459
1015101,43.279971201928284,-2.0053953034289282,162,8.507
1015101,43.27962339849,-2.005783028109273,163,8.557
1015101,43.279463911307545,-2.006081411868839,164,8.587
1015101,43.2794778389343,-2.0066481096798157,165,8.633
1015101,43.27973164074148,-2.0068411722756965,166,8.665
1015101,43.28004846463178,-2.007033211470558,167,8.704
1015101,43.28063129989704,-2.0077878622546677,168,8.793
1015101,43.280777061388946,-2.0079826886867718,169,8.816
1015101,43.28079912831627,-2.0084506692483024,170,8.854
1015101,43.28074037804821,-2.0089446115012852,171,8.894
1015101,43.280726748390926,-2.009450145426978,172,8.935
1015101,43.2808298381806,-2.009916812187281,173,8.975
1015101,43.280930686710384,-2.0101246972976896,174,8.995
1015101,43.281031641495,-2.0103449061315355,175,9.016
1015101,43.28114964279187,-2.0104539163576702,176,9.032
1015101,43.28113334205308,-2.010651377077752,177,9.048
1015101,43.28107106571717,-2.010738659668394,178,9.058
1015101,43.28107154328667,-2.011835556414204,179,9.147
1015101,43.281056343247485,-2.013203851543667,180,9.258
1015101,43.28117444818015,-2.0133251904616896,181,9.275
1015101,43.28118493955402,-2.0134975680051532,182,9.289
1015101,43.28105974477898,-2.0135981891259678,183,9.305
1015101,43.28102566812842,-2.014868190074042,184,9.408
1015101,43.28108032426583,-2.0149412567647427,185,9.416
1015101,43.281135404843525,-2.0150636158706003,186,9.428
1015101,43.28107376172886,-2.015224832379703,187,9.443
1015101,43.281021227688164,-2.0153982264145514,188,9.458
1015101,43.28095270190868,-2.0158060481945204,189,9.492
1015101,43.28075177573578,-2.016524120210561,190,9.554
1015101,43.280583257115666,-2.016822626976547,191,9.585
1015101,43.28026952112683,-2.0169878992228454,192,9.622
1015101,43.280115301178384,-2.0168548119557634,193,9.643
1015101,43.28000577939199,-2.0166840318141173,194,9.661
1015101,43.27988884338282,-2.016698239693266,195,9.674
1015101,43.27981777097302,-2.0168103050091744,196,9.686
1015101,43.27976661117902,-2.0171438905655514,197,9.714
1015101,43.27956991662526,-2.0173072750519605,198,9.739
1015101,43.27929918447943,-2.0172376860819585,199,9.77
1015101,43.27912621705347,-2.017018631413039,200,9.796
1015101,43.27903406641507,-2.016773627834612,201,9.818
1015101,43.27909391049318,-2.0164029329727473,202,9.849
1015101,43.27927249131245,-2.016227514331308,203,9.874
1015101,43.27927005319407,-2.0159440922591063,204,9.897
1015101,43.27901667594944,-2.0147527135671703,205,9.997
1015101,43.278811171456965,-2.0138933277940505,206,10.071
1015101,43.27842814775439,-2.0133325990344604,207,10.133
1015101,43.27805454999395,-2.0128210215093727,208,10.192
1015101,43.277697679416946,-2.012161290564414,209,10.258
1015101,43.2776761602399,-2.011754943939541,210,10.291
1015101,43.27775628506221,-2.0106075057857367,211,10.385
1015101,43.277768960210395,-2.009991095273322,212,10.435
1015102,43.27793575380198,-2.009495425394338,2,0.044
1015102,43.27822506611528,-2.0085910658302644,3,0.124
1015102,43.27843291469207,-2.007638724717705,4,0.205
1015102,43.27848212146079,-2.0070833338934673,5,0.25
1015102,43.27873807804754,-2.006487605164086,6,0.306
1015102,43.278868950548706,-2.0060048269580477,7,0.348
1015102,43.27882286358218,-2.0058823341172998,8,0.359
1015102,43.27892886676053,-2.0056464457794805,9,0.381
1015102,43.279135833192825,-2.005630750718745,10,0.404
1015102,43.27931493291315,-2.00551691408983,11,0.426
1015102,43.279824042656934,-2.005040289786136,12,0.495
1015102,43.28059177580452,-2.0042759732465045,13,0.6
1015102,43.28133174240769,-2.0034258167859194,14,0.708
1015102,43.281839338847085,-2.00277663479605,15,0.785
1015102,43.28256996799529,-2.0018896199719105,16,0.893
1015102,43.28275688372593,-2.001640061792261,17,0.922
1015102,43.28279985559428,-2.0014051818262826,18,0.942
1015102,43.2829705932387,-2.0013654134782226,19,0.961
1015102,43.28308892567196,-2.001511379826388,20,0.979
1015102,43.2832947077256,-2.0013601114072546,21,1.005
1015102,43.283690417214004,-2.0013043368356365,22,1.049
1015102,43.284506262278875,-2.000896574656749,23,1.145
1015102,43.28489917184611,-2.0005203776157794,24,1.199
1015102,43.28539710108663,-1.9997973375445257,25,1.279
1015102,43.2856091887163,-1.9993378120690442,26,1.323
1015102,43.286484272108154,-1.9984976336933493,27,1.442
1015102,43.28701157309589,-1.9980452471010914,28,1.511
1015102,43.28724511553912,-1.9979797833602182,29,1.538
1015102,43.28834371743671,-1.9979864001966638,30,1.66
1015102,43.28891124057662,-1.9980140621069693,31,1.723
1015102,43.289207265122315,-1.9978859381898042,32,1.757
1015102,43.28944091534884,-1.997832796013304,33,1.784
1015102,43.289646043958605,-1.9976075507957791,34,1.813
1015102,43.289862551842674,-1.9976533010361228,35,1.837
1015102,43.29002644472871,-1.9978601611389102,36,1.862
1015102,43.29030597462518,-1.997904877752325,37,1.893
1015102,43.29075526863491,-1.9977988867406984,38,1.944
1015102,43.291320415343165,-1.9975553962038164,39,2.01
1015102,43.2918670148433,-1.9972505710572064,40,2.075
1015102,43.2929400419804,-1.9963946925010467,41,2.213
1015102,43.29383516395099,-1.9957882587450462,42,2.324
1015102,43.294373512825416,-1.9955698327760596,43,2.386
1015102,43.29488658390567,-1.9955490599377708,44,2.443
1015102,43.295346285549904,-1.99560313109475,45,2.495
1015102,43.295734503159295,-1.995720018225233,46,2.539
1015102,43.2962052638916,-1.9960081379308627,47,2.596
1015102,43.29665052873953,-1.9964692721927306,48,2.658
1015102,43.29696150126159,-1.997018916626912,49,2.714
1015102,43.29741410612548,-1.9983182518930023,50,2.831
1015102,43.29772711967569,-1.9991021135830933,51,2.904
1015102,43.29790119943477,-1.999444446614426,52,2.938
1015102,43.29820283136513,-1.9999572858025187,53,2.991
1015102,43.29891111096966,-2.000636065421356,54,3.087
1015102,43.301061967998,-2.0025611134043113,55,3.372
1015102,43.30126968557528,-2.002631690440961,56,3.396
1015102,43.3015756853396,-2.0026143589324557,57,3.43
1015102,43.30177568954103,-2.0028330102124356,58,3.459
1015102,43.301860156534275,-2.003226156536725,59,3.492
1015102,43.30201525121651,-2.003457873439371,60,3.517
1015102,43.30235051595049,-2.003698978134939,61,3.559
1015102,43.302914293945825,-2.0043308881385338,62,3.64
1015102,43.30345963317905,-2.004913793329807,63,3.717
1015102,43.304149448797695,-2.005543671200362,64,3.809
1015102,43.30439285563788,-2.0055766915605964,65,3.836
1015102,43.30461857768962,-2.005646989029263,66,3.862
1015102,43.30471214548167,-2.0060523387772298,67,3.897
1015102,43.30502125219934,-2.006392531114565,68,3.941
1015102,43.30523839896318,-2.0065122905616497,69,3.967
1015102,43.30579305149977,-2.0071320748019854,70,4.046
1015102,43.306501182286695,-2.007798693185861,71,4.142
1015102,43.307036752725686,-2.008295511820807,72,4.213
1015102,43.30749922721909,-2.0086702258794626,73,4.273
1015102,43.30781754308886,-2.0090349575104662,74,4.319
1015102,43.308262329211125,-2.0094469599390097,75,4.379
1015102,43.30851623279485,-2.009652451741371,76,4.412
1015102,43.30873188166263,-2.0095996287399904,77,4.436
1015102,43.308859100236084,-2.009733197149254,78,4.454
1015102,43.308914933728616,-2.0099419073483173,79,4.472
1015102,43.30912371391624,-2.010135805255187,80,4.5
1015102,43.30944900146415,-2.0102661614328006,81,4.537
1015102,43.309845247314804,-2.0102720617774725,82,4.581
1015102,43.31024953602373,-2.0101668556439645,83,4.627
1015102,43.310572049109105,-2.009976660313448,84,4.666
1015102,43.310884704673455,-2.0096879766417306,85,4.708
1015102,43.311142379371525,-2.009289205420421,86,4.751
1015102,43.31169921224482,-2.008084056756131,87,4.867
1015102,43.31210725999225,-2.0073745505640033,88,4.94
1015102,43.31309858113631,-2.0053977474800204,89,5.135
1015102,43.31345216372284,-2.004639770592496,90,5.208
1015102,43.313718501416446,-2.0042038255245136,91,5.254
1015102,43.31419672304782,-2.00328348806142,92,5.345
1015102,43.314452654671115,-2.002687392179626,93,5.401
1015102,43.314736345570694,-2.002177158000221,94,5.453
1015102,43.31531153887608,-2.0010208988223663,95,5.567
1015102,43.31533693262197,-2.0008355074213333,96,5.582
1015102,43.315253211080154,-2.0005285873822904,97,5.609
1015102,43.315125550871855,-2.0003457050847513,98,5.629
1015102,43.31514986554343,-2.0000370151240183,99,5.654
1015102,43.31532690898254,-1.9996888245002071,100,5.689
1015102,43.31537769184124,-1.9993180404258226,101,5.719
1015102,43.31533747090635,-1.9988377644972815,102,5.759
1015102,43.31480416566413,-1.9975763673474956,103,5.877
1015102,43.31457998189097,-1.9966551873055955,104,5.956
1015102,43.31442738259864,-1.9956835090916807,105,6.036
1015102,43.314463186000594,-1.9925877094402793,106,6.287
1015102,43.31482033035945,-1.9902018131664772,107,6.485
1015102,43.315242410278934,-1.9880367811825892,108,6.666
1015102,43.315633635488105,-1.987475359765464,109,6.729
1015102,43.31571335328243,-1.987326054858847,110,6.744
1015102,43.31593613751479,-1.9870633869137475,111,6.777
1015102,43.31625664417536,-1.9866511107297555,112,6.826
1015102,43.316790927829054,-1.985976304280842,113,6.907
1015102,43.31729918261316,-1.9854129078581573,114,6.979
1015102,43.31766524561004,-1.9850615160821568,115,7.029
1015102,43.31813034133088,-1.984708470963687,116,7.088
1015102,43.318429084744935,-1.9848884809776794,117,7.124
1015102,43.318527571371355,-1.9848251795841778,118,7.136
1015102,43.318799768648844,-1.984043706897597,119,7.206
1015102,43.31899213859109,-1.9833992151383,120,7.263
1015102,43.31966145307413,-1.9817108263086958,121,7.419
1015102,43.320268160623286,-1.9800727784718097,122,7.568
1015102,43.32059446997384,-1.9803139745385534,123,7.609
1015102,43.32091111623644,-1.9804813378479411,124,7.647
1015102,43.321700206935624,-1.9811217893522701,125,7.748
1015102,43.32279671566356,-1.9819051208273974,126,7.886
1015102,43.32243647733435,-1.9829101200551151,127,7.977
1015102,43.32211224231347,-1.983914507303937,128,8.066
1025101,43.3219704935758,-1.9841758635002527,2,0.072
1025101,43.32169807705504,-1.984932714219242,3,0.14
1025101,43.321590368498704,-1.984971506459833,4,0.153
1025101,43.32055744927078,-1.9842487390686339,5,0.282
1025101,43.32008644154764,-1.9839359375087005,6,0.34
1025101,43.319978733306876,-1.983974730425005,7,0.352
1025101,43.319732232306855,-1.984607799805521,8,0.41
1025101,43.31963352689384,-1.984646441366221,9,0.422
1025101,43.31899014759104,-1.9841885236806949,10,0.502
1025101,43.318518920550716,-1.9838510693907285,11,0.561
1025101,43.318347423871415,-1.9838045983927168,12,0.581
1025101,43.318102149340824,-1.9835620413800672,13,0.614
1025101,43.31755845737382,-1.9831764765948459,14,0.682
1025101,43.3171144559379,-1.9828632477675525,15,0.738
1025101,43.316190109044,-1.9822004146721652,16,0.854
1025101,43.3155739488613,-1.9817667569357074,17,0.931
1025101,43.315256865087115,-1.9815500816918348,18,0.97
1025101,43.31508229179848,-1.9821695792267853,19,1.024
1025101,43.3149314338344,-1.982418729425586,20,1.05
1025101,43.314843706536564,-1.9826791567342774,21,1.073
1025101,43.31479166200575,-1.982901993406357,22,1.092
1025101,43.31456833926088,-1.9831030228446926,23,1.122
1025101,43.31435511522549,-1.9834271973172035,24,1.157
1025101,43.31439012128966,-1.9843268129997496,25,1.23
1025101,43.31441349121724,-1.984930667328974,26,1.279
1025101,43.314489454598345,-1.9853733374463924,27,1.316
1025101,43.31468861628296,-1.98549333917105,28,1.34
1025101,43.314858799902176,-1.9853918550692569,29,1.361
1025101,43.31497977696569,-1.9858337803375075,30,1.399
1025101,43.314741175220256,-1.986343342949545,31,1.448
1025101,43.31461688028251,-1.986542713806427,32,1.47
1025101,43.31452090500479,-1.9868895915596965,33,1.5
1025101,43.31428147904237,-1.9883240205414885,34,1.619
1025101,43.3140639239848,-1.9891784986426397,35,1.692
1025101,43.31402206815874,-1.9895368037368992,36,1.722
1025101,43.31382011530457,-1.9901197251393536,37,1.774
1025101,43.31356987908252,-1.9903335018399058,38,1.807
1025101,43.31332723070666,-1.9903868444804302,39,1.834
1025101,43.31309282351391,-1.9903537315947555,40,1.86
1025101,43.312875551684755,-1.990221685704791,41,1.887
1025101,43.31235921741645,-1.9898726337501274,42,1.951
1025101,43.311734409132,-1.989476061116622,43,2.027
1025101,43.31130984704148,-1.989322794663444,44,2.076
1025101,43.31107620216592,-1.9893759899789396,45,2.102
1025101,43.31093400439752,-1.9895879699509658,46,2.126
1025101,43.310677923383956,-1.9901594269751943,47,2.18
1025101,43.31061740508504,-1.9904440359559101,48,2.204
1025101,43.31038560942448,-1.9907068174148599,49,2.238
1025101,43.31009990324879,-1.9909828194178048,50,2.276
1025101,43.30967134266163,-1.9913968175498304,51,2.335
1025101,43.30941936427569,-1.9914133150611903,52,2.363
1025101,43.30890890452338,-1.9917300161189058,53,2.425
1025101,43.30850593788831,-1.9919832838256006,54,2.474
1025101,43.308255697692026,-1.9921970339092947,55,2.507
1025101,43.308138765827024,-1.9922112962461271,56,2.52
1025101,43.30783439785567,-1.9924136080647483,57,2.557
1025101,43.30747579360263,-1.992592153404558,58,2.6
1025101,43.30718888825321,-1.9927325224902672,59,2.634
1025101,43.30704603261131,-1.9928705117444399,60,2.653
1025101,43.306775830471295,-1.9928626432304066,61,2.683
1025101,43.30637123286388,-1.9929309730987408,62,2.728
1025101,43.30605644929504,-1.9929731596497613,63,2.764
1025101,43.30584026584043,-1.992964398912048,64,2.788
1025101,43.30504625421055,-1.9927802335398521,65,2.877
1025101,43.304901335681755,-1.9926839897782742,66,2.895
1025101,43.30468384914541,-1.9925272972417516,67,2.922
1025101,43.30438533430084,-1.9923719442578627,68,2.958
1025101,43.304212537065396,-1.9921775275051037,69,2.983
1025101,43.303867919611434,-1.991899645468686,70,3.027
1025101,43.30345095045113,-1.9915859746536517,71,3.08
1025101,43.303205909507,-1.9913680990384135,72,3.112
1025101,43.303015539288374,-1.9912232962299485,73,3.136
1025101,43.302862921142,-1.9912751366289063,74,3.154
1025101,43.30273839945599,-1.9914498036259238,75,3.174
1025101,43.302576343258714,-1.9914524827961186,76,3.192
1025101,43.30234898211263,-1.991197331236845,77,3.224
1025101,43.302187252106165,-1.991236992740031,78,3.243
1025101,43.30200307790827,-1.9917948428736523,79,3.292
1025101,43.3024298100719,-1.9921946501202288,80,3.35
1025101,43.30296533840995,-1.9926789705930241,81,3.421
1025101,43.303218511585875,-1.9927980824663187,82,3.451
1025101,43.30340041944747,-1.9930046767466438,83,3.477
1025101,43.30379916154733,-1.9932939990918614,84,3.527
1025101,43.30396349621634,-1.9935502042987026,85,3.555
1025101,43.30406610979412,-1.993955381877574,86,3.589
1025101,43.30408801897618,-1.9943988795189378,87,3.626
1025101,43.30420766064504,-1.9946928138005375,88,3.653
1025101,43.30440724638144,-1.9948621373179634,89,3.679
1025101,43.304632541277556,-1.994883084065726,90,3.704
1025101,43.30482941827506,-1.994744214838006,91,3.729
1025101,43.30498149619061,-1.9946307422731937,92,3.748
1025101,43.30526232685457,-1.9948233881648518,93,3.783
1025101,43.30539053732606,-1.9950678690197088,94,3.807
1025101,43.305429257456666,-1.9953754732999816,95,3.832
1025101,43.30532435969976,-1.9957347612377418,96,3.864
1025101,43.30485033242212,-1.9961001229069266,97,3.924
1025101,43.30444822077798,-1.9964519662449205,98,3.977
1025101,43.30419710651583,-1.9965670623439187,99,4.007
1025101,43.303749869525774,-1.9969073114204665,100,4.063
1025101,43.303213140460784,-1.9973106726855205,101,4.131
1025101,43.302542551012905,-1.9978518461881236,102,4.218
1025101,43.3024178031378,-1.998001844406417,103,4.236
1025101,43.30229219115283,-1.9980532237677446,104,4.251
1025101,43.302158439856555,-1.9982033687978582,105,4.27
1025102,43.3018170762656,-1.998295277106412,2,0.038
1025102,43.30148212439218,-1.998091185723438,3,0.079
1025102,43.3013071762929,-1.9976502200858446,4,0.12
1025102,43.30150830457147,-1.9969688263148437,5,0.179
1025102,43.301584682908945,-1.9964374274129997,6,0.223
1025102,43.30138282727849,-1.996009237485788,7,0.264
1025102,43.301135088284795,-1.9954831752428497,8,0.315
1025102,43.30070695923226,-1.9949231027663417,9,0.381
1025102,43.30055098062689,-1.9945927974678872,10,0.413
1025102,43.30060912488182,-1.9940370472024356,11,0.458
1025102,43.3007575146963,-1.9935044645000062,12,0.505
1025102,43.30059979560508,-1.9929769319224464,13,0.551
1025102,43.30059458429529,-1.9923852398938404,14,0.599
1025102,43.300824211829294,-1.9918759683995533,15,0.647
1025102,43.301217958575066,-1.991598227562379,16,0.697
1025102,43.301540223166604,-1.9913833094693545,17,0.736
1025102,43.301692297811194,-1.991269834859294,18,0.756
1025102,43.30168957931543,-1.9909616565517518,19,0.781
1025102,43.30139073601854,-1.9907693374098092,20,0.817
1025102,43.300540115371184,-1.9913135427566593,21,0.922
1025102,43.29993127232848,-1.9917057946568968,22,0.996
1025102,43.299879752682635,-1.9919902030869352,23,1.02
1025102,43.29983799569938,-1.9923607496793967,24,1.051
1025102,43.30036842722191,-1.9932889674924825,25,1.146
1025102,43.30030887671413,-1.9936844669838154,26,1.179
1025102,43.30013857638901,-1.9937735762909587,27,1.199
1025102,43.299918921649066,-1.9933703560884184,28,1.24
1025102,43.299745149412075,-1.9930650097521725,29,1.271
1025102,43.29953525529061,-1.9927479329925588,30,1.306
1025102,43.29935269546867,-1.992467392369378,31,1.337
1025102,43.299198013271614,-1.9922850203417248,32,1.359
1025102,43.29910667857476,-1.9921385879820552,33,1.375
1025102,43.299049291807286,-1.9917573556526995,34,1.406
1025102,43.29901012744106,-1.9914004795769393,35,1.436
1025102,43.299530351902916,-1.9911699667058904,36,1.496
1025102,43.30002313140752,-1.9908905893647517,37,1.556
1025102,43.30044344998034,-1.9905630915779868,38,1.609
1025102,43.30078361006488,-1.9903355459204846,39,1.651
1025102,43.30116889410185,-1.9901195795554953,40,1.698
1025102,43.301338211674256,-1.9899195150311428,41,1.723
1025102,43.30197213085844,-1.9903282048150839,42,1.8
1025102,43.30224494469506,-1.9906319156746226,43,1.839
1025102,43.30279783328277,-1.9910419589459512,44,1.909
1025102,43.30324213941972,-1.9913921584996914,45,1.966
1025102,43.30453817014753,-1.9923447606533085,46,2.13
1025102,43.30493745674612,-1.9926957228819393,47,2.182
1025102,43.30536234053212,-1.9928859813557889,48,2.232
1025102,43.30570478481612,-1.9929173166430123,49,2.27
1025102,43.305849051861216,-1.992939594317039,50,2.286
1025102,43.306272089985775,-1.9929202801102586,51,2.333
1025102,43.30661366575646,-1.9928529908912942,52,2.371
1025102,43.307357884295286,-1.9924954602277825,53,2.459
1025102,43.30781628300972,-1.992401577144903,54,2.511
1025102,43.30847003409003,-1.9919962075091098,55,2.59
1025102,43.30901596362849,-1.991617272571828,56,2.658
1025102,43.30971494467038,-1.9912357993013208,57,2.742
1025102,43.30998264528645,-1.9909600981548587,58,2.779
1025102,43.31036695037781,-1.990633142096468,59,2.829
1025102,43.310704061771396,-1.9900603481493602,60,2.889
1025102,43.310772384204554,-1.9896399706818093,61,2.924
1025102,43.31121070396029,-1.9893121068310433,62,2.979
1025102,43.31168873997791,-1.9894028321443538,63,3.033
1025102,43.312268424095855,-1.9897878201526897,64,3.104
1025102,43.31286643972305,-1.9902095053946804,65,3.179
1025102,43.313146406738795,-1.990303519461337,66,3.211
1025102,43.31357009677556,-1.9903581609002499,67,3.258
1025102,43.31392586591206,-1.9898590143453967,68,3.315
1025102,43.314125310915784,-1.988992509410819,69,3.389
1025102,43.31434221002591,-1.9880640517408554,70,3.468
1025102,43.3144325122573,-1.9870760327085282,71,3.549
1025102,43.31467913706494,-1.986455358218931,72,3.606
1025102,43.31513118924909,-1.9856462873871827,73,3.688
1025102,43.31548518657869,-1.9849498224180295,74,3.757
1025102,43.31587519188906,-1.9842527495066151,75,3.828
1025102,43.316139478476565,-1.9835947588836087,76,3.889
1025102,43.31623599165761,-1.9833095170869022,77,3.915
1025102,43.31658963240591,-1.9835872551601947,78,3.96
1025102,43.31695205646234,-1.9838401860139072,79,4.005
1025102,43.3175229745308,-1.9842499636785476,80,4.077
1025102,43.31812979399755,-1.9846468188108402,81,4.152
1025102,43.31852844694131,-1.9849238236785045,82,4.201
1025102,43.31880953844702,-1.9841298708366044,83,4.273
1025102,43.31908930889899,-1.9831879433216033,84,4.355
1025102,43.319466788386734,-1.9820963858054457,85,4.453
1025102,43.319729743995325,-1.9812903781143751,86,4.525
1025102,43.32011730762764,-1.9803219552078526,87,4.614
1025102,43.32025915756069,-1.9800729290861832,88,4.64
1025102,43.32091111623644,-1.9804813378479411,89,4.72
1025102,43.32135534370837,-1.9808192303267422,90,4.776
1025102,43.321889930384565,-1.9811926165934732,91,4.843
1025102,43.322370497477664,-1.9815669117739387,92,4.904
1025102,43.322787383269095,-1.9818682770990812,93,4.956
1025102,43.32267319723101,-1.9821908466181937,94,4.985
1025102,43.32241923882814,-1.982996739507836,95,5.057
1025102,43.322314929557145,-1.9834178050405529,96,5.093
1035101,43.321820836086125,-1.9845606802258895,2,0.085
1035101,43.3216263807954,-1.9849709068672856,3,0.125
1035101,43.32118260319275,-1.9846823066302224,4,0.179
1035101,43.32060301221278,-1.984309643716592,5,0.25
1035101,43.32008655109753,-1.983948268332091,6,0.315
1035101,43.319705354129525,-1.983609309113773,7,0.365
1035101,43.319315701188394,-1.9833321575707161,8,0.414
1035101,43.3191076439271,-1.9832246348927276,9,0.439
1035101,43.3193270183978,-1.9825796866452396,10,0.496
1035101,43.31960798359534,-1.9817733821143066,11,0.569
1035101,43.319844916467645,-1.9810787995044232,12,0.631
1035101,43.32003847858793,-1.9805699263977958,13,0.677
1035101,43.32030351304438,-1.9799981908993618,14,0.732
1035101,43.320531982134625,-1.9793653988264721,15,0.79
1035101,43.32068140195437,-1.9789559160229429,16,0.827
1035101,43.32082093611945,-1.9784479344665382,17,0.871
1035101,43.320953117776675,-1.978125066191615,18,0.901
1035101,43.321190689638556,-1.9775044405274085,19,0.958
1035101,43.321007100021895,-1.9771128689800133,20,0.995
1035101,43.320786614193,-1.9766232567569257,21,1.042
1035101,43.32082864977518,-1.9762895656072932,22,1.069
1035101,43.32092127924783,-1.9755727068653044,23,1.128
1035101,43.32098888440984,-1.9750782576748769,24,1.169
1035101,43.3210561557339,-1.9745468144764047,25,1.213
1035101,43.32097247439199,-1.9742522341959956,26,1.239
1035101,43.32078164074159,-1.9740581203847225,27,1.265
1035101,43.32013496994397,-1.9742416597155328,28,1.338
1035101,43.319785288738075,-1.9744078666058733,29,1.38
1035101,43.31923698737547,-1.9745157497436965,30,1.441
1035101,43.318661897790754,-1.9746487460800848,31,1.506
1035101,43.31777247486215,-1.974873350451894,32,1.606
1035101,43.3173050897579,-1.974967533126236,33,1.659
1035101,43.316880841086736,-1.974851345214064,34,1.707
1035101,43.316645656405186,-1.9747319798193057,35,1.735
1035101,43.31645360735048,-1.9744022474322984,36,1.769
1035101,43.31647431179713,-1.9736989799689562,37,1.826
1035101,43.31646010687853,-1.9731196191484155,38,1.873
1035101,43.31645645274895,-1.9727127275866614,39,1.906
1035101,43.316336976244585,-1.9724434389551613,40,1.931
1035101,43.31614525311638,-1.972150705495933,41,1.963
1035101,43.315981646766986,-1.9719808179365006,42,1.986
1035101,43.31588951027704,-1.9717480671571963,43,2.008
1035101,43.316048571491535,-1.9714124254690892,44,2.04
1035101,43.31637491715014,-1.9706546747463864,45,2.111
1035101,43.316542534071104,-1.9702695553188776,46,2.148
1035101,43.31679884726077,-1.9697349515359213,47,2.2
1035101,43.31714296533139,-1.9689522178321572,48,2.274
1035101,43.317407607928125,-1.968343469664933,49,2.331
1035101,43.31758377485506,-1.9679088640433444,50,2.372
1035101,43.317672247218525,-1.967734716252955,51,2.389
1035101,43.31760733383902,-1.9675261687985646,52,2.407
1035101,43.31779183245027,-1.9670174251561428,53,2.453
1035101,43.317958434129444,-1.9665213140029658,54,2.497
1035101,43.31814237078753,-1.9659509126500483,55,2.548
1035101,43.31825718014067,-1.9657023200209485,56,2.572
1035101,43.318057775345935,-1.9655577158549038,57,2.597
1035101,43.317622953116604,-1.9652691214787228,58,2.651
1035101,43.31731495360257,-1.9650647029253765,59,2.689
1035101,43.31697060682087,-1.9648239074280258,60,2.732
1035101,43.31667172117169,-1.9646316704443907,61,2.768
1035101,43.316400290845934,-1.9644882966283852,62,2.801
1035101,43.316037825151895,-1.9642354838514693,63,2.846
1035101,43.31579586006962,-1.9643629117420052,64,2.875
1035101,43.31560802461794,-1.9645017511064204,65,2.898
1035101,43.3153925101525,-1.9645670694109072,66,2.923
1035101,43.31518544053943,-1.964570585583822,67,2.946
1035101,43.314951250209056,-1.9645622306327672,68,2.972
1035101,43.31468837620242,-1.964369389504541,69,3.005
1035101,43.314496297646144,-1.9640397007959032,70,3.039
1035101,43.314376465796244,-1.9637334493612557,71,3.067
1035101,43.31429230998089,-1.963389598263005,72,3.097
1035101,43.31423482683401,-1.963008300164486,73,3.128
1035101,43.31417846071307,-1.962750298273708,74,3.15
1035101,43.314066733584305,-1.9623452616553803,75,3.185
1035101,43.313927324491296,-1.9618667093613527,76,3.227
1035101,43.313814250639474,-1.9613137224645467,77,3.274
1035101,43.313737410275,-1.9607847828423723,78,3.317
1035101,43.313716266785065,-1.9604398652252204,79,3.345
1035101,43.313678237233674,-1.9602185492802562,80,3.364
1035101,43.31360273754628,-1.9598375653365916,81,3.396
1035101,43.313808461178624,-1.9596860797613695,82,3.422
1035101,43.313859338487404,-1.9593399330590022,83,3.45
1035101,43.313954331948345,-1.9588943814395006,84,3.488
1035101,43.31401465894524,-1.9585973975228645,85,3.513
1035101,43.31406598215355,-1.9583005668282318,86,3.538
1035101,43.31380388407612,-1.9581940617964142,87,3.568
1035101,43.31367615708978,-1.9580112737223152,88,3.589
1035101,43.31345581528268,-1.9575464492700423,89,3.634
1035101,43.3132446994814,-1.9571061328986823,90,3.676
1035101,43.312932749145034,-1.9564702456022691,91,3.738
1035101,43.31250150469475,-1.955589785210899,92,3.824
1035101,43.312362743409565,-1.9551852360223847,93,3.861
1035101,43.31227113636127,-1.955014170643983,94,3.878
1035101,43.31198292757056,-1.955006778218935,95,3.91
1035101,43.31177529518691,-1.9549486812777774,96,3.933
1035101,43.311513306742896,-1.9548545235009918,97,3.964
1035101,43.31128586531446,-1.9545994732002694,98,3.996
1035101,43.311194144699265,-1.9544160827973707,99,4.014
1035101,43.311119415139366,-1.954121424133118,100,4.04
1035101,43.31112480958211,-1.953726745084636,101,4.072
1035101,43.31112884859036,-1.9531841192727992,102,4.116
1035101,43.311133110832046,-1.9526661512222798,103,4.158
1035101,43.31116562218912,-1.952283336939833,104,4.189
1035101,43.311197341327365,-1.9518142199625814,105,4.227
1035101,43.311247403657724,-1.9513817796484358,106,4.263
1035101,43.311388398952175,-1.9510464214833994,107,4.294
1035101,43.311817828350144,-1.9507430919288555,108,4.348
1035101,43.31201578106893,-1.9507273550622206,109,4.37
1035101,43.312286888808536,-1.9508336700027975,110,4.401
1035101,43.31260414226253,-1.9510625033186055,111,4.441
1035101,43.312839576918606,-1.9512064277912362,112,4.469
1035101,43.31273493231971,-1.9515781621291108,113,4.502
1035101,43.312631303294346,-1.952060857937841,114,4.542
1035101,43.312625914704654,-1.9524555467753204,115,4.575
1035102,43.3125735905082,-1.9526414124139904,2,0.016
1035102,43.31256876422485,-1.9530977467825943,3,0.053
1035102,43.3126456399544,-1.9536266659211599,4,0.096
1035102,43.31275796150742,-1.95409332270617,5,0.136
1035102,43.31292418647916,-1.9545467259307554,6,0.177
1035102,43.313153768654566,-1.95503603963472,7,0.225
1035102,43.31362215490799,-1.9560391828528607,8,0.321
1035102,43.313712072410695,-1.9560253121495559,9,0.331
1035102,43.313820671183734,-1.9560851098273664,10,0.344
1035102,43.31394570032908,-1.9559719868549879,11,0.361
1035102,43.31403426706996,-1.955810162078006,12,0.377
1035102,43.31437446728806,-1.9555947013137969,13,0.419
1035102,43.31481212328026,-1.9552049265317952,14,0.477
1035102,43.315294342116005,-1.954765055568972,15,0.541
1035102,43.31591981791791,-1.9542363982657636,16,0.623
1035102,43.31632111861851,-1.9538102317569497,17,0.679
1035102,43.31673378992866,-1.9536428356505318,18,0.727
1035102,43.31726406396302,-1.9535350790723738,19,0.787
1035102,43.31737334083349,-1.9536688565929825,20,0.803
1035102,43.31733035619684,-1.9538915717578478,21,0.822
1035102,43.31723245104215,-1.9540165721593665,22,0.836
1035102,43.31719914516625,-1.9543131129094156,23,0.861
1035102,43.3170244951424,-1.9549080452380352,24,0.913
1035102,43.3166796858383,-1.9556045446437644,25,0.981
1035102,43.31653912773196,-1.9559892418566849,26,1.016
1035102,43.31639969338656,-1.9564972370261353,27,1.06
1035102,43.31629694342418,-1.957078593630087,28,1.108
1035102,43.31630278841126,-1.9577197512830016,29,1.16
1035102,43.31635240945972,-1.958224510471819,30,1.202
1035102,43.316510962430314,-1.95882606560034,31,1.254
1035102,43.31672364250827,-1.9594390320968773,32,1.309
1035102,43.3170730461452,-1.9602346514464648,33,1.384
1035102,43.31726457526728,-1.9605026909230683,34,1.414
1035102,43.31743652902265,-1.9605984162147625,35,1.435
1035102,43.317815215807705,-1.9606536215823898,36,1.477
1035102,43.318544795862266,-1.960678181656447,37,1.558
1035102,43.319282930610115,-1.9606532663975025,38,1.64
1035102,43.319939029561006,-1.9605187553885424,39,1.714
1035102,43.32019978054699,-1.960477311594454,40,1.743
1035102,43.32024356262302,-1.960340905649768,41,1.755
1035102,43.320206317476426,-1.9602058814423964,42,1.767
1035102,43.32004493598444,-1.9602826296260591,43,1.786
1035102,43.3199190059852,-1.9602971098118962,44,1.8
1035102,43.3195753222094,-1.960130315199337,45,1.84
1035102,43.31934935006098,-1.9600355094031618,46,1.867
1035102,43.319141047434684,-1.959903405515415,47,1.892
1035102,43.31902176529244,-1.9596587918375135,48,1.916
1035102,43.318902370441975,-1.9594018486334064,49,1.941
1035102,43.31873638877846,-1.958973048565332,50,1.98
1035102,43.318524379888984,-1.958434046092606,51,2.03
1035102,43.31844043269887,-1.958114840113897,52,2.057
1035102,43.31840015115889,-1.9576469009895459,53,2.095
1035102,43.31840229643166,-1.9568945938835192,54,2.156
1035102,43.318351769191494,-1.9562911760257917,55,2.206
1035102,43.31833826404065,-1.9557981156545896,56,2.246
1035102,43.31827951651968,-1.9552811661533513,57,2.288
1035102,43.31823911072859,-1.9548009000216777,58,2.327
1035102,43.31821704712471,-1.9543573167449382,59,2.363
1035102,43.31818721934674,-1.95404952184038,60,2.389
1035102,43.31804046465749,-1.9537560659215558,61,2.417
1035102,43.31780537163152,-1.9536491103870481,62,2.445
1035102,43.31763431479129,-1.953652045925993,63,2.464
1035102,43.317427133167406,-1.9536432692706018,64,2.487
1035102,43.31719542408434,-1.9539062188375305,65,2.52
1035102,43.317086260283354,-1.9537847713699492,66,2.536
1035102,43.317199801897615,-1.9534005293506347,67,2.57
1035102,43.31724975686443,-1.952955717425704,68,2.606
1035102,43.317253791645996,-1.952413037116583,69,2.65
1035102,43.31724882086436,-1.951870511547927,70,2.694
1035102,43.3171636120237,-1.9514156904362665,71,2.732
1035102,43.31716956216357,-1.951082622723128,72,2.759
1035102,43.31710145104902,-1.9505288527511704,73,2.805
1035102,43.31706057261951,-1.949999279102749,74,2.848
1035102,43.31701170804887,-1.9495808319362102,75,2.882
1035102,43.316942456551615,-1.9489037646968972,76,2.938
1035102,43.317266110492504,-1.948848857031707,77,2.974
1035102,43.317352172993914,-1.9484157502706907,78,3.01
1035102,43.3174096368904,-1.947810486340761,79,3.06
1035102,43.31741432820169,-1.9473417855853477,80,3.098
1035102,43.31737593272411,-1.9470834745292296,81,3.119
1035102,43.317351454105015,-1.9463809682822093,82,3.176
1035102,43.31767487946586,-1.9463013864592023,83,3.213
1035102,43.3179077069716,-1.9461617085803902,84,3.241
1035102,43.318034430234825,-1.946233511618975,85,3.256
1035102,43.317884219588876,-1.9465444125763163,86,3.286
1035102,43.31777822810134,-1.9467682229982917,87,3.308
1035102,43.31777081473645,-1.9469410014643487,88,3.322
1035102,43.31795325811333,-1.9471968268033282,89,3.351
1035102,43.31815325294472,-1.947403021673621,90,3.379
1035102,43.3182901131353,-1.9475979753528265,91,3.401
1035102,43.318365540260054,-1.9479666421891906,92,3.432
1035102,43.31838819550731,-1.9484718754591843,93,3.473
1035102,43.31844436716039,-1.9487052205537465,94,3.493
1035102,43.31847318944452,-1.9489020406092994,95,3.509
1035102,43.31858303818629,-1.9490974642495786,96,3.529
1035102,43.318876117552946,-1.9496350380063951,97,3.584
1035102,43.31906823726718,-1.949964703944824,98,3.618
1035102,43.31927587181817,-1.9500227903315657,99,3.641
1035102,43.31943849144349,-1.9500816522930704,100,3.66
1035102,43.3195494699197,-1.9504003869989706,101,3.689
1035102,43.31977255513563,-1.9511611662537467,102,3.755
1035102,43.31982826912486,-1.9513451966280255,103,3.771
1035102,43.31994576013013,-1.9513925061956374,104,3.785
1035102,43.31997435176738,-1.9515646710948498,105,3.799
1035102,43.31986676813024,-1.9516158515690176,106,3.812
1035102,43.31993340543534,-1.9520093492209714,107,3.845
1035102,43.319974726538035,-1.9525882720309473,108,3.892
1035102,43.32005623185659,-1.9536228131743534,109,3.976
1035102,43.32010643504637,-1.9541892532552667,110,4.022
1035102,43.320101490464175,-1.954633313302567,111,4.058
1035102,43.32012558083034,-1.9552988633506045,112,4.112
1035102,43.32018376535169,-1.9567407878090608,113,4.23
1035102,43.320202549305776,-1.9578134083529806,114,4.317
1035102,43.32021660747547,-1.9583681381605964,115,4.362
1035102,43.32026575034283,-1.9598102220511469,116,4.479
1035102,43.32028868975086,-1.9603524687828657,117,4.523
1035102,43.320340764044076,-1.9611285405648777,118,4.586
1035102,43.32039870163594,-1.9615591980477778,119,4.621
1035102,43.32033735986568,-1.9617452333039838,120,4.638
1035102,43.32022121622688,-1.9618458725897878,121,4.653
1035102,43.31973460587279,-1.9618048283144904,122,4.707
1035102,43.31926588955483,-1.9617511474235017,123,4.76
1035102,43.31875316557029,-1.9618092080980123,124,4.817
1035102,43.31847440794049,-1.9618509516933464,125,4.848
1035102,43.31801547806319,-1.961883430303498,126,4.899
1035102,43.317314026286,-1.9619816978045153,127,4.977
1035102,43.31719832991465,-1.962131652162232,128,4.995
1035102,43.31735529673825,-1.9625606035044951,129,5.034
1035102,43.31762941301573,-1.962999896730713,130,5.081
1035102,43.31798366071517,-1.9633391738417934,131,5.129
1035102,43.3183908081651,-1.9635542327043476,132,5.177
1035102,43.31862712129075,-1.9637968625463222,133,5.21
1035102,43.31879140975463,-1.9640407180538024,134,5.237
1035102,43.31897482034961,-1.9644075742277347,135,5.273
1035102,43.319202686800494,-1.9647120154301931,136,5.308
1035102,43.3194206566806,-1.9649179668160015,137,5.338
1035102,43.319548595982184,-1.9651254478465316,138,5.36
1035102,43.319098029245055,-1.9660826939490066,139,5.452
1035102,43.31890453194687,-1.9665916039137756,140,5.499
1035102,43.31849818859343,-1.967461753868215,141,5.582
1035102,43.31818942574328,-1.968169921660374,142,5.649
1035102,43.318092617040996,-1.9684182048190768,143,5.672
1035102,43.31790800102528,-1.9689146165436833,144,5.717
1035102,43.317678367635324,-1.9694117861672904,145,5.765
1035102,43.31736058942973,-1.9701200867808355,146,5.832
1035102,43.31703413656943,-1.9708655224923084,147,5.903
1035102,43.31673435526033,-1.9715735044509393,148,5.969
1035102,43.316549614472514,-1.9720575656821226,149,6.014
1035102,43.31639866809394,-1.9722944165132414,150,6.039
1035102,43.316491246574095,-1.9725764902784784,151,6.064
1035102,43.316538476906544,-1.9728223330207686,152,6.085
1035102,43.31653379176408,-1.9733033571322267,153,6.124
1035102,43.31652076534912,-1.9738585131116368,154,6.169
1035102,43.31651497000078,-1.9742162364448406,155,6.198
1035102,43.31653562991177,-1.9745118551650105,156,6.222
1035102,43.3167443583759,-1.9746933242561406,157,6.249
1035102,43.31706946309459,-1.9747988457681889,158,6.286
1035102,43.317447149165424,-1.974743166886847,159,6.329
1035102,43.31770801659182,-1.9747141160363373,160,6.358
1035102,43.31830144413542,-1.9746178110164383,161,6.424
1035102,43.318768386567676,-1.974474301900013,162,6.477
1035102,43.31909194346765,-1.9744071973330022,163,6.514
1035102,43.31935236838379,-1.9743288215766892,164,6.543
1035102,43.32007062137679,-1.9740947506436202,165,6.625
1035102,43.320430632595375,-1.974076359890299,166,6.665
1035102,43.320780755764154,-1.973959472979023,167,6.705
1035102,43.32097114714041,-1.9741042626170002,168,6.729
1035102,43.321143864031534,-1.974286349109591,169,6.754
1035102,43.32118987454075,-1.9743965708274303,170,6.764
1035102,43.321136851444514,-1.9745084585639066,171,6.775
1035102,43.32107736764592,-1.974904110260733,172,6.808
1035102,43.32096717808198,-1.9756705982084894,173,6.871
1035102,43.320898687188006,-1.9760663989525031,174,6.904
1035102,43.32083908760747,-1.976449716734226,175,6.936
1035102,43.32083185013161,-1.9766471630157458,176,6.952
1035102,43.32095131692822,-1.9769164797606718,177,6.977
1035102,43.321134135306515,-1.977221733280708,178,7.009
1035102,43.321225709583715,-1.9773928572721027,179,7.026
1035102,43.321281712341694,-1.9776139099035872,180,7.045
1035102,43.32119399642488,-1.977874371218918,181,7.069
1035102,43.32096542559841,-1.9784948446622872,182,7.125
1035102,43.320578317872034,-1.9795126160899055,183,7.218
1035102,43.32050004061395,-1.9798222446350238,184,7.245
1035102,43.32035874107053,-1.9801329266426495,185,7.274
1035102,43.320730175544945,-1.9803857014614885,186,7.32
1035102,43.32109260640492,-1.9806386298636751,187,7.366
1035102,43.32138279244343,-1.9808681030912858,188,7.403
1035102,43.321754335171704,-1.9811332176987044,189,7.449
1035102,43.322116764401784,-1.9813861547108804,190,7.495
1035102,43.32238850360455,-1.9815666109641454,191,7.528
1035102,43.32256988251016,-1.981711578651177,192,7.551
1035102,43.32276992601931,-1.9819302346151184,193,7.58
1035102,43.3227181028097,-1.9821777636970157,194,7.601
1035102,43.3224196774435,-1.983046064674625,195,7.679
1035102,43.32222709081435,-1.9836659314405387,196,7.733
1045101,43.322058333446726,-1.983927738865652,2,0.086
1045101,43.32168018035276,-1.984945345177182,3,0.179
1045101,43.321572362350295,-1.9849718062556918,4,0.191
1045101,43.320059322775414,-1.9839240568196366,5,0.379
1045101,43.31995194317437,-1.9839998421275902,6,0.393
1045101,43.319732232306855,-1.984607799805521,7,0.448
1045101,43.3196246332898,-1.9846589220346365,8,0.46
1045101,43.3185642645943,-1.9838873106988097,9,0.594
1045101,43.317930433357354,-1.983490910721436,10,0.671
1045101,43.31771260586886,-1.9832972275773872,11,0.7
1045101,43.31724137623474,-1.9829597871111235,12,0.759
1045101,43.316770145619024,-1.9826223518111412,13,0.818
1045101,43.316045401443006,-1.982128839127935,14,0.908
1045101,43.314921555114616,-1.9813090499406247,15,1.049
1045101,43.31415211959495,-1.9808533087201161,16,1.143
1045101,43.313471833622245,-1.9802974377682878,17,1.231
1045101,43.31327321633194,-1.980239102594027,18,1.253
1045101,43.31289541700331,-1.980282413827995,19,1.295
1045101,43.312239071880796,-1.9803920371887862,20,1.369
1045101,43.31187005566136,-1.9804105378068944,21,1.41
1045101,43.311473480608214,-1.9803678443637542,22,1.454
1045101,43.31088718133123,-1.9802543388207392,23,1.52
1045101,43.310382019549785,-1.9801518092322008,24,1.576
1045101,43.3100759148758,-1.9801569279183358,25,1.61
1045101,43.30976860080181,-1.9800264305742301,26,1.646
1045101,43.30916418495651,-1.9799009037432047,27,1.714
1045101,43.308514753534254,-1.979776132272669,28,1.787
1045101,43.308010251087886,-1.9797475804646159,29,1.843
1045101,43.307631461791104,-1.9796799357824761,30,1.885
1045101,43.307254871988135,-1.979858856155677,31,1.93
1045101,43.307001466017425,-1.9797151343531283,32,1.96
1045101,43.30671984060432,-1.9794362564331285,33,1.999
1045101,43.30635828709863,-1.9792820174640586,34,2.041
1045101,43.30619524134531,-1.9791737773221751,35,2.061
1045101,43.30609433664342,-1.9789658591257782,36,2.081
1045101,43.30611003129205,-1.9787066701689973,37,2.102
1045101,43.306071376522084,-1.9784114018612218,38,2.127
1045101,43.30598024447686,-1.9782896302038755,39,2.141
1045101,43.30550756788601,-1.9777920298236549,40,2.207
1045101,43.30485361492007,-1.9771618510983056,41,2.296
1045101,43.30449995876709,-1.9768842027367768,42,2.341
1045101,43.304253897643136,-1.976555434690945,43,2.379
1045101,43.303872237667704,-1.976167298156421,44,2.432
1045101,43.30339065934126,-1.9756822098767832,45,2.498
1045101,43.302999772482025,-1.9752695808089198,46,2.553
1045101,43.30279192854407,-1.9751867680781552,47,2.577
1045101,43.302681792677994,-1.9749543648407173,48,2.6
1045101,43.30257110378749,-1.9746603262109974,49,2.627
1045101,43.302765192010945,-1.9742132148595821,50,2.669
1045101,43.30350961193029,-1.9728814626956472,51,2.805
1045101,43.30410417800973,-1.9719097573482458,52,2.908
1045101,43.304183764889196,-1.9717481334298148,53,2.923
1045101,43.30430146969854,-1.971820126078891,54,2.938
1045101,43.30433947658748,-1.972041415772008,55,2.956
1045101,43.30457898396739,-1.972641525659495,56,3.012
1045101,43.30486461023486,-1.9733641596466538,57,3.078
1045101,43.30505633011982,-1.9736568435090072,58,3.11
1045101,43.30509521828221,-1.9739767591779607,59,3.136
1045101,43.30522280944215,-1.9741472280180563,60,3.156
1045101,43.30535807663514,-1.974169612479726,61,3.171
1045101,43.3054647864847,-1.9740198616301965,62,3.188
1045101,43.30612928288809,-1.9728126918377802,63,3.311
1045101,43.30651021208266,-1.972115802501067,64,3.382
1045101,43.306741077981506,-1.9717543435425327,65,3.421
1045101,43.3068931324187,-1.9716408104430094,66,3.44
1045101,43.30708153155068,-1.9715636539868835,67,3.462
1045101,43.3072793771346,-1.9715356579761047,68,3.484
1045101,43.308027185289276,-1.9715846995149644,69,3.567
1045101,43.30882901168024,-1.9716328312836486,70,3.656
1045101,43.309270050593085,-1.9716130644108427,71,3.705
1045101,43.30959471487891,-1.9716692426506464,72,3.741
1045101,43.31007232021747,-1.9717105122286755,73,3.794
1045101,43.31063995605264,-1.9717502644632035,74,3.858
1045101,43.311099111805426,-1.9717425229671857,75,3.909
1045101,43.31128873014903,-1.971800980227978,76,3.93
1045101,43.311318311347094,-1.97108529089224,77,3.988
1045101,43.311331768687566,-1.9705794979683782,78,4.029
1045101,43.31136633812858,-1.97041861297988,79,4.043
1045101,43.31134588992805,-1.970147678880918,80,4.065
1045101,43.31143336661255,-1.969862591081834,81,4.09
1045101,43.31136712427206,-1.9695061144353594,82,4.12
1045101,43.31124797375026,-1.9692738414548965,83,4.143
1045101,43.31111859711935,-1.9689061031018054,84,4.176
1045101,43.31081727189378,-1.968442628290642,85,4.226
1045101,43.31050794298447,-1.9680902698436724,86,4.271
1045101,43.31027152753128,-1.967835326115627,87,4.305
1045101,43.310044671013735,-1.9676418756036944,88,4.334
1045101,43.309900065866145,-1.96758267041768,89,4.351
1045101,43.309745344588784,-1.9674003312256638,90,4.374
1045101,43.3094918122097,-1.967244327198777,91,4.405
1045101,43.30921127048985,-1.967088781871348,92,4.438
1045101,43.308940065679316,-1.9669700709731042,93,4.47
1045101,43.308723769916675,-1.9669490737623299,94,4.494
1045101,43.30858716511435,-1.9667787630554332,95,4.514
1045101,43.308162239881874,-1.9665886776485653,96,4.564
1045101,43.30788158585811,-1.9664208103397396,97,4.598
1045101,43.307763766363564,-1.9663364958173128,98,4.613
1045101,43.307474108929895,-1.9661687833369847,99,4.648
1045101,43.3072570328729,-1.9660614922490132,100,4.673
1045101,43.30698660720254,-1.9660290863168293,101,4.704
1045101,43.306735079217475,-1.9660949998487884,102,4.732
1045101,43.30606773937856,-1.9659830133100766,103,4.807
1045101,43.305769858652454,-1.9659017546855442,104,4.84
1045101,43.30550698672617,-1.9657089360132005,105,4.873
1045101,43.305324807361075,-1.965477761527043,106,4.901
1045101,43.30515062671406,-1.9651354861113297,107,4.935
1045101,43.30497198066047,-1.96430010491951,108,5.006
1045101,43.304896718313984,-1.963943825191094,109,5.036
1045101,43.30495873447387,-1.9638318056009103,110,5.047
1045101,43.30507566231558,-1.9638174897842116,111,5.06
1045101,43.30519124977093,-1.9636552410963637,112,5.078
1045101,43.305234142305146,-1.9634202492010289,113,5.098
1045101,43.30530203162026,-1.962962898323861,114,5.136
1045101,43.30505481281148,-1.9625109059218493,115,5.182
1045101,43.30394872163172,-1.958707610347185,116,5.514
1045101,43.30359513402778,-1.9584424012532764,117,5.559
1045101,43.30316691708727,-1.958881235345755,118,5.618
1045101,43.30309500506632,-1.9588947918488384,119,5.626
1045101,43.30290257440803,-1.958528200894759,120,5.663
1045101,43.30253717588481,-1.9579549716143414,121,5.724
1045101,43.30210909047029,-1.957419807546145,122,5.789
1045101,43.30173592014451,-1.9569823434228117,123,5.843
1045101,43.30157296628217,-1.9568864982345713,124,5.863
1045101,43.301419240240925,-1.9568151534905684,125,5.881
1045101,43.301264951922,-1.9566821745321437,126,5.901
1045101,43.301029523751495,-1.9565382552368202,127,5.93
1045101,43.30080309842792,-1.9563941830323086,128,5.958
1045101,43.30048675515743,-1.956263978895867,129,5.994
1045101,43.300035591347495,-1.95616074001399,130,6.045
1045101,43.2997020293305,-1.956117132927435,131,6.082
1045101,43.299233534379,-1.9560881634594207,132,6.134
1045101,43.29901779922953,-1.9561288398353436,133,6.159
1045101,43.298547728999665,-1.9559273014341738,134,6.213
1045101,43.29830284666373,-1.9557342401150828,135,6.245
1045101,43.298011485396444,-1.955381709649621,136,6.288
1045101,43.297729126089685,-1.9550290283545084,137,6.33
1045101,43.29746477176825,-1.9546760418366342,138,6.371
1045101,43.2973108190125,-1.9545800550804449,139,6.39
1045101,43.29708360242703,-1.9543497162879544,140,6.422
1045101,43.296956771182316,-1.9542655940717593,141,6.437
1045101,43.29685830138279,-1.9543289214289006,142,6.449
1045101,43.29674317764259,-1.954540469030393,143,6.471
1045101,43.296627377586795,-1.9546780600241433,144,6.488
1045101,43.2963388300583,-1.9546336919223943,145,6.52
1045101,43.29584264950839,-1.954531242821696,146,6.576
1045101,43.29553587048725,-1.954462532937669,147,6.61
1045101,43.29533791652356,-1.9544782524063309,148,6.632
1045101,43.29514716264035,-1.9542966068057808,149,6.658
1045101,43.29465897037202,-1.954083077846868,150,6.715
1045101,43.29405317461053,-1.9538099314599415,151,6.786
1045102,43.29477646060687,-1.9541303741296723,2,0.084
1045102,43.29520140620075,-1.9543203324523877,3,0.134
1045102,43.295590001337224,-1.9544739331186238,4,0.179
1045102,43.296050169837294,-1.9545769983625803,5,0.23
1045102,43.2966094841867,-1.9546906944624718,6,0.293
1045102,43.29669906383311,-1.9546398481788574,7,0.304
1045102,43.29679629439078,-1.954440935466674,8,0.323
1045102,43.29691186875219,-1.9542786915921606,9,0.342
1045102,43.29705625526507,-1.9543132009889115,10,0.358
1045102,43.29721043361074,-1.95443383884999,11,0.378
1045102,43.29735515811008,-1.954505327114407,12,0.395
1045102,43.29760150689569,-1.9548586206882421,13,0.434
1045102,43.29799302899756,-1.9553327129416285,14,0.492
1045102,43.298257268777256,-1.9556733790543466,15,0.533
1045102,43.298556844553005,-1.9559394737346232,16,0.572
1045102,43.29888174121197,-1.9560202124947164,17,0.609
1045102,43.29915160701113,-1.9559909379696512,18,0.639
1045102,43.299314561628094,-1.9560867770720562,19,0.659
1045102,43.29975593498433,-1.956103882074163,20,0.708
1045102,43.300179864778165,-1.9561829288077819,21,0.755
1045102,43.30068549667265,-1.9563345511291703,22,0.813
1045102,43.30113812237489,-1.956598041835948,23,0.868
1045102,43.30139943504538,-1.9566182303322621,24,0.897
1045102,43.301478887744125,-1.95644426715884,25,0.913
1045102,43.30164116714633,-1.9564661490836086,26,0.931
1045102,43.301705875284526,-1.9566499761084224,27,0.948
1045102,43.30174391135024,-1.9568712463984008,28,0.966
1045102,43.30183585274221,-1.957079266491272,29,0.986
1045102,43.30206306393362,-1.9573096331577182,30,1.017
1045102,43.30235486876591,-1.957711504535329,31,1.063
1045102,43.302728822385426,-1.9582352680431472,32,1.123
1045102,43.30293926002647,-1.9586015496380178,33,1.161
1045102,43.30315014533186,-1.959017142981546,34,1.202
1045102,43.3033162383071,-1.9594581617467612,35,1.242
1045102,43.30352857786791,-1.9600340166383416,36,1.294
1045102,43.3037597048193,-1.9606958608110132,37,1.354
1045102,43.30404596564598,-1.961480065247174,38,1.425
1045102,43.304470957210995,-1.9626687899831012,39,1.532
1045102,43.30475686947417,-1.96341603008229,40,1.601
1045102,43.30489537812151,-1.9637958930899733,41,1.635
1045102,43.30503075880017,-1.9638305821527977,42,1.65
1045102,43.30512101257921,-1.9638537082771388,43,1.661
1045102,43.30512224103282,-1.9639893132068011,44,1.672
1045102,43.30505189160484,-1.9641754520801247,45,1.689
1045102,43.30499065654021,-1.9643737653717648,46,1.706
1045102,43.30513139353088,-1.9650001865880382,47,1.759
1045102,43.3052973521748,-1.965428908546453,48,1.799
1045102,43.30558868302593,-1.9657815290344125,49,1.842
1045102,43.30582409985368,-1.9659254946479487,50,1.87
1045102,43.306103863016126,-1.9659947307602335,51,1.902
1045102,43.306491216858596,-1.9660128241482053,52,1.945
1045102,43.30684211267283,-1.9659822158771747,53,1.984
1045102,43.30737418388912,-1.9660718364464542,54,2.044
1045102,43.30764438663566,-1.9660795862631133,55,2.074
1045102,43.30777943227909,-1.9660772970554026,56,2.089
1045102,43.30787013138855,-1.9661497406168533,57,2.1
1045102,43.307889474696196,-1.9662973748771162,58,2.112
1045102,43.30795372161994,-1.9664319181266767,59,2.125
1045102,43.30816179428582,-1.9665393642661502,60,2.15
1045102,43.30848590384218,-1.9665338724847492,61,2.186
1045102,43.30869520163535,-1.966776932868607,62,2.217
1045102,43.30914746974269,-1.9670035493514775,63,2.27
1045102,43.30957261693964,-1.9672182978680763,64,2.32
1045102,43.30988983852202,-1.9674472071360298,65,2.36
1045102,43.310143704493065,-1.967640199248845,66,2.393
1045102,43.31035977753273,-1.967636541717794,67,2.417
1045102,43.31056140503528,-1.9680277116695248,68,2.455
1045102,43.31083449953655,-1.968356021476811,69,2.496
1045102,43.31114438349577,-1.968770027926648,70,2.544
1045102,43.31133678188368,-1.9691367008667553,71,2.58
1045102,43.31145537714934,-1.9693073287983902,72,2.6
1045102,43.31161309440631,-1.969822562398135,73,2.645
1045102,43.311821052894246,-1.9699176972779566,74,2.669
1045102,43.31188673892799,-1.9702125314760686,75,2.694
1045102,43.31183960090016,-1.9709778480712752,76,2.757
1045102,43.311826585335105,-1.9715329615767876,77,2.802
1045102,43.31179478525686,-1.972002074685086,78,2.84
1045102,43.311317401775106,-1.9719854599213158,79,2.893
1045102,43.311047531787565,-1.9720146706233042,80,2.923
1045102,43.31090292881368,-1.9719554540970152,81,2.94
1045102,43.310578597194585,-1.9719362598225658,82,2.976
1045102,43.310019853627956,-1.971884025375567,83,3.038
1045102,43.30945243943246,-1.9718689294433438,84,3.101
1045102,43.30917378797667,-1.971922948514405,85,3.132
1045102,43.30855135788639,-1.9717978068234259,86,3.202
1045102,43.30819079221576,-1.9717545642472925,87,3.242
1045102,43.30785745737215,-1.9717355234006277,88,3.279
1045102,43.307587143922156,-1.971715420260665,89,3.309
1045102,43.30729893518244,-1.9717079490326197,90,3.341
1045102,43.307082972591594,-1.9717239198990095,91,3.365
1045102,43.30686789665489,-1.971838515471701,92,3.391
1045102,43.306672156395834,-1.9721007435280946,93,3.421
1045102,43.30639771382963,-1.9726232232636833,94,3.474
1045102,43.30583236388895,-1.9738410622973774,95,3.591
1045102,43.30553946481781,-1.9743145184638147,96,3.641
1045102,43.30558713318696,-1.974609630062433,97,3.666
1045102,43.305472524524774,-1.9748828098595013,98,3.691
1045102,43.30532002477507,-1.9749470210108937,99,3.709
1045102,43.305193208311955,-1.9748628446500016,100,3.724
1045102,43.3048393816103,-1.975571576055754,101,3.794
1045102,43.30442274955914,-1.9763060121747271,102,3.87
1045102,43.30437016542039,-1.976467177718926,103,3.884
1045102,43.304788057271644,-1.9768793706344725,104,3.941
1045102,43.30510526010392,-1.9771083130326177,105,3.981
1045102,43.30543322911015,-1.9775343522254643,106,4.031
1045102,43.30576953861742,-1.9778862777101387,107,4.078
1045102,43.30602404835642,-1.9781532686446868,108,4.114
1045102,43.306332906309756,-1.978456341154765,109,4.156
1045102,43.30664099287152,-1.9786731201230643,110,4.194
1045102,43.30707578253767,-1.9789617602299767,111,4.248
1045102,43.307410547275694,-1.9791411075752445,112,4.288
1045102,43.30760170252763,-1.9793721805317988,113,4.316
1045102,43.307854668882776,-1.979466588934663,114,4.345
1045102,43.30821501210511,-1.9794852201463289,115,4.385
1045102,43.30872072454595,-1.979649383442489,116,4.443
1045102,43.309171648415905,-1.9797281527475281,117,4.494
1045102,43.30986631515517,-1.9798768294402938,118,4.572
1045102,43.31037059749374,-1.9798807252101462,119,4.628
1045102,43.310714253876235,-1.9800476074952646,120,4.668
1045102,43.31112905512023,-1.9801146552829445,121,4.715
1045102,43.31137235808517,-1.9801352482263153,122,4.742
1045102,43.311625653529795,-1.9802666526438948,123,4.772
1045102,43.311895855755424,-1.9802744655551054,124,4.802
1045102,43.31210303643664,-1.9802833322975038,125,4.825
1045102,43.312193726744034,-1.9803558021715557,126,4.837
1045102,43.312367313025206,-1.9806365148164888,127,4.866
1045102,43.312684508404516,-1.9808655046078112,128,4.906
1045102,43.3130289322454,-1.9811187042534844,129,4.95
1045102,43.31345471266258,-1.9814075416710308,130,5.002
1045102,43.31378047044341,-1.98158707097187,131,5.041
1045102,43.31437906416846,-1.9820703337057708,132,5.119
1045102,43.31497721711699,-1.9825042867162461,133,5.194
1045102,43.315647393066186,-1.9829370468255691,134,5.276
1045102,43.31626343932272,-1.98335838693233,135,5.352
1045102,43.316915934593695,-1.983828455994529,136,5.434
1045102,43.31763166852082,-1.9843221458439233,137,5.523
1045102,43.31711498826945,-1.9839361270466578,138,5.589
1045102,43.318482884326244,-1.984862920608755,139,5.758
1045102,43.31872093141926,-1.9842916680359173,140,5.812
1045102,43.318904957154835,-1.9837213114507368,141,5.862
1045102,43.3191868077587,-1.9830136627492394,142,5.928
1045102,43.319424626023554,-1.9824177351145456,143,5.983
1045102,43.319608532492396,-1.9818350357067702,144,6.034
1045102,43.31981110109644,-1.981326016498137,145,6.081
1045102,43.31996063792723,-1.9809288740294466,146,6.117
1045102,43.32010106037302,-1.9805195493640724,147,6.154
1045102,43.320197785479444,-1.980258945853827,148,6.178
1045102,43.320294949873315,-1.9800476649268808,149,6.198
1045102,43.32064848835008,-1.980313071054246,150,6.243
1045102,43.32102047199304,-1.9806275031433473,151,6.291
1045102,43.32137378938037,-1.9808682535940798,152,6.335
1045102,43.32181779602844,-1.981181489088851,153,6.391
1045102,43.32216210920144,-1.9814223962593298,154,6.434
1045102,43.322515534737185,-1.9816754870387605,155,6.478
1045102,43.32278782237407,-1.981917602546425,156,6.514
1045102,43.32262982791347,-1.9823765681575756,157,6.555
1045102,43.322473476542896,-1.9830205009480208,158,6.61
1065101,43.322304611062435,-1.983269979933704,2,0.068
1065101,43.32170675178388,-1.9848955708504532,3,0.215
1065101,43.32163560275107,-1.9849954192502548,4,0.227
1065101,43.32034917380194,-1.9841165493813995,5,0.386
1065101,43.31910753430114,-1.9832123042700671,6,0.543
1065101,43.319362262781816,-1.9824927709860498,7,0.607
1065101,43.319493248839976,-1.9820342813894682,8,0.647
1065101,43.31981110109644,-1.981326016498137,9,0.715
1065101,43.32016298256355,-1.9803951872732461,10,0.8
1065101,43.32051474629051,-1.979452016514641,11,0.886
1065101,43.320927871296874,-1.9783228144511946,12,0.988
1065101,43.32133275384355,-1.9772800656334524,13,1.084
1065101,43.32151784732492,-1.976832974811752,14,1.125
1065101,43.32161390177762,-1.9764983728884111,15,1.155
1065101,43.32186472133417,-1.9753471922761034,16,1.252
1065101,43.321949115570796,-1.9747167895784277,17,1.304
1065101,43.32208907307265,-1.974258112821458,18,1.344
1065101,43.32227895207899,-1.9733422692674767,19,1.422
1065101,43.32232086723719,-1.972996236615456,20,1.45
1065101,43.322316326006764,-1.9724906561134006,21,1.491
1065101,43.32226565885933,-1.9718625226455455,22,1.542
1065101,43.32228856536096,-1.9714058119265319,23,1.579
1065101,43.32224267734647,-1.9703089418461768,24,1.668
1065101,43.3222073377176,-1.9693845581293978,25,1.743
1065101,43.322113411206026,-1.9679555115615703,26,1.86
1065101,43.322071610884386,-1.9673149007599369,27,1.912
1065101,43.32204215187128,-1.9670440728834566,28,1.934
1065101,43.322037584354085,-1.9665384956390066,29,1.975
1065101,43.32200332953108,-1.9657374292035623,30,2.04
1065101,43.3219384880907,-1.9645422263769998,31,2.137
1065101,43.321848583772805,-1.9625704732544005,32,2.298
1065101,43.32179215235648,-1.9613134686747935,33,2.4
1065101,43.32175875758556,-1.96061105767019,34,2.457
1065101,43.32167436789252,-1.9602425075146532,35,2.488
1065101,43.32170499718104,-1.9596500025102972,36,2.536
1065101,43.321639530721164,-1.9583931580339053,37,2.639
1065101,43.32160476935383,-1.9575427783886585,38,2.708
1065101,43.321547153930446,-1.9571491095611857,39,2.74
1065101,43.321571463938966,-1.956852703072456,40,2.764
1065101,43.32150551634776,-1.955546540942846,41,2.87
1065101,43.32144889511208,-1.954277220442621,42,2.974
1065101,43.3213766241865,-1.9532671620596271,43,3.056
1065101,43.32136197656574,-1.952650768556869,44,3.106
1065101,43.321312064704976,-1.9511346806099732,45,3.229
1065101,43.32128602606264,-1.9502594938274735,46,3.3
1065101,43.32124661805608,-1.9498901861144322,47,3.33
1065101,43.321305335426736,-1.9494205249727585,48,3.369
1065101,43.32130753956107,-1.9486805137088616,49,3.429
1065101,43.32132536244395,-1.9476812421508538,50,3.51
1065101,43.321335422805745,-1.9468177659702723,51,3.58
1065101,43.32134638578503,-1.9460529370742357,52,3.642
1065101,43.32130537261107,-1.9455109990914454,53,3.686
1065101,43.3211654380578,-1.9449831066067003,54,3.732
1065101,43.321118147946095,-1.9447372680095119,55,3.752
1065101,43.32100897457103,-1.9446158294723577,56,3.768
1065101,43.32091644124145,-1.9443461095787935,57,3.792
1065101,43.32066709924897,-1.943672125452419,58,3.853
1065101,43.32052031812871,-1.9433786832139528,59,3.882
1065101,43.32041627167876,-1.9428378474047925,60,3.928
1065101,43.32012634586075,-1.9416712732404884,61,4.028
1065101,43.31994912606632,-1.9410083886049783,62,4.085
1065101,43.3198530432613,-1.9403564301929381,63,4.139
1065101,43.319737007261224,-1.9394951671962768,64,4.21
1065101,43.31985755860896,-1.9389011058141385,65,4.26
1065101,43.31997982373537,-1.9384920014922136,66,4.296
1065101,43.31997845024585,-1.9383440340079205,67,4.308
1065101,43.320028346283166,-1.9378991905774428,68,4.344
1065101,43.319919852911354,-1.9378517502168464,69,4.357
1065101,43.31982730376892,-1.9375820456900716,70,4.381
1065101,43.31959231086624,-1.9374874803645878,71,4.408
1065101,43.31945703762197,-1.9374651728074153,72,4.423
1065101,43.31910356204044,-1.9381866145264877,73,4.494
1065101,43.31896020178073,-1.9382631057019633,74,4.511
1065101,43.318805892446484,-1.9381301367203316,75,4.531
1065101,43.318759503795754,-1.9379829562076978,76,4.544
1065101,43.319077310110515,-1.9372991364709746,77,4.61
1065101,43.319333925901816,-1.9368136966147527,78,4.658
1065101,43.319430206754014,-1.9365160375037298,79,4.685
1065101,43.3196960515047,-1.9360550955768843,80,4.732
1065101,43.319792100854755,-1.9357327723768984,81,4.761
1065101,43.31986079612803,-1.9353739280336122,82,4.791
1065101,43.319902825930114,-1.9350525464826396,83,4.817
1065101,43.31981881375789,-1.93473336680442,84,4.845
1065101,43.31973457092302,-1.934389526904836,85,4.874
1065101,43.319768054720974,-1.934117625055949,86,4.896
1065101,43.31991938058935,-1.9339299903807234,87,4.919
1065101,43.320260457415856,-1.9338130321889455,88,4.958
1065101,43.3203215235028,-1.9336023086106602,89,4.977
1065101,43.320266356089064,-1.933479946843546,90,4.988
1065101,43.32005894374293,-1.9334465773278013,91,5.011
1065101,43.319879000147175,-1.9334620578539252,92,5.031
1065101,43.31964377400074,-1.9333428473293395,93,5.059
1065101,43.3194458245484,-1.9333586430468361,94,5.081
1065101,43.31933916930812,-1.9335084988213365,95,5.098
1065101,43.31930499717946,-1.9337064162464173,96,5.115
1065101,43.3192648098305,-1.9342250828810537,97,5.157
1065101,43.31914880581682,-1.9343381027480584,98,5.173
1065101,43.319030963384584,-1.9342538355290475,99,5.188
1065101,43.31896575943316,-1.9340206595032559,100,5.208
1065101,43.3187761571201,-1.9330003876059159,101,5.293
1065101,43.31870298322659,-1.932878344619058,102,5.306
1065101,43.31873749915553,-1.932717419768151,103,5.32
1065101,43.31865014198306,-1.9320406699231876,104,5.375
1065101,43.31855527558074,-1.931524373890911,105,5.419
1065101,43.318542355168574,-1.9311053012920354,106,5.453
1065101,43.31840628311323,-1.930034777037339,107,5.541
1065101,43.3182964021606,-1.9298393889488383,108,5.561
1065101,43.318177633357315,-1.9296564898404918,109,5.581
1065101,43.317997344135,-1.929634990392214,110,5.601
1065101,43.3177553037928,-1.9297502289460284,111,5.629
1065101,43.317604446221246,-1.9299871875318053,112,5.655
1065101,43.31749917942332,-1.9302850055969172,113,5.682
1065101,43.31718776688125,-1.9306850946877279,114,5.729
1065101,43.316841263057874,-1.9311844506821005,115,5.785
1065101,43.316529732052324,-1.9315722009584357,116,5.832
1065101,43.31663095261722,-1.931804734116737,117,5.854
1065101,43.31664225854878,-1.9320511748492153,118,5.874
1065101,43.31659088875509,-1.9323357089653082,119,5.897
1065101,43.316449143692836,-1.9325848289565652,120,5.923
1065101,43.316405394815675,-1.9327212456378948,121,5.935
1065101,43.3164964596698,-1.9328306388564558,122,5.948
1065101,43.316461713432524,-1.932966897924872,123,5.96
1065101,43.316345940624764,-1.9331045745951565,124,5.977
1065101,43.316338777881846,-1.9333020099871407,125,5.993
1065101,43.316458460721186,-1.9335835500036154,126,6.02
1065101,43.31659649356609,-1.9339017660649127,127,6.05
1065101,43.31667981847475,-1.9341469481315305,128,6.072
1065101,43.316682346194156,-1.9344182068166627,129,6.094
1065101,43.316602813102584,-1.9345799118629934,130,6.109
1065101,43.31635904456789,-1.9345101799904658,131,6.137
1065101,43.31611470157905,-1.934378799525737,132,6.166
1065101,43.31590763399654,-1.934382418293072,133,6.189
1065101,43.31573738231194,-1.9344717159300917,134,6.209
1065101,43.31543277560846,-1.9346373508160994,135,6.246
1065101,43.315208046660736,-1.9346782721408198,136,6.271
1065101,43.31503618680662,-1.9345949533613012,137,6.291
1065101,43.314851762411344,-1.9341295756576695,138,6.334
1065101,43.31470495719376,-1.9338361845881897,139,6.363
1065101,43.31451532076069,-1.9337778426986518,140,6.385
1065101,43.314371273735404,-1.9337803613849895,141,6.401
1065101,43.31426369823404,-1.9338315681856428,142,6.413
1065101,43.31427408035663,-1.9339793641996044,143,6.425
1065101,43.31423205322568,-1.934300716685272,144,6.452
1065101,43.314118346207316,-1.934660315349878,145,6.484
1065101,43.313992994089844,-1.9347364937372395,146,6.499
1065101,43.31353081093225,-1.9353857957961007,147,6.572
1065101,43.31334381472455,-1.9356110233332298,148,6.6
1065101,43.31303089151176,-1.9358507781879801,149,6.64
1065101,43.31284355024705,-1.9360390149259008,150,6.666
1065101,43.312619164701296,-1.9361169165478376,151,6.691
1065101,43.312019292482056,-1.9364849807515252,152,6.764
1065101,43.31213053755738,-1.936828309508497,153,6.795
1065101,43.312277335109265,-1.9371216956680188,154,6.824
1065101,43.312377971593094,-1.9372925767706124,155,6.841
1065101,43.31260350364811,-1.9373379710619882,156,6.867
1065101,43.31286309987627,-1.937173142095599,157,6.899
1065101,43.31315004847174,-1.9370448286184296,158,6.932
1065101,43.313330680425,-1.9371033363995918,159,6.953
1065101,43.313467557883804,-1.9372982514079538,160,6.975
1065101,43.313533098642786,-1.9375683981100336,161,6.998
1065101,43.31353596161545,-1.9378766310561653,162,7.023
1065101,43.313454935042415,-1.9378780423255495,163,7.032
1065101,43.313238291653,-1.9378201593892468,164,7.056
1065101,43.31304980215945,-1.9378850985844709,165,7.078
1065101,43.31280115384464,-1.9382593641909749,166,7.119
1065101,43.31266725404465,-1.9383850068436161,167,7.137
1065101,43.31255033006845,-1.9383993734261227,168,7.15
1065101,43.31229801841826,-1.93837910356992,169,7.178
1065101,43.312136194096595,-1.9384065827214236,170,7.196
1065101,43.31200183637752,-1.938482907610435,171,7.212
1065101,43.31189620370255,-1.9387436969163991,172,7.236
1065101,43.31189894904934,-1.9390395927148387,173,7.26
1065101,43.31202579105193,-1.939123703051378,174,7.276
1065101,43.31200972914166,-1.939333609544787,175,7.293
1065101,43.31211902233725,-1.939467349945141,176,7.31
1065101,43.31218032798133,-1.9392813182222288,177,7.326
1065102,43.312299653147896,-1.9395258639974389,2,0.023
1065102,43.31237930781789,-1.9393765058779149,3,0.038
1065102,43.312296909038906,-1.9392299662083838,4,0.053
1065102,43.312125738472965,-1.9392206125844302,5,0.072
1065102,43.31200950045491,-1.939308951512857,6,0.087
1065102,43.31189314802717,-1.9393849611087832,7,0.101
1065102,43.3117841977831,-1.9392882082558935,8,0.116
1065102,43.31180071708454,-1.939127618420935,9,0.129
1065102,43.31189883467516,-1.9390272637224046,10,0.143
1065102,43.31190440578957,-1.9386572372991968,11,0.173
1065102,43.312019613420574,-1.9384579361607794,12,0.193
1065102,43.31214496816563,-1.9383817679199478,13,0.209
1065102,43.31234303319762,-1.938378319933577,14,0.231
1065102,43.312631356668014,-1.9383979628939085,15,0.263
1065102,43.3127746028072,-1.9383091510988768,16,0.28
1065102,43.31300513088741,-1.9379228702387312,17,0.32
1065102,43.313175385489885,-1.9378335863363156,18,0.341
1065102,43.31336444749833,-1.937830293259615,19,0.362
1065102,43.313463937995024,-1.93787788551813,20,0.373
1065102,43.31354210159436,-1.9375682412564765,21,0.4
1065102,43.3134952541002,-1.9373717565782178,22,0.417
1065102,43.3133399125434,-1.9371278380305932,23,0.443
1065102,43.313087142406914,-1.9370582563423435,24,0.472
1065102,43.31263051250522,-1.937337500414326,25,0.527
1065102,43.31242333003901,-1.9373287796047314,26,0.55
1065102,43.312259558363934,-1.9371466676084994,27,0.574
1065102,43.312139998947906,-1.9368774686830157,28,0.599
1065102,43.31206614145467,-1.9366814599850144,29,0.617
1065102,43.312010404179624,-1.936497466761448,30,0.633
1065102,43.312189201980566,-1.936358707232558,31,0.656
1065102,43.312439908515195,-1.9362063614205614,32,0.687
1065102,43.31278030020917,-1.9360154561354388,33,0.727
1065102,43.313021200223034,-1.9357769600532393,34,0.76
1065102,43.31324535602767,-1.9356743981396045,35,0.787
1065102,43.313459361205844,-1.9354486996662406,36,0.817
1065102,43.31368190969325,-1.935173525051728,37,0.85
1065102,43.31392177440626,-1.9348240576175582,38,0.889
1065102,43.31413485892558,-1.9344997182295522,39,0.924
1065102,43.31424013701003,-1.9342019237720025,40,0.951
1065102,43.31429070705255,-1.9338310959578247,41,0.982
1065102,43.314515090865676,-1.9337531836981388,42,1.007
1065102,43.314750431639,-1.9338847157253285,43,1.036
1065102,43.31488834869806,-1.9341905940695798,44,1.065
1065102,43.315016457889136,-1.934410323891657,45,1.088
1065102,43.315126560783916,-1.9346303692321953,46,1.109
1065102,43.31529807606509,-1.9346766992436288,47,1.129
1065102,43.31556701568274,-1.9345486833443348,48,1.16
1065102,43.31580894631641,-1.9344211382873253,49,1.189
1065102,43.31600655143457,-1.9343683577788264,50,1.211
1065102,43.3161689489753,-1.934402515167338,51,1.23
1065102,43.316385938510535,-1.9344973781472083,52,1.255
1065102,43.31657591915182,-1.9345927137174503,53,1.277
1065102,43.31666502958524,-1.9344925011138772,54,1.29
1065102,43.31666296164385,-1.9342705622447214,55,1.308
1065102,43.31660653088351,-1.9340125779670008,56,1.33
1065102,43.316542246072906,-1.9338780507120954,57,1.343
1065102,43.316449227840835,-1.933559047680372,58,1.371
1065102,43.316320657010515,-1.9332899951210791,59,1.397
1065102,43.31627357207851,-1.9330688452570768,60,1.416
1065102,43.31629816503287,-1.9328094456474068,61,1.437
1065102,43.31641393748152,-1.93267176853341,62,1.454
1065102,43.31654598920278,-1.9323488270834832,63,1.484
1065102,43.316588816631516,-1.932113770521845,64,1.504
1065102,43.31664076165811,-1.9318908858508537,65,1.523
1065102,43.316529732052324,-1.9315722009584357,66,1.551
1065102,43.3168147151863,-1.9312342439436427,67,1.593
1065102,43.31705445211504,-1.9308724130483055,68,1.633
1065102,43.317258406764495,-1.93053587105902,69,1.668
1065102,43.31748013556109,-1.93017435072731,70,1.706
1065102,43.317764075937724,-1.9297254106331287,71,1.755
1065102,43.31788803960121,-1.9295012551581587,72,1.777
1065102,43.31802146747774,-1.9293262614378754,73,1.798
1065102,43.318137351035524,-1.9292009040505902,74,1.814
1065102,43.31826085173998,-1.9289274251889348,75,1.84
1065102,43.31850900644184,-1.928503767028064,76,1.884
1065102,43.31877597431159,-1.9281661012359377,77,1.925
1065102,43.31895545480302,-1.9281012839352085,78,1.945
1065102,43.31911796953772,-1.9281477564979062,79,1.964
1065102,43.31929999222637,-1.9283542085530458,80,1.99
1065102,43.31939429549945,-1.928808853317355,81,2.028
1065102,43.31946089554147,-1.9291899909653976,82,2.06
1065102,43.31941484098872,-1.9300417423710692,83,2.13
1065102,43.31953291713487,-1.9301506629031095,84,2.145
1065102,43.31964949369528,-1.9300992870408333,85,2.159
1065102,43.31969300858443,-1.929938200171016,86,2.173
1065102,43.31970709103797,-1.9295186459799571,87,2.207
1065102,43.31984906000963,-1.9292941666506631,88,2.231
1065102,43.31999933862677,-1.9289955445931521,89,2.26
1065102,43.32014015149579,-1.9286477568023732,90,2.293
1065102,43.32023594871762,-1.928300758713501,91,2.323
1065102,43.32022382550543,-1.9279679899025977,92,2.35
1065102,43.320085776177024,-1.9276497688327074,93,2.38
1065102,43.31988458994155,-1.9273203274545787,94,2.415
1065102,43.319738114347814,-1.9270639207360718,95,2.441
1065102,43.319681088732494,-1.9267442779114836,96,2.468
1065102,43.319794538735025,-1.9263599708849852,97,2.501
1065102,43.320088161374784,-1.9259848210282404,98,2.546
1065102,43.32035709052807,-1.9258567565022098,99,2.578
1065102,43.32061979606769,-1.9260247863276978,100,2.61
1065102,43.32080943606335,-1.926083109487815,101,2.631
1065102,43.320925663286665,-1.9259947324633402,102,2.646
1065102,43.321001361275385,-1.9254260891595143,103,2.693
1065102,43.32105085913191,-1.9249442363145965,104,2.732
1065102,43.321100007050376,-1.9244253903441662,105,2.775
1065102,43.32110518227191,-1.9240183152833064,106,2.808
1065102,43.32111761795045,-1.9234261193138535,107,2.856
1065102,43.32106761096714,-1.9228966905634095,108,2.899
1065102,43.32095667247613,-1.922590330327491,109,2.927
1065102,43.32090770759574,-1.9221718804466426,110,2.961
1065102,43.321005577257445,-1.922046821944531,111,2.976
1065102,43.321088114115454,-1.9222056894334685,112,2.992
1065102,43.32120608136485,-1.9223022667572713,113,3.007
1065102,43.32131620744549,-1.9225223118854051,114,3.029
1065102,43.32139183136847,-1.9229032951603857,115,3.061
1065102,43.3214604245076,-1.9234940630741877,116,3.109
1065102,43.3214964825865,-1.924455394128248,117,3.187
1065102,43.32143407995186,-1.9254801264122525,118,3.271
1065102,43.321334730485574,-1.926406844100179,119,3.347
1065102,43.32125995315176,-1.9270741360957722,120,3.402
1065102,43.32121114008409,-1.9276299740213234,121,3.447
1065102,43.32121819061917,-1.9283821547582543,122,3.508
1065102,43.321254438472586,-1.929368147391143,123,3.588
1065102,43.32128109825435,-1.9302926450527333,124,3.663
1065102,43.32129713420827,-1.9310446694478307,125,3.724
1065102,43.321355760880124,-1.9315369572126735,126,3.764
1065102,43.32125394477647,-1.9322047168013294,127,3.82
1065102,43.32118698580599,-1.932748535421769,128,3.865
1065102,43.32109485548181,-1.9334901187403524,129,3.926
1065102,43.320815037615354,-1.9343829743366607,130,4.004
1065102,43.320360089025776,-1.9358091860569318,131,4.131
1065102,43.320195227203776,-1.9364780274207707,132,4.188
1065102,43.32008346226671,-1.9370472784091053,133,4.236
1065102,43.320032882187,-1.9374181390900864,134,4.266
1065102,43.320132831019684,-1.93751505826839,135,4.28
1065102,43.320179334831344,-1.9376745723693478,136,4.294
1065102,43.320135350910824,-1.9377863326115188,137,4.304
1065102,43.320028231769015,-1.93788685994591,138,4.318
1065102,43.32000511567426,-1.938306571798898,139,4.353
1065102,43.31985904576329,-1.9390614036337,140,4.416
1065102,43.31976001335662,-1.939063126974199,141,4.427
1065102,43.31974532413954,-1.9394210271094563,142,4.456
1065102,43.31979205396113,-1.9396052028894148,143,4.472
1065102,43.31987936659661,-1.9402819770961695,144,4.527
1065102,43.31998399602295,-1.940884456732695,145,4.578
1065102,43.3201528982809,-1.9416214817016797,146,4.64
1065102,43.3204979821523,-1.9429104268613777,147,4.752
1065102,43.32078379601846,-1.9436331051370692,148,4.818
1065102,43.32095097330154,-1.9441851850377307,149,4.867
1065102,43.3210694915539,-1.944343459384479,150,4.885
1065102,43.32121353890292,-1.9443409650649355,151,4.901
1065102,43.32133741747219,-1.9441044950073954,152,4.925
1065102,43.32146049839619,-1.9437817073790782,153,4.954
1065102,43.32156340781213,-1.9432249422009378,154,5.001
1065102,43.32158414782151,-1.9425462708437817,155,5.056
1065102,43.32159553857413,-1.9418307624734623,156,5.114
1065102,43.32164236577606,-1.9410529735730542,157,5.177
1065102,43.321780816667,-1.940446252531203,158,5.229
1065102,43.32198957308838,-1.9396533107390217,159,5.297
1065102,43.32202249750777,-1.9393197462496379,160,5.324
1065102,43.32195741813177,-1.9390988842490242,161,5.344
1065102,43.3218293177374,-1.9388791196666355,162,5.367
1065102,43.3218266859183,-1.9385955066924547,163,5.39
1065102,43.32195169705997,-1.938482333014726,164,5.406
1065102,43.32214999066645,-1.9385035463004858,165,5.428
1065102,43.3222337636245,-1.9387980813615626,166,5.454
1065102,43.32213724820392,-1.9390710886357392,167,5.479
1065102,43.32211367052268,-1.9394414904230528,168,5.509
1065102,43.32205522290819,-1.9399358287155588,169,5.549
1065102,43.32186161470081,-1.9404201822397174,170,5.594
1065102,43.321732166907886,-1.9410267477581264,171,5.645
1065102,43.32169091937081,-1.9414344520597797,172,5.679
1065102,43.32167679331911,-1.9418540180172723,173,5.713
1065102,43.3217861977295,-1.942000114864557,174,5.73
1065102,43.32201195594414,-1.9420701950289634,175,5.755
1065102,43.32226426671132,-1.9420904826158345,176,5.783
1065102,43.322560679657556,-1.9420113399062917,177,5.817
1065102,43.322705525360355,-1.9420951582733603,178,5.834
1065102,43.322780742318244,-1.9424391821376914,179,5.864
1065102,43.32272832089487,-1.942612755988662,180,5.879
1065102,43.32261162454594,-1.9426517795680422,181,5.892
1065102,43.32251202202476,-1.9425918414783414,182,5.904
1065102,43.322392361011474,-1.9423102556177219,183,5.931
1065102,43.3222112755462,-1.9422023998250202,184,5.953
1065102,43.322031216515,-1.942205524145936,185,5.973
1065102,43.32181423320666,-1.9421106252142606,186,5.998
1065102,43.32167201080857,-1.9423104205514796,187,6.021
1065102,43.32165753954517,-1.9426929932977839,188,6.052
1065102,43.32164352282465,-1.9431248898030584,189,6.087
1065102,43.32161115683178,-1.9435201052460285,190,6.119
1065102,43.321515996499606,-1.9439410739294938,191,6.155
1065102,43.321393142784395,-1.9442885234068301,192,6.186
1065102,43.321304706646316,-1.9444627152607694,193,6.203
1065102,43.32126185396871,-1.9446977818914475,194,6.223
1065102,43.32134606602541,-1.9450416452146286,195,6.252
1065102,43.32136793855394,-1.9454605852957403,196,6.286
1065102,43.3214078154775,-1.9458792143684782,197,6.321
1065102,43.32141281505827,-1.9464217759004898,198,6.365
1065102,43.32139080316634,-1.9469648040991916,199,6.409
1065102,43.32138096859141,-1.9478529429510436,200,6.481
1065102,43.32138126349618,-1.948864235888006,201,6.563
1065102,43.32136320382669,-1.949838846319561,202,6.642
1065102,43.32137560307753,-1.9502086197913793,203,6.672
1065102,43.32136291554963,-1.950788484548089,204,6.719
1065102,43.32138861105374,-1.9516266798544455,205,6.787
1065102,43.32144481006205,-1.952846672158671,206,6.886
1065102,43.3215045843995,-1.9534746248075887,207,6.937
1065102,43.32150020663022,-1.9539803500102635,208,6.978
1065102,43.321545011609885,-1.954941550355995,209,7.056
1065102,43.32159948694787,-1.9559765842042167,210,7.141
1065102,43.321660931500105,-1.9567895073851787,211,7.207
1065102,43.32165766327436,-1.957418544310288,212,7.258
1065102,43.321732367990016,-1.958699896242314,213,7.362
1065102,43.321782209573485,-1.9592293633244517,214,7.405
1065102,43.321768130369904,-1.959661258114467,215,7.44
1065102,43.32180175515839,-1.9603883307526322,216,7.499
1065102,43.321921484067566,-1.9606822813560874,217,7.527
1065102,43.32207688815772,-1.9609386259379744,218,7.554
1065102,43.32208824358312,-1.961197426418733,219,7.575
1065102,43.32199100243292,-1.961396411870862,220,7.594
1065102,43.321869438625136,-1.9618918030949786,221,7.637
1065102,43.321926534453546,-1.9632227966158446,222,7.745
1065102,43.3219916129818,-1.9644426598072593,223,7.844
1065102,43.322027550261176,-1.9654286923473654,224,7.924
1065102,43.32226742757288,-1.9660659419564723,225,7.982
1065102,43.32293289416877,-1.9669673136548365,226,8.086
1065102,43.323306138448636,-1.9674173206372427,227,8.141
1065102,43.32366182009403,-1.9679169639285372,228,8.198
1065102,43.32426302802731,-1.968683794818093,229,8.289
1065102,43.32463648798239,-1.9691584854777064,230,8.346
1065102,43.32515588297165,-1.9698403875369774,231,8.426
1065102,43.3259392475332,-1.9708385224876448,232,8.544
1065102,43.3261670971874,-1.9711430223444992,233,8.58
1065102,43.32649564286117,-1.9716308344255131,234,8.634
1065102,43.32652520207256,-1.9719140165521605,235,8.657
1065102,43.326323562873796,-1.9725217790608414,236,8.711
1065102,43.32540904735085,-1.9749669380071753,237,8.934
1065102,43.32499551523482,-1.9760469186322902,238,9.033
1065102,43.32474126982157,-1.9768158719741051,239,9.101
1065102,43.32444145268054,-1.9775239155992215,240,9.167
1065102,43.324142181921786,-1.9782936104231237,241,9.238
1065102,43.32378197585268,-1.979298652727989,242,9.329
1065102,43.32335972888445,-1.980415720701828,243,9.431
1065102,43.32322809038435,-1.9808002542098442,244,9.465
1065102,43.322957782774445,-1.981791431822327,245,9.551
1065102,43.322805718727274,-1.9819049704702407,246,9.57
1065102,43.32268241978091,-1.9822153589873328,247,9.599
1065102,43.32262236085037,-1.9825493570703656,248,9.627
1085101,43.321829948644876,-1.9845728614443525,2,0.061
1085101,43.32168918342675,-1.984945195274816,3,0.095
1085101,43.321581365424514,-1.9849716563577975,4,0.108
1085101,43.32129162528062,-1.9847914869928631,5,0.143
1085101,43.32068436840625,-1.9843452866359501,6,0.219
1085101,43.320068435400245,-1.9839362375946346,7,0.295
1085101,43.31996994932247,-1.983999542061659,8,0.308
1085101,43.3197323417836,-1.9846201305598483,9,0.364
1085101,43.31960640819102,-1.9846345604441944,10,0.378
1085101,43.31910795419773,-1.98427288806051,11,0.441
1085101,43.31853703625848,-1.9838630998055906,12,0.513
1085101,43.31783930659321,-1.983369108021297,13,0.6
1085101,43.31726893369526,-1.983020987843707,14,0.669
1085101,43.31713235242764,-1.982850617173856,15,0.69
1085101,43.316674932774355,-1.9840667796448528,16,0.801
1085101,43.31625263707878,-1.9851836843248687,17,0.903
1085101,43.31569856198262,-1.9866727171150014,18,1.038
1085101,43.3154969515851,-1.9872926535856104,19,1.093
1085101,43.31530270403742,-1.9877274885105272,20,1.135
1085101,43.315332877591466,-1.9880846065679327,21,1.164
1085101,43.31511641446371,-1.9890623986699438,22,1.247
1085101,43.3147804300196,-1.9907820580393931,23,1.391
1085101,43.31460167351376,-1.9909329950037584,24,1.414
1085101,43.3143663101002,-1.9918124257698762,25,1.49
1085101,43.314334752849646,-1.9923185384959088,26,1.531
1085101,43.314268049526326,-1.9929238829876037,27,1.581
1085101,43.31424277899984,-1.9941451157727745,28,1.68
1085101,43.314235068413886,-1.9953167324036842,29,1.775
1085101,43.31423983285555,-1.9958592385427207,30,1.819
1085101,43.31429666569916,-1.9961789211837024,31,1.846
1085101,43.31421107038621,-1.9966859202115925,32,1.888
1085101,43.31415856584398,-1.9968594244175835,33,1.903
1085101,43.31396157860667,-1.9969859790339715,34,1.928
1085101,43.31374593624564,-1.9970388514050854,35,1.952
1085101,43.31356533320197,-1.9969801651295447,36,1.972
1085101,43.31332084314446,-1.9968238797906812,37,2.002
1085101,43.3130572649287,-1.9965445974410414,38,2.039
1085101,43.312747047195415,-1.9960811176297213,39,2.09
1085101,43.31243693588925,-1.9956299718607646,40,2.141
1085101,43.31218029990564,-1.9951162942950356,41,2.191
1085101,43.3117831940472,-1.993988388229624,42,2.293
1085101,43.31164543566466,-1.9936823870914453,43,2.322
1085101,43.3115091955638,-1.9935489950986642,44,2.34
1085101,43.31133737688873,-1.9934655144531623,45,2.361
1085101,43.31118399842768,-1.993431053303705,46,2.378
1085101,43.31102205087931,-1.9934460570266046,47,2.396
1085101,43.310824416374324,-1.9934986419772582,48,2.418
1085101,43.3105630005306,-1.9934659640527082,49,2.448
1085101,43.3103457321444,-1.9933339123170297,50,2.474
1085101,43.310054484902544,-1.9929811315515253,51,2.517
1085101,43.30987355412609,-1.9928854743027817,52,2.539
1085101,43.309684922963065,-1.9929379113458292,53,2.56
1085101,43.309524386581195,-1.9931131893256908,54,2.583
1085101,43.30940083901922,-1.993398830241669,55,2.61
1085101,43.309339770145755,-1.9936217867361308,56,2.629
1085101,43.30921535361669,-1.9938087964671964,57,2.65
1085101,43.309252559120935,-1.9939438177288806,58,2.661
1085101,43.3097064016238,-1.9943555701350628,59,2.722
1085101,43.31023270106729,-1.9948154569832293,60,2.791
1085101,43.310841001505565,-1.9953849778082526,61,2.873
1085101,43.310967370073946,-1.9954198886059775,62,2.887
1085101,43.31103179963109,-1.9955791279772173,63,2.902
1085101,43.31126782954646,-1.9957971962794434,64,2.934
1085101,43.3116398798949,-1.9961240054812914,65,2.983
1085101,43.31229318953541,-1.9966928117667135,66,3.069
1085101,43.312720229172875,-1.9971297078752617,67,3.128
1085101,43.312911240571154,-1.997348528279022,68,3.156
1085101,43.31313001736361,-1.9976532123479913,69,3.19
1085101,43.31322080496526,-1.9977380389392194,70,3.202
1085101,43.31327622822882,-1.9978974346063636,71,3.217
1085101,43.31349629948096,-1.9983500770131117,72,3.261
1085101,43.31388079947798,-1.999071313780413,73,3.333
1085101,43.31405423249522,-1.9993397585698809,74,3.362
1085101,43.31411995091604,-1.9996469662980276,75,3.388
1085101,43.31426615758486,-1.9998911973367424,76,3.414
1085101,43.314475385632086,-2.0001343961952545,77,3.444
1085101,43.31471151478607,-2.0003648241573826,78,3.477
1085101,43.31483788187361,-2.000399747370637,79,3.491
1085101,43.315034334036696,-2.000211552523207,80,3.518
1085101,43.31529165134966,-1.9997757246653285,81,3.563
1085101,43.31537073825274,-1.999552456813108,82,3.583
1085101,43.3155505850182,-1.9995248426117016,83,3.603
1085101,43.31562746242079,-2.000078510030211,84,3.649
1085101,43.31555953290232,-2.000548229968091,85,3.688
1085101,43.31543499749806,-2.0007229151405235,86,3.708
1085101,43.31525439627389,-2.000664216385102,87,3.728
1085101,43.315000584738485,-2.0004710699741324,88,3.76
1085101,43.31482052218572,-2.0004740214670167,89,3.78
1085101,43.31468752240503,-2.000710501166894,90,3.805
1085101,43.31441305658962,-2.001245253658131,91,3.858
1085101,43.31422754331628,-2.001655230516928,92,3.897
1085101,43.3139700034752,-2.0020663835760857,93,3.941
1085101,43.31345502671517,-2.002901008851181,94,4.029
1085101,43.312886669227595,-2.0038104792125844,95,4.126
1085101,43.312496006332026,-2.0044457478824658,96,4.194
1085101,43.312319269882686,-2.0048308966412143,97,4.231
1085101,43.312095264037936,-2.0049578624365463,98,4.258
1085101,43.31189923270615,-2.005195349884846,99,4.287
1085101,43.31160706060195,-2.005767339030628,100,4.343
1085101,43.3111908764703,-2.0065756294627133,101,4.423
1085101,43.310783796644685,-2.007396091413017,102,4.504
1085101,43.31058979240417,-2.007867816800331,103,4.548
1085101,43.310394503278395,-2.0081915917403603,104,4.582
1085101,43.310137794176136,-2.008701322727372,105,4.632
1085101,43.30999523957006,-2.0088762683615977,106,4.653
1085101,43.30977969795437,-2.0089414239247785,107,4.678
1085101,43.309608103746434,-2.008882559581769,108,4.698
1085101,43.30939953519783,-2.0087133220070155,109,4.724
1085101,43.30899997609068,-2.0083252428521723,110,4.779
1085101,43.30850073928503,-2.0078648081685504,111,4.846
1085101,43.30825604965668,-2.0076838344812598,112,4.877
1085101,43.308101070357225,-2.007464411747338,113,4.901
1085101,43.30801061081009,-2.0074165629365726,114,4.912
1085101,43.30797363516803,-2.007306192824525,115,4.922
1085101,43.307711045381964,-2.0071378444403516,116,4.954
1085101,43.307547275990096,-2.0069432283842428,117,4.978
1085101,43.307238492118664,-2.006640004307194,118,5.02
1085101,43.30700248244418,-2.00642190778117,119,5.052
1085101,43.30655768562714,-2.006009935955027,120,5.112
1085101,43.30619455885475,-2.0056706177282204,121,5.161
1085101,43.305676983538724,-2.005173535409244,122,5.231
1085101,43.305269589398556,-2.004921256767726,123,5.28
1085101,43.305141828919595,-2.0047260668161546,124,5.302
1085101,43.304942364772344,-2.0045690365990074,125,5.327
1085101,43.30455351222308,-2.00437810986229,126,5.373
1085101,43.304146653043354,-2.0041874794621237,127,5.421
1085101,43.30388470282611,-2.004093120593663,128,5.451
1085101,43.30365201616113,-2.0042572006527775,129,5.48
1085101,43.30351686149541,-2.0042470774665886,130,5.495
1085101,43.30344311882965,-2.0040510125654154,131,5.513
1085101,43.30337784211877,-2.003793163521088,132,5.535
1085101,43.30321438932368,-2.003635552622833,133,5.557
1085101,43.302933787893856,-2.0034675270401405,134,5.591
1085101,43.30269863169691,-2.003348077039099,135,5.619
1085101,43.30256229520167,-2.003202355090238,136,5.638
1085101,43.30230870260477,-2.003033891857767,137,5.67
1085101,43.30198351441154,-2.002915916194777,138,5.707
1085101,43.301813743990046,-2.003066638406902,139,5.73
1085101,43.30165491013776,-2.003439101750016,140,5.764
1085101,43.30142104287812,-2.003467579759885,141,5.791
1085101,43.30123036531455,-2.003285761787415,142,5.816
1085101,43.301190591920815,-2.0028549024585374,143,5.852
1085101,43.30137772343511,-2.002629924206621,144,5.879
1085101,43.30166474932403,-2.002501942497241,145,5.913
1085101,43.30186045309404,-2.0022275053241794,146,5.944
1085101,43.30203718167095,-2.0018424157830386,147,5.981
1085101,43.30216910842148,-2.001482715379937,148,6.013
1085101,43.30241742896031,-2.0010471331518023,149,6.058
1085101,43.30260272576283,-2.0006125798251717,150,6.099
1085101,43.30273367870483,-2.0001419270798833,151,6.14
1085101,43.30275605283761,-1.9996114070107869,152,6.183
1085101,43.30268936397054,-1.9991933100481356,153,6.218
1085101,43.30269491455186,-1.9987986866581218,154,6.25
1085101,43.30254967714678,-1.9986654501070573,155,6.269
1085101,43.302565740512655,-1.998443262478777,156,6.287
1085101,43.30269960007741,-1.9983054443130006,157,6.306
1085101,43.30290753601466,-1.9984006634125817,158,6.33
1085101,43.303186201531226,-1.9983467711566192,159,6.362
1085101,43.303365940435455,-1.9983068320897188,160,6.382
1085101,43.30345705145213,-1.9984286289031696,161,6.396
1085101,43.30352352732647,-1.9988220751606773,162,6.429
1085101,43.30360930249212,-1.9993631575038233,163,6.474
1085101,43.30369529070217,-1.9999288965549065,164,6.52
1085101,43.30375157295002,-2.0001868901976967,165,6.542
1085101,43.30374429389572,-2.000384279063612,166,6.558
1085101,43.30380100598059,-2.0006915837307595,167,6.584
1085101,43.30389308373205,-2.0009243335358557,168,6.605
1085101,43.30414635630946,-2.0010558091964477,169,6.636
1085101,43.30431763143039,-2.001077663355931,170,6.655
1085101,43.30449650987426,-2.000939109623281,171,6.677
1085101,43.3045757073108,-2.0007282107657396,172,6.697
1085101,43.30462035039965,-1.9996548107900396,173,6.784
1085101,43.30463609205599,-1.9993956325576758,174,6.805
1085101,43.30472407400473,-1.9991599279993442,175,6.826
1085101,43.30486726116633,-1.9990589421010914,176,6.844
1085101,43.30514549531521,-1.9989557395088655,177,6.876
1085101,43.305521792589104,-1.9987399591161072,178,6.922
1085101,43.30605906628971,-1.998398234902177,179,6.988
1085101,43.306309858418345,-1.9982461583740627,180,7.018
1085101,43.306677367066214,-1.99805517360078,181,7.062
1085101,43.30679408379383,-1.998016266468805,182,7.075
1085101,43.30707350494693,-1.9980486664182422,183,7.106
1085101,43.30708488383261,-1.9983197399987618,184,7.128
1085101,43.307159391964404,-1.9986021072713969,185,7.152
1085101,43.3074717571112,-1.9993121247737127,186,7.22
1085101,43.30770136482796,-1.9998262239526836,187,7.269
1085101,43.30783824452201,-2.000033592381267,188,7.291
1085101,43.30797555491061,-2.0002902754890997,189,7.317
1085101,43.308157449468176,-2.0004969082151383,190,7.343
1085101,43.30834802363235,-2.000666409122656,191,7.369
1085101,43.308582751552436,-2.0007365451484675,192,7.395
1085101,43.308780497434434,-2.000696314260376,193,7.417
1085101,43.30896142192339,-2.000791993148352,194,7.439
1085101,43.30915895237644,-2.0007271048115345,195,7.462
1085101,43.309392279874125,-2.000636968521237,196,7.488
1085101,43.30959045660903,-2.00064605178647,197,7.51
1085101,43.30979839053522,-2.0007412892252,198,7.535
1085101,43.31003484158218,-2.0010086887896987,199,7.569
1085101,43.31021845738843,-2.001412592849149,200,7.607
1085101,43.310428112712785,-2.001705096853081,201,7.641
1085101,43.31059232125936,-2.0019490236166435,202,7.668
1085101,43.31068504198375,-2.002255775046463,203,7.695
1085101,43.310751182558754,-2.002612285182058,204,7.724
1085101,43.310780234596244,-2.002846094712362,205,7.744
1085101,43.31071057400118,-2.0031185103258187,206,7.767
1085101,43.31072108150968,-2.0032909692005494,207,7.781
1085101,43.31061390332303,-2.003391366692749,208,7.796
1085101,43.31046213901071,-2.003541815167257,209,7.816
1085101,43.31030897815834,-2.003531986914317,210,7.833
1085101,43.30994820788723,-2.0034638977473627,211,7.874
1085101,43.30964156385659,-2.0034072554370144,212,7.908
1085101,43.30933513465724,-2.003375271114829,213,7.942
1085101,43.30912045570255,-2.003539074755976,214,7.97
1085101,43.30895089962061,-2.003714470545748,215,7.993
1085101,43.308817892711296,-2.00395092030502,216,8.017
1085101,43.308739333555096,-2.004235801493648,217,8.042
1085101,43.30870460894385,-2.0043843326336654,218,8.055
1085101,43.30863365692569,-2.0045087942083266,219,8.068
1085101,43.30856066589406,-2.00439901264047,220,8.08
1085102,43.308650160750226,-2.0043359000698833,2,0.011
1085102,43.30873054508415,-2.0042606056897454,3,0.021
1085102,43.308879089242225,-2.0037403043319766,4,0.067
1085102,43.30898616039626,-2.0036275817057243,5,0.082
1085102,43.30936203665593,-2.0033625010333487,6,0.129
1085102,43.31018271931183,-2.0035093885081525,7,0.221
1085102,43.31045313586762,-2.0035419622659085,8,0.251
1085102,43.310729977205476,-2.003278493058556,9,0.288
1085102,43.31071078892664,-2.00314316832668,10,0.299
1085102,43.3107348964066,-2.0028098437139072,11,0.327
1085102,43.31069684115661,-2.0025761816181262,12,0.346
1085102,43.310676253955826,-2.002280580316514,13,0.37
1085102,43.310583210530346,-2.0019368419808536,14,0.4
1085102,43.310200235816744,-2.0013882298908947,15,0.461
1085102,43.31003505695979,-2.001033346501539,16,0.496
1085102,43.30988017276157,-2.000826263410302,17,0.52
1085102,43.309707928286855,-2.0006934491533297,18,0.542
1085102,43.30952732692437,-2.000634755684315,19,0.562
1085102,43.30932025477931,-2.00063814869466,20,0.585
1085102,43.30901544075052,-2.0007911081660246,21,0.621
1085102,43.30889872308519,-2.000830011500963,22,0.635
1085102,43.30878092830912,-2.000745628665508,23,0.649
1085102,43.30842948276379,-2.000714395630383,24,0.688
1085102,43.30824823501191,-2.000581732299397,25,0.711
1085102,43.308039438944164,-2.0003878701261573,26,0.739
1085102,43.30782110053092,-2.0001325148259266,27,0.771
1085102,43.307674031971594,-1.999789681728453,28,0.803
1085102,43.30744539488569,-1.99938653785326,29,0.845
1085102,43.307398437513676,-1.9991653666346703,30,0.864
1085102,43.307104185695394,-1.998467383337117,31,0.929
1085102,43.30707382895091,-1.998085651157097,32,0.96
1085102,43.30717970629049,-1.9978373111628376,33,0.983
1085102,43.30729426204609,-1.9975518374848946,34,1.01
1085102,43.307428660647865,-1.997475648083957,35,1.026
1085102,43.30770710928288,-1.9973970904881746,36,1.057
1085102,43.30794943723949,-1.997306795749445,37,1.085
1085102,43.3080826465405,-1.9970949920502719,38,1.108
1085102,43.30814296531999,-1.996785744322356,39,1.134
1085102,43.30813125823836,-1.996477681034113,40,1.159
1085102,43.30821207003101,-1.9964516909265735,41,1.168
1085102,43.30820882410192,-1.9960818368494067,42,1.198
1085102,43.30831491347559,-1.9958581457767848,43,1.22
1085102,43.30848456558917,-1.9956950587534232,44,1.243
1085102,43.30866441155501,-1.9956674366884668,45,1.263
1085102,43.30892615171315,-1.9957371090307405,46,1.293
1085102,43.3090168324678,-1.995809598381421,47,1.304
1085102,43.30921479294443,-1.9957940085786627,48,1.326
1085102,43.309623505094116,-1.9961941867592052,49,1.382
1085102,43.30986853699213,-1.9964121043812473,50,1.415
1085102,43.31036792710009,-1.9968847834834287,51,1.482
1085102,43.3103877714592,-1.9970940788233387,52,1.499
1085102,43.310298713161906,-1.9972065193712571,53,1.513
1085102,43.31016345006876,-1.9971840821231253,54,1.528
1085102,43.310018318962264,-1.9970631623038049,55,1.547
1085102,43.30991798709989,-1.996916845072434,56,1.563
1085102,43.309546263440474,-1.996627026245323,57,1.61
1085102,43.30916499495624,-1.9962757157663504,58,1.661
1085102,43.30900261410137,-1.996241396828206,59,1.68
1085102,43.308913772984816,-1.9963784932378372,60,1.694
1085102,43.3089785256908,-1.9965747142014414,61,1.712
1085102,43.30912376546042,-1.996707959488579,62,1.731
1085102,43.309295690037246,-1.9968037750896592,63,1.752
1085102,43.30939613016409,-1.9969624193698048,64,1.769
1085102,43.309632157503465,-1.9971804873435623,65,1.801
1085102,43.309914388859326,-1.9975334339816175,66,1.843
1085102,43.310189776290144,-1.9981331093276964,67,1.901
1085102,43.31060867099212,-1.9986687803634131,68,1.964
1085102,43.31080857469663,-1.9988751213966243,69,1.992
1085102,43.310917907221025,-1.9990212962375526,70,2.009
1085102,43.31114428025276,-1.9991655508820132,71,2.037
1085102,43.31168748850936,-1.9995019030011483,72,2.103
1085102,43.311904749968946,-1.9996339796609464,73,2.129
1085102,43.31233808639522,-1.9997625132810768,74,2.179
1085102,43.312735302328356,-1.9998793098734498,75,2.224
1085102,43.31303262122589,-1.9998990962681316,76,2.257
1085102,43.313393393253335,-1.9999671674125497,77,2.297
1085102,43.31364548084961,-1.9999630334256764,78,2.325
1085102,43.31375265586176,-1.9998626248737414,79,2.34
1085102,43.313905385561306,-1.999823125763914,80,2.357
1085102,43.313976008732055,-1.9996616590159186,81,2.372
1085102,43.31411995091604,-1.9996469662980276,82,2.388
1085102,43.31419326997594,-1.9997937410542712,83,2.403
1085102,43.31433904511209,-1.9999886538521259,84,2.425
1085102,43.31472062568188,-2.000377006368516,85,2.478
1085102,43.31482887874604,-2.0003998949556205,86,2.49
1085102,43.314936161883814,-2.0003118150212726,87,2.504
1085102,43.31523849522194,-1.9998752499671033,88,2.553
1085102,43.315344268150675,-1.9996145495702078,89,2.577
1085102,43.315386371310076,-1.9992809028843936,90,2.605
1085102,43.315346797826834,-1.9988746064437517,91,2.638
1085102,43.31514451884898,-1.9983969929770338,92,2.683
1085102,43.31486848424439,-1.9977232891767533,93,2.745
1085102,43.314551782606216,-1.996520004438074,94,2.849
1085102,43.31446685911438,-1.996077467402152,95,2.886
1085102,43.31441729668886,-1.9955603601550302,96,2.928
1085102,43.31443867839703,-1.9938952542407746,97,3.063
1085102,43.314454508707776,-1.9926248473292245,98,3.166
1085102,43.31459767312738,-1.9915003120591648,99,3.259
1085102,43.314742241313866,-1.990536058685544,100,3.339
1085102,43.31493225252897,-1.9896203741760854,101,3.416
1085102,43.315251086069296,-1.9879996421866253,102,3.552
1085102,43.315598168908764,-1.9875376074004512,103,3.606
1085102,43.31571335328243,-1.987326054858847,104,3.627
1085102,43.315927352833285,-1.9870881964619147,105,3.658
1085102,43.31661272443882,-1.986188910949774,106,3.763
1085102,43.31716533953562,-1.9855507876289662,107,3.844
1085102,43.31771904524185,-1.9850359561980893,108,3.918
1085102,43.31813023186688,-1.9846961405329784,109,3.971
1085102,43.318438087823885,-1.9848883310839291,110,4.009
1085102,43.31851878719313,-1.9848499905072476,111,4.018
1085102,43.31880877172486,-1.984043556877177,112,4.091
1085102,43.31899213859109,-1.9833992151383,113,4.147
1085102,43.3195211360411,-1.9821324760418497,114,4.266
1085102,43.31988136815409,-1.9811275207332697,115,4.356
1085102,43.320277273652636,-1.9800849587045266,116,4.452
1085102,43.32091111623644,-1.9804813378479411,117,4.529
1085102,43.32139190538976,-1.9808802836640564,118,4.592
1085102,43.32224379570348,-1.9814950299315341,119,4.699
1085102,43.32279660588794,-1.9818927894637068,120,4.768
1085102,43.32233963663926,-1.983158397833666,121,4.882
1085102,43.32211224231347,-1.983914507303937,122,4.949
1095101,43.32209379793449,-1.9838654825006263,2,0.08
1095101,43.32168907398112,-1.984932864123497,3,0.177
1095101,43.321572362350295,-1.9849718062556918,4,0.191
1095101,43.32110135657922,-1.9846589940116441,5,0.249
1095101,43.320512214863676,-1.9842248272430756,6,0.323
1095101,43.32006832584909,-1.9839239067749526,7,0.378
1095101,43.31997862376006,-1.983962399623317,8,0.389
1095101,43.319741125904855,-1.9845953191074297,9,0.446
1095101,43.31965153304655,-1.9846461414945693,10,0.457
1095101,43.31932556107443,-1.9844419177177721,11,0.497
1095101,43.31860949907701,-1.9839112215357613,12,0.587
1095101,43.31818372494145,-1.9836223427726842,13,0.64
1095101,43.317930433357354,-1.983490910721436,14,0.67
1095101,43.31769449010232,-1.9832851974898578,15,0.701
1095101,43.31656164887109,-1.982465515473241,16,0.844
1095101,43.31515728226036,-1.9814900866699985,17,1.019
1095101,43.314450319697,-1.9809716399904307,18,1.108
1095101,43.31415211959495,-1.9808533087201161,19,1.142
1095101,43.31387971979488,-1.98059890201734,20,1.179
1095101,43.31331823170217,-1.9802383498277414,21,1.248
1095101,43.31303924633462,-1.9802553463349986,22,1.279
1095101,43.31214003804233,-1.980393692960384,23,1.379
1095101,43.311780134805936,-1.980424372137876,24,1.419
1095101,43.311275083147144,-1.9803341688042209,25,1.476
1095101,43.31067956087869,-1.9801961566466895,26,1.543
1095101,43.3100759148758,-1.9801569279183358,27,1.61
1095101,43.309687463138516,-1.9800154569599995,28,1.655
1095101,43.309055818104724,-1.9798657249818363,29,1.726
1095101,43.30831624585403,-1.9797301316656981,30,1.809
1095101,43.308010251087886,-1.9797475804646159,31,1.843
1095101,43.30777507114195,-1.9796282128060652,32,1.871
1095101,43.30746984624726,-1.9797319597043759,33,1.905
1095101,43.307236645892125,-1.9798345008908378,34,1.933
1095101,43.306956230644026,-1.9796912310341317,35,1.966
1095101,43.30666549207964,-1.9794001759760853,36,2.006
1095101,43.306249810002626,-1.979234513321973,37,2.054
1095101,43.30612200621432,-1.9790393749036688,38,2.075
1095101,43.30610212900512,-1.9788301006743125,39,2.092
1095101,43.306090153475495,-1.978497396100593,40,2.119
1095101,43.30601680743517,-1.9783506667807664,41,2.134
1095101,43.305789417540275,-1.9780955504601456,42,2.166
1095101,43.3052988441651,-1.9776105827403734,43,2.234
1095101,43.30486272824821,-1.9771740278551617,44,2.294
1095101,43.30449995876709,-1.9768842027367768,45,2.34
1095101,43.30417198738727,-1.9764581735091038,46,2.39
1095101,43.303635950295565,-1.9759246774937465,47,2.464
1095101,43.30310891383697,-1.975391039597585,48,2.537
1095101,43.30279192854407,-1.9751867680781552,49,2.576
1095101,43.30269968834553,-1.9749417350117668,50,2.598
1095101,43.3025551971814,-1.9748948464905853,51,2.615
1095101,43.302245501856135,-1.9755041733993235,52,2.675
1095101,43.30192757259203,-1.9761999351149382,53,2.741
1095101,43.3017532472304,-1.9768439654938192,54,2.797
1095101,43.30168695521613,-1.9774861814749842,55,2.85
1095101,43.30171980367065,-1.9781390643751084,56,2.903
1095101,43.30183279560823,-1.978691974780533,57,2.949
1095101,43.30235829232929,-1.9800640323140346,58,3.075
1095101,43.30248455546189,-1.980086579506286,59,3.089
1095101,43.30254867633276,-1.980208798508575,60,3.101
1095101,43.30248708350183,-1.980370106287382,61,3.116
1095101,43.30260709050409,-1.9807009865512344,62,3.146
1095101,43.3026814220999,-1.980958656269829,63,3.169
1095101,43.30285566557836,-1.98131329137138,64,3.203
1095101,43.30313860364502,-1.9817400893773711,65,3.25
1095101,43.30339321427245,-1.9820194126944073,66,3.286
1095101,43.30371984898966,-1.9822975367453497,67,3.329
1095101,43.304090950175535,-1.98251327503184,68,3.374
1095101,43.30452452435726,-1.9826663265674447,69,3.424
1095101,43.304975117693395,-1.9827081300899325,70,3.474
1095101,43.305522661436214,-1.9825140529953769,71,3.537
1095101,43.30578331240477,-1.9824603861388654,72,3.566
1095101,43.30641078632012,-1.9821416716388578,73,3.64
1095101,43.30679638300506,-1.9819626176033462,74,3.685
1095101,43.306911776958046,-1.9817757418741213,75,3.705
1095101,43.30708327465501,-1.981822199042527,76,3.725
1095101,43.3071571649619,-1.9820305761726746,77,3.743
1095101,43.30705110281238,-1.982254286504427,78,3.765
1095101,43.3068889374927,-1.9822446623577687,79,3.783
1095101,43.30671678166122,-1.982124235453267,80,3.805
1095101,43.30633107500577,-1.9822909601923249,81,3.849
1095101,43.305963812959654,-1.982506694257841,82,3.894
1095101,43.305326676956234,-1.9827515857177385,83,3.967
1095101,43.305047909982676,-1.9827932233773513,84,3.998
1095101,43.305049992969586,-1.9830274511886532,85,4.017
1095101,43.30464638819035,-1.9832067933290851,86,4.065
1095101,43.304140789928944,-1.9830549383673437,87,4.122
1095101,43.303562289601814,-1.9828056668880742,88,4.189
1095101,43.30308260345185,-1.9825300935502692,89,4.247
1095101,43.30280142354132,-1.9823005293714682,90,4.284
1095101,43.3022916541957,-1.9816802519265877,91,4.359
1095101,43.30191780651274,-1.9811563463692505,92,4.419
1095101,43.30167955220651,-1.9806918261766904,93,4.465
1095101,43.30153242603147,-1.9803490752890691,94,4.497
1095101,43.30144063653961,-1.9801533473900714,95,4.516
1095101,43.301222693484625,-1.9799474005293578,96,4.545
1095101,43.30116724556855,-1.9797880529367635,97,4.56
1095101,43.30110026452819,-1.979345335933384,98,4.596
1095101,43.300990467160084,-1.9791499122500833,99,4.616
1095101,43.3008816598487,-1.979065431575038,100,4.63
1095101,43.30052010565001,-1.9789112089208296,101,4.672
1095101,43.30042107165395,-1.9789128664187303,102,4.683
1095101,43.30040372576265,-1.9789871287353733,103,4.69
1095101,43.300559749034264,-1.9793173924919074,104,4.721
1095101,43.300724444529735,-1.9796105266941968,105,4.751
1095101,43.30090835480288,-1.980038957656723,106,4.792
1095101,43.30147621560342,-1.9811144056275072,107,4.899
1095101,43.30187015488914,-1.9818722221288416,108,4.975
1095101,43.30208238228761,-1.98244814361602,109,5.027
1095101,43.302103568494175,-1.9828053315859497,110,5.056
1095101,43.3020534959387,-1.983250010554916,111,5.093
1095101,43.30194929349632,-1.9836832615718776,112,5.13
1095101,43.3017792203763,-1.9837970553786166,113,5.151
1095101,43.3015463444413,-1.9839365523436396,114,5.179
1095101,43.30116096302072,-1.9841402319216423,115,5.225
1095101,43.30099154623898,-1.9843279847406978,116,5.249
1095101,43.3008503423145,-1.9846508832558902,117,5.28
1095101,43.30070979383472,-1.9850477417518713,118,5.315
1095101,43.30067564087189,-1.9852578982343019,119,5.333
1095101,43.30072240614993,-1.9854543801340452,120,5.35
1095101,43.30095415166684,-1.9862025818936355,121,5.416
1095101,43.30103878478381,-1.9866080258295646,122,5.45
1095101,43.301015706661595,-1.9870522457268038,123,5.486
1095101,43.30085692531136,-1.98742474487775,124,5.521
1095101,43.300763346177625,-1.9880427351510261,125,5.572
1095101,43.30072323735905,-1.988598193484765,126,5.617
1095101,43.30092141494324,-1.9886072368537435,127,5.639
1095101,43.301046804500025,-1.9885311853440149,128,5.655
1095101,43.30109116595493,-1.9884564770093986,129,5.662
1095101,43.301189655087946,-1.9883931998590814,130,5.675
1095101,43.30132481085684,-1.988403287603493,131,5.69
1095101,43.301399234157955,-1.9886732887096026,132,5.713
1095101,43.30152723962329,-1.9888930868796442,133,5.736
1095101,43.30174451311928,-1.9890251041974167,134,5.762
1095101,43.30196948206739,-1.989009047094404,135,5.787
1095101,43.30215669485771,-1.9887963511791213,136,5.814
1095102,43.302479280988436,-1.9886183968286917,2,0.038
1095102,43.302847209458406,-1.9884766761967885,3,0.081
1095102,43.30290794139701,-1.988216756490289,4,0.103
1095102,43.3027888286602,-1.987984478147725,5,0.126
1095102,43.30275041614393,-1.9877138742151501,6,0.148
1095102,43.302808199171075,-1.9871211159139004,7,0.197
1095102,43.30287836791867,-1.9869103549856237,8,0.215
1095102,43.302986623615965,-1.9869332155687893,9,0.228
1095102,43.30313198358723,-1.9870787522730893,10,0.248
1095102,43.30340327774254,-1.9872098696210823,11,0.28
1095102,43.30357597413638,-1.9873919421076474,12,0.304
1095102,43.30409231604616,-1.9877409240470378,13,0.368
1095102,43.30440862499447,-1.9878712994384955,14,0.404
1095102,43.30460680249207,-1.9878803407668997,15,0.426
1095102,43.304723406519116,-1.987829087891898,16,0.44
1095102,43.30501139688996,-1.987811979648133,17,0.472
1095102,43.30570299945544,-1.9876155573004253,18,0.55
1095102,43.30615228171122,-1.9875094618176146,19,0.601
1095102,43.306322358418875,-1.987395669905456,20,0.622
1095102,43.30659223325841,-1.9873665298466265,21,0.652
1095102,43.306815782572926,-1.9871901990254737,22,0.681
1095102,43.306931512740704,-1.9870403174932538,23,0.699
1095102,43.307152767835625,-1.986605091871428,24,0.742
1095102,43.30740948719534,-1.9861076231754657,25,0.791
1095102,43.30753268856197,-1.9857849923553856,26,0.82
1095102,43.307611420302706,-1.9855247505427498,27,0.843
1095102,43.30758189551243,-1.9852416488460933,28,0.867
1095102,43.30744884884089,-1.9844547363772465,29,0.932
1095102,43.307251679532165,-1.9835455952718022,30,1.009
1095102,43.30694328514467,-1.9822807454948213,31,1.117
1095102,43.306825147888766,-1.9821594169698724,32,1.134
1095102,43.30680494713722,-1.9819131548157394,33,1.154
1095102,43.30692078004646,-1.9817755915812207,34,1.171
1095102,43.3069426292624,-1.9811957173093993,35,1.218
1095102,43.307038258161136,-1.980811889727924,36,1.251
1095102,43.30708601242344,-1.9801082807125026,37,1.308
1095102,43.30704703131003,-1.9797760222206684,38,1.335
1095102,43.30693635459954,-1.9794819537125594,39,1.362
1095102,43.306979279686274,-1.9792469655852996,40,1.382
1095102,43.30718436978812,-1.9790215926965082,41,1.411
1095102,43.30739813225943,-1.9787590828368207,42,1.443
1095102,43.30765503739718,-1.978286236316793,43,1.491
1095102,43.30783201463673,-1.977938026998761,44,1.525
1095102,43.307930497593574,-1.9778747257756817,45,1.537
1095102,43.30840262318264,-1.978310704017302,46,1.6
1095102,43.30900924283416,-1.9786827848904862,47,1.674
1095102,43.309397806243425,-1.9788365744802723,48,1.719
1095102,43.31009269414348,-1.9790098990658058,49,1.798
1095102,43.31144557647079,-1.9792585298790124,50,1.949
1095102,43.31278001184399,-1.9794581551684616,51,2.098
1095102,43.31363486358397,-1.9793945235996384,52,2.193
1095102,43.314804162326865,-1.979251637278917,53,2.324
1095102,43.315946781581985,-1.979146187163234,54,2.451
1095102,43.317107186457086,-1.979015770788015,55,2.58
1095102,43.31841141971156,-1.9788582756272115,56,2.726
1095102,43.318612349104065,-1.9791755515219218,57,2.76
1095102,43.319026379908976,-1.9791562869014434,58,2.806
1095102,43.31919886880813,-1.9793137209021334,59,2.829
1095102,43.32035885103096,-1.980145257506538,60,2.974
1095102,43.32064848835008,-1.980313071054246,61,3.009
1095102,43.32087532383183,-1.9805066020166093,62,3.039
1095102,43.321709100140986,-1.9811093077444648,63,3.143
1095102,43.3228058285016,-1.9819173018358212,64,3.282
1095102,43.32255922968377,-1.9825380775780288,65,3.339
1095102,43.322473476542896,-1.9830205009480208,66,3.379
1105101,43.32253309809255,-1.9826371788684052,2,0.012
1105101,43.321680070907185,-1.984933014027683,3,0.221
1105101,43.321581365424514,-1.9849716563577975,4,0.232
1105101,43.32036717994944,-1.9841162493457731,5,0.384
1105101,43.31909853122793,-1.9832124544147862,6,0.542
1105101,43.31938004951122,-1.9824678091313428,7,0.61
1105101,43.319493248839976,-1.9820342813894682,8,0.648
1105101,43.31980220786029,-1.9813384976809574,9,0.714
1105101,43.32013641309119,-1.980444962251483,10,0.795
1105101,43.32070764047696,-1.978869147169517,11,0.938
1105101,43.321323971328994,-1.9773048787620424,12,1.082
1105101,43.32156164898883,-1.9766965772766678,13,1.138
1105101,43.321674274210416,-1.9762013680666068,14,1.18
1105101,43.32187284049745,-1.975248391743026,15,1.26
1105101,43.321949115570796,-1.9747167895784277,16,1.304
1105101,43.32209785491736,-1.9742332989529405,17,1.347
1105101,43.322304743450985,-1.973206170868185,18,1.433
1105101,43.32232086723719,-1.972996236615456,19,1.45
1105101,43.32232621531426,-1.9725891542279335,20,1.483
1105101,43.32226565885933,-1.9718625226455455,21,1.543
1105101,43.32228856536096,-1.9714058119265319,22,1.58
1105101,43.3222073377176,-1.9693845581293978,23,1.744
1105101,43.32212341567544,-1.968066339712683,24,1.851
1105101,43.32202937900745,-1.967623942111444,25,1.889
1105101,43.3220910643246,-1.9674749008873786,26,1.903
1105101,43.321821641537795,-1.9675534620490578,27,1.933
1105101,43.32170837173888,-1.9669757305800342,28,1.982
1105101,43.32141924831461,-1.9658706674062865,29,2.077
1105101,43.3212618474402,-1.9653923549503372,30,2.119
1105101,43.321130337540666,-1.9647902768139953,31,2.17
1105101,43.32086042822124,-1.9638205686813712,32,2.255
1105101,43.32065465003092,-1.9629731057246003,33,2.327
1105101,43.320513788848515,-1.9623341997737729,34,2.381
1105101,43.3203622417314,-1.9615104882719097,35,2.45
1105101,43.32025017389026,-1.9610684208405025,36,2.488
1105101,43.32029205195573,-1.9607223920055086,37,2.516
1105101,43.320253718754316,-1.9594774450432961,38,2.617
1105101,43.32017261831878,-1.9574932708339163,39,2.779
1105101,43.32014156201337,-1.9570498263393898,40,2.815
1105101,43.32016418447313,-1.956568465657884,41,2.854
1105101,43.32012333371783,-1.9560388608542354,42,2.897
1105101,43.32011815463779,-1.9554716476867482,43,2.943
1105101,43.320091811192135,-1.954559483408165,44,3.017
1105101,43.320040256396496,-1.9538450747504892,45,3.075
1105101,43.320044407992945,-1.9533147002709643,46,3.118
1105101,43.31996515888753,-1.9525267733167826,47,3.183
1105101,43.31989750649304,-1.9520222989068383,48,3.224
1105101,43.31986642902099,-1.951578859609229,49,3.26
1105101,43.319837837407654,-1.9514066950067492,50,3.275
1105101,43.319927641107675,-1.9513804852256416,51,3.285
1105101,43.319974125684396,-1.9515400097451432,52,3.299
1105101,43.32009218178438,-1.951648973292047,53,3.315
1105101,43.32025468757687,-1.951695509621404,54,3.333
1105101,43.320461191004405,-1.9516302952322782,55,3.357
1105101,43.32064901014808,-1.9514914051723917,56,3.38
1105101,43.32071101351181,-1.9513793439025506,57,3.392
1105101,43.32079742464917,-1.9509832084762357,58,3.425
1105101,43.321015597216395,-1.950227151814641,59,3.491
1105101,43.321129126475164,-1.9498428784934656,60,3.525
1105101,43.321289481445454,-1.9496551229853145,61,3.548
1105101,43.32130012341281,-1.9488533020097067,62,3.613
1105101,43.32127599543252,-1.9481877424243184,63,3.667
1105101,43.32131624601299,-1.9476690666228094,64,3.71
1105101,43.32134158648712,-1.9465093371314823,65,3.804
1105101,43.321342976070305,-1.9456830091888015,66,3.871
1105101,43.3211654380578,-1.9449831066067003,67,3.931
1105101,43.321109144985584,-1.9447374238459871,68,3.952
1105101,43.32099974402522,-1.9445913236166545,69,3.969
1105101,43.32105148563499,-1.9443437711731255,70,3.99
1105101,43.321222428039896,-1.9443284782706398,71,4.009
1105101,43.32135519569147,-1.9440795212957505,72,4.034
1105101,43.32146893192502,-1.9437198966681082,73,4.065
1105101,43.321555088487905,-1.9432990840330315,74,4.101
1105101,43.32157617095582,-1.9426574056755679,75,4.153
1105101,43.3215959949352,-1.9418800863308425,76,4.216
1105101,43.321634390364835,-1.941164108678105,77,4.274
1105101,43.32177169947683,-1.9404340780106044,78,4.335
1105101,43.32196302155825,-1.9397031046341768,79,4.398
1105101,43.322022611871645,-1.939332077290214,80,4.429
1105101,43.32196630668563,-1.9390863965470506,81,4.45
1105101,43.3218293177374,-1.9388791196666355,82,4.473
1105101,43.3218358033014,-1.9386076809450479,83,4.495
1105101,43.32195158260464,-1.938470001991886,84,4.512
1105101,43.32214999066645,-1.9385035463004858,85,4.534
1105101,43.32224265214405,-1.9387855935589693,86,4.559
1105101,43.32213724820392,-1.9390710886357392,87,4.585
1105101,43.32211435660835,-1.9395154767811478,88,4.621
1105101,43.32205522290819,-1.9399358287155588,89,4.656
1105101,43.32186150045459,-1.940407851227361,90,4.7
1105101,43.3217233923162,-1.9410515661196086,91,4.754
1105101,43.32167679331911,-1.9418540180172723,92,4.819
1105101,43.32180420363246,-1.9419998023757734,93,4.838
1105101,43.32198483302149,-1.942058332690368,94,4.858
1105101,43.32223680158273,-1.942041626936738,95,4.886
1105101,43.32245310054238,-1.9420625394174096,96,4.91
1105101,43.32256956853167,-1.9419988524974656,97,4.924
1105101,43.322764438739156,-1.9416501413815677,98,4.96
1105101,43.322842155380236,-1.9412911294249988,99,4.99
1105101,43.32297388856296,-1.9409311781225542,100,5.023
1105101,43.323178215299286,-1.940631629975205,101,5.056
1105101,43.323346415187416,-1.9403203745060733,102,5.088
1105101,43.32371187885603,-1.9399193535643537,103,5.14
1105101,43.323945498125504,-1.9398659571982537,104,5.166
1105101,43.32411826852432,-1.9400479543332898,105,5.19
1105101,43.32415725139799,-1.9403679465159687,106,5.216
1105101,43.32404261221072,-1.9406289415129716,107,5.241
1105101,43.323768545621036,-1.9411763732891598,108,5.295
1105101,43.32367430708254,-1.9416960114981652,109,5.338
1105101,43.3236241684222,-1.942116216024058,110,5.373
1105101,43.323571408348904,-1.943227132635653,111,5.463
1105101,43.32356137543868,-1.944090640560237,112,5.533
1105101,43.323485129501904,-1.9446099610136873,113,5.576
1105101,43.3233711630962,-1.9449449333320707,114,5.606
1105101,43.32317696510216,-1.9453676254071324,115,5.647
1105101,43.323089891639995,-1.9456897962517667,116,5.675
1105101,43.322919858454675,-1.9458037358914249,117,5.696
1105101,43.322740026567466,-1.9458315120766267,118,5.716
1105101,43.32254105207125,-1.9457362877317554,119,5.739
1105101,43.32244908981758,-1.9455282151090234,120,5.759
1105101,43.322397819728494,-1.9448507810180575,121,5.814
1105101,43.322422789702124,-1.9436540369113013,122,5.911
1105101,43.32248740714177,-1.9428512640663314,123,5.977
1105101,43.3225119080113,-1.9425795103257872,124,5.999
1105101,43.32241025287069,-1.9422976120830495,125,6.024
1105101,43.32219326964336,-1.9422027122584113,126,6.05
1105101,43.322031216515,-1.942205524145936,127,6.068
1105101,43.32178768059307,-1.9421604179153147,128,6.095
1105101,43.32168089971907,-1.942297933370207,129,6.111
1105101,43.321652411825426,-1.9431124027447262,130,6.177
1105101,43.32157673962636,-1.9436933628634179,131,6.225
1105101,43.32146414194979,-1.9441762976448416,132,6.266
1105101,43.321304706646316,-1.9444627152607694,133,6.295
1105101,43.321252851008545,-1.9446979377345344,134,6.315
1105101,43.321109144985584,-1.9447374238459871,135,6.332
1105101,43.321008405597176,-1.9445541751900073,136,6.35
1105101,43.32087028817484,-1.9442235807697086,137,6.381
1105101,43.32066721314077,-1.9436844562362146,138,6.43
1105101,43.32052031812871,-1.9433786832139528,139,6.46
1105101,43.32043530337473,-1.9429485117814649,140,6.496
1105101,43.32008976349688,-1.941610245080303,141,6.611
1105101,43.31986341709449,-1.9405042410146258,142,6.704
1105101,43.31971877268215,-1.9394708192515082,143,6.79
1105101,43.31976035651301,-1.9391001187203902,144,6.82
1105101,43.31997982373537,-1.9384920014922136,145,6.875
1105101,43.31997845024585,-1.9383440340079205,146,6.887
1105101,43.320028231769015,-1.93788685994591,147,6.925
1105101,43.31991996742909,-1.9378640808263217,148,6.937
1105101,43.31984553874434,-1.937606393104696,149,6.959
1105101,43.3199163022029,-1.937469501359052,150,6.973
1105101,43.320032882187,-1.9374181390900864,151,6.986
1105101,43.320082659995975,-1.9369609639357235,152,7.024
1105101,43.320177450659244,-1.936503002834756,153,7.063
1105101,43.320491575479465,-1.9354245765782572,154,7.157
1105101,43.32099015451735,-1.9338496021559484,155,7.296
1105101,43.321103168439016,-1.9334159762560286,156,7.333
1105101,43.32117001554151,-1.9328598282132932,157,7.379
1105101,43.321301628147594,-1.931525573069565,158,7.488
1105101,43.32124334719368,-1.9310702783021352,159,7.526
1105101,43.32129148511122,-1.9304404573623615,160,7.577
1105101,43.321255361916315,-1.9294667941557904,161,7.656
1105101,43.32122973513494,-1.928653274911541,162,7.722
1105101,43.32120248403688,-1.9276671248677861,163,7.802
1105101,43.321276802070734,-1.9269505108005642,164,7.861
1105101,43.32139992184989,-1.9256780548863144,165,7.965
1105101,43.32147260447759,-1.9247888041161874,166,8.037
1105101,43.321483652087764,-1.9240486342064738,167,8.097
1105101,43.32139101840466,-1.922816979233562,168,8.198
1105101,43.321251909188476,-1.9223877867218753,169,8.236
1105101,43.32110635231711,-1.9222300326794945,170,8.257
1105101,43.321069062404845,-1.9220950307514637,171,8.268
1105101,43.32095167611583,-1.9220601078156028,172,8.282
1105101,43.32090794001479,-1.922196541938932,173,8.294
1105101,43.320983216489154,-1.9225405299578362,174,8.323
1105101,43.32107742676281,-1.9229828469861803,175,8.36
1105101,43.32114671580084,-1.9236475967588118,176,8.415
1105101,43.321125276077495,-1.9242399518518918,177,8.463
1105101,43.32106828535881,-1.9248822648484032,178,8.515
1105101,43.32094320589259,-1.9259450921826076,179,8.602
1105101,43.320845447688875,-1.926082475130241,180,8.618
1105101,43.3206831637925,-1.9260606682971322,181,8.636
1105101,43.32037567538687,-1.9259180925290502,182,8.672
1105101,43.320169534928695,-1.9260203854641595,183,8.697
1105101,43.320007945760395,-1.9260725624807131,184,8.715
1105101,43.31979465449134,-1.9263723014229315,185,8.749
1105101,43.31968062586059,-1.9266949558459887,186,8.778
1105101,43.3197378829832,-1.927039259677532,187,8.807
1105101,43.320186889136004,-1.9278699781436457,188,8.89
1105101,43.320244258315135,-1.9282266166351687,189,8.92
1105101,43.32019312933012,-1.9285358319112222,190,8.946
1105101,43.32004377582396,-1.9289331008241675,191,8.982
1105101,43.319778768127975,-1.9294803897282808,192,9.035
1105101,43.31973548469376,-1.9296661382183962,193,9.051
1105101,43.3197380231819,-1.9299374101008062,194,9.073
1105101,43.31969416222821,-1.9300615054927917,195,9.084
1105101,43.319578162429984,-1.9301745340130996,196,9.1
1105101,43.31947889961218,-1.930151610791433,197,9.111
1105101,43.31943238538122,-1.9299921044589632,198,9.125
1105101,43.31947139921283,-1.9293501291363149,199,9.177
1105101,43.319366131762585,-1.928686023243602,200,9.233
1105101,43.319291220390056,-1.9283790276869854,201,9.259
1105101,43.31913620649115,-1.9281721007717212,202,9.283
1105101,43.318901437311034,-1.9281022336199318,203,9.31
1105101,43.31871341612977,-1.9282165304337968,204,9.332
1105101,43.318439408791164,-1.92876396850772,205,9.386
1105101,43.318291324210335,-1.9292968580636705,206,9.432
1105101,43.31828451435666,-1.9295312908129485,207,9.451
1105101,43.318177748754835,-1.9296688200647714,208,9.468
1105101,43.31800634705629,-1.9296348323429047,209,9.487
1105101,43.31773752872029,-1.9297752052790436,210,9.519
1105101,43.31749917942332,-1.9302850055969172,211,9.568
1105101,43.31727641261471,-1.93053555523449,212,9.6
1105101,43.31701024430202,-1.9309595123065906,213,9.645
1105101,43.31677904914392,-1.9312718650131435,214,9.681
1105101,43.316529732052324,-1.9315722009584357,215,9.718
1105101,43.316650455488926,-1.931964707689172,216,9.753
1105101,43.31659088875509,-1.9323357089653082,217,9.784
1105101,43.31642294041425,-1.9326716109411677,218,9.817
1105101,43.3164964596698,-1.9328306388564558,219,9.832
1105101,43.31646194350528,-1.9329915577062144,220,9.846
1105101,43.31636394649294,-1.9331042595391414,221,9.86
1105101,43.316338777881846,-1.9333020099871407,222,9.876
1105101,43.316458460721186,-1.9335835500036154,223,9.902
1105101,43.31657814287659,-1.9338650911344442,224,9.929
1105101,43.31667981847475,-1.9341469481315305,225,9.954
1105101,43.316682805710386,-1.9344675265813753,226,9.98
1105101,43.3166119309041,-1.9345920844788764,227,9.993
1105101,43.31638605338242,-1.9345097080286635,228,10.019
1105101,43.31613293722245,-1.9344031445081273,229,10.049
1105101,43.31593464281209,-1.934381946282122,230,10.071
1105101,43.31574627037633,-1.93445922885533,231,10.092
1105101,43.315378872822585,-1.9346506242729604,232,10.136
1105101,43.315226167391714,-1.9346902872096314,233,10.153
1105101,43.31503618680662,-1.9345949533613012,234,10.176
1105101,43.31484206999431,-1.9340557556197011,235,10.225
1105101,43.31469583931399,-1.9338240124620134,236,10.249
1105101,43.31450631782172,-1.9337780001170932,237,10.271
1105101,43.31429070705255,-1.9338310959578247,238,10.295
1105101,43.314274769876405,-1.9340533409151113,239,10.313
1105101,43.314241056166615,-1.934300559345502,240,10.334
1105101,43.314118346207316,-1.934660315349878,241,10.366
1105101,43.31395767134503,-1.9348110991821161,242,10.388
1105101,43.313503802096506,-1.935386267322882,243,10.456
1105101,43.31331692063127,-1.9356238240226102,244,10.485
1105101,43.313021773844135,-1.9358386060855794,245,10.522
1105101,43.31284355024705,-1.9360390149259008,246,10.547
1105101,43.31252970864443,-1.9361801327137929,247,10.584
1105101,43.31224310501745,-1.9363454360315777,248,10.618
1105101,43.31202829543286,-1.936484823746331,249,10.645
1105101,43.3121487726828,-1.9368526536664914,250,10.678
1105101,43.312277335109265,-1.9371216956680188,251,10.704
1105101,43.31237785702962,-1.9372802476883264,252,10.721
1105101,43.312540482981014,-1.9373390692373305,253,10.739
1105101,43.31267506902138,-1.9372873994300879,254,10.755
1105101,43.31303312470177,-1.937059197899347,255,10.799
1105101,43.313267430598124,-1.937079776322563,256,10.825
1105101,43.31343986162074,-1.9372247463051453,257,10.847
1105101,43.31353218231611,-1.9374697635768339,258,10.87
1105101,43.31353596161545,-1.9378766310561653,259,10.903
1105101,43.31342769717807,-1.9378538541536834,260,10.915
1105101,43.31317527098305,-1.937821257090667,261,10.943
1105101,43.313022907799116,-1.9378978982115986,262,10.961
1105101,43.312845710768954,-1.9382092637297499,263,10.993
1105101,43.31271215437469,-1.9383718940473023,264,11.013
1105101,43.31258645633398,-1.9384110756525412,265,11.027
1105101,43.31216285963225,-1.938369125424912,266,11.074
1105101,43.3120108393342,-1.9384827509002542,267,11.094
1105101,43.31191329433148,-1.9386447516214522,268,11.111
1105101,43.31189757647161,-1.9388916448104097,269,11.131
1105101,43.31189894904934,-1.9390395927148387,270,11.143
1105101,43.31199878217633,-1.9391241728981121,271,11.156
1105101,43.31200950045491,-1.939308951512857,272,11.171
1105101,43.31211001937787,-1.9394675065105753,273,11.188
1105101,43.31218032798133,-1.9392813182222288,274,11.205
1105102,43.312308656107156,-1.9395257074395833,2,0.024
1105102,43.312379079138836,-1.9393518476962233,3,0.04
1105102,43.31227890312209,-1.9392302794112053,4,0.055
1105102,43.31212585282675,-1.9392329416235032,5,0.072
1105102,43.31203593759141,-1.9392468366419258,6,0.082
1105102,43.312017016820086,-1.9391485177004262,7,0.09
1105102,43.31190806638068,-1.9390517650817187,8,0.105
1105102,43.31189620370255,-1.9387436969163991,9,0.13
1105102,43.31194850521431,-1.9385578218720763,10,0.146
1105102,43.31203739045802,-1.9384329646965697,11,0.16
1105102,43.31222588032458,-1.9383680283283922,12,0.182
1105102,43.312631242223134,-1.9383856337559824,13,0.227
1105102,43.31273870544053,-1.938322107217705,14,0.24
1105102,43.31283693674167,-1.938234078842456,15,0.253
1105102,43.3129963569236,-1.9379476854567526,16,0.282
1105102,43.313112364818984,-1.9378346840214518,17,0.298
1105102,43.31324740911292,-1.9378323318346717,18,0.313
1105102,43.31336444749833,-1.937830293259615,19,0.326
1105102,43.31346405249637,-1.937890214822362,20,0.338
1105102,43.31354210159436,-1.9375682412564765,21,0.365
1105102,43.31349502498427,-1.9373470979613574,22,0.384
1105102,43.31337592434575,-1.9371272103600212,23,0.406
1105102,43.31322207207665,-1.9370435731864182,24,0.424
1105102,43.313015347975835,-1.9370841701716282,25,0.448
1105102,43.3126123920414,-1.937325485049629,26,0.497
1105102,43.31245033889689,-1.9373283089559594,27,0.515
1105102,43.31233249856862,-1.9372440449169401,28,0.529
1105102,43.31224097955139,-1.9370853361560483,29,0.546
1105102,43.312010404179624,-1.936497466761448,30,0.6
1105102,43.31230566699733,-1.9362950205854852,31,0.636
1105102,43.31261905001057,-1.9361045874214984,32,0.675
1105102,43.312860867925565,-1.9359647257256776,33,0.704
1105102,43.313021200223034,-1.9357769600532393,34,0.727
1105102,43.31336170587003,-1.9355983797757834,35,0.768
1105102,43.31397544756068,-1.9347861258656047,36,0.862
1105102,43.31413485892558,-1.9344997182295522,37,0.892
1105102,43.31424082638543,-1.934275900451691,38,0.913
1105102,43.314281704113036,-1.93383125336717,39,0.95
1105102,43.314389164667425,-1.9337677170753953,40,0.963
1105102,43.31457834133307,-1.933776740767526,41,0.984
1105102,43.31473208094993,-1.933848041899538,42,1.002
1105102,43.31485118784987,-1.934067927809778,43,1.024
1105102,43.315016457889136,-1.934410323891657,44,1.057
1105102,43.315099322248784,-1.9346061818762206,45,1.076
1105102,43.315262064303525,-1.9346773284033765,46,1.095
1105102,43.31543277560846,-1.9346373508160994,47,1.114
1105102,43.31581783437494,-1.9344086511904364,48,1.16
1105102,43.31599754849623,-1.9343685151182834,49,1.181
1105102,43.316141940160676,-1.9344029871730388,50,1.197
1105102,43.31627744375286,-1.93444994657458,51,1.212
1105102,43.31659381016459,-1.934580069174492,52,1.249
1105102,43.316682690833325,-1.9344551966400887,53,1.263
1105102,43.31664369181666,-1.9341352477023481,54,1.29
1105102,43.316542246072906,-1.9338780507120954,55,1.313
1105102,43.316458460721186,-1.9335835500036154,56,1.339
1105102,43.31628395523315,-1.9332166459869122,57,1.374
1105102,43.31627242174892,-1.9329455467310417,58,1.396
1105102,43.31631582573028,-1.9327721409234913,59,1.411
1105102,43.316414052550286,-1.9326840984131994,60,1.424
1105102,43.31654598920278,-1.9323488270834832,61,1.455
1105102,43.316588816631516,-1.932113770521845,62,1.475
1105102,43.31666003413343,-1.9320261996249215,63,1.485
1105102,43.316640185871144,-1.9318292362393774,64,1.502
1105102,43.31652061393416,-1.9315600288166854,65,1.527
1105102,43.316725492448285,-1.9313221315658806,66,1.557
1105102,43.31693891239334,-1.9310347549650897,67,1.59
1105102,43.317116435161,-1.9307603378869092,68,1.62
1105102,43.31748913848481,-1.9301741927604845,69,1.683
1105102,43.317772848077155,-1.9297005923131687,70,1.733
1105102,43.31788803960121,-1.9295012551581587,71,1.753
1105102,43.317994920439354,-1.9293760564665958,72,1.769
1105102,43.318128463562225,-1.9292133923771686,73,1.789
1105102,43.31823696037403,-1.929260815962999,74,1.801
1105102,43.318310830622224,-1.9294568351105648,75,1.819
1105102,43.31834938122471,-1.9297274684867731,76,1.842
1105102,43.31846456798434,-1.9304900495990476,77,1.905
1105102,43.31856994014062,-1.9311664793334606,78,1.961
1105102,43.3186401027227,-1.9319298546757155,79,2.023
1105102,43.31875596528113,-1.9327664259857207,80,2.092
1105102,43.31881979120423,-1.9328516354129872,81,2.102
1105102,43.31878481492705,-1.9329632389679015,82,2.112
1105102,43.3188804797537,-1.9335658519770558,83,2.162
1105102,43.31896587436187,-1.9340329899044495,84,2.201
1105102,43.31904942885821,-1.9343028424591269,85,2.225
1105102,43.31917569972034,-1.9343253002192022,86,2.239
1105102,43.319273697854605,-1.934212595038238,87,2.253
1105102,43.31924358602259,-1.9338801448197842,88,2.28
1105102,43.3193212784316,-1.9335211442617124,89,2.311
1105102,43.31944593954948,-1.9333709735424525,90,2.329
1105102,43.31954474177425,-1.933344579944718,91,2.34
1105102,43.31992343981973,-1.933399617417554,92,2.383
1105102,43.32023011438966,-1.9334559155099473,93,2.417
1105102,43.3203306414088,-1.9336144818098222,94,2.434
1105102,43.320260457415856,-1.9338130321889455,95,2.452
1105102,43.319910607538056,-1.9339548089901786,96,2.493
1105102,43.319776942731316,-1.9341051370931663,97,2.512
1105102,43.31972602754468,-1.9344390064873749,98,2.539
1105102,43.319855744284766,-1.934831382250424,99,2.574
1105102,43.3198935933531,-1.935028042556679,100,2.591
1105102,43.31989543034676,-1.9352253320511885,101,2.607
1105102,43.319852826207104,-1.935485060520541,102,2.628
1105102,43.31973137496003,-1.9359804837491363,103,2.671
1105102,43.3195282070751,-1.9364033353232708,104,2.712
1105102,43.31935250491134,-1.9368750350742725,105,2.755
1105102,43.31918351201831,-1.9370999660524066,106,2.781
1105102,43.31884770103603,-1.9377841017077901,107,2.848
1105102,43.31884999123871,-1.9380307095693945,108,2.868
1105102,43.31899529774102,-1.9381638351866357,109,2.887
1105102,43.319129998454244,-1.938124491893009,110,2.902
1105102,43.319439260853386,-1.9374901476311381,111,2.964
1105102,43.31952860290901,-1.9374145954806234,112,2.976
1105102,43.31985385439386,-1.9375322526519876,113,3.013
1105102,43.32007824058202,-1.937454346451997,114,3.039
1105102,43.320188452310155,-1.9376867461581353,115,3.062
1105102,43.32004635216778,-1.9378988768968053,116,3.085
1105102,43.31985904576329,-1.9390614036337,117,3.181
1105102,43.31977004573634,-1.9391739455641488,118,3.195
1105102,43.31975524183521,-1.9395195151556066,119,3.223
1105102,43.32001260342944,-1.941056616501464,120,3.351
1105102,43.32050778289582,-1.9429965859986706,121,3.518
1105102,43.32078379601846,-1.9436331051370692,122,3.578
1105102,43.32094140113716,-1.9441236867487721,123,3.621
1105102,43.32105148563499,-1.9443437711731255,124,3.643
1105102,43.321222541862106,-1.9443408091693528,125,3.662
1105102,43.32130516187,-1.944512038924749,126,3.678
1105102,43.32127142582813,-1.9447592805988798,127,3.699
1105102,43.32133899655789,-1.945251426737607,128,3.739
1105102,43.321398471540014,-1.9458423772167097,129,3.788
1105102,43.321382670090436,-1.9480379071299374,130,3.966
1105102,43.32136059920579,-1.9495552345118499,131,4.089
1105102,43.32137560307753,-1.9502086197913793,132,4.142
1105102,43.321357305774505,-1.9511585680503316,133,4.219
1105102,43.32143400042906,-1.9526495311999714,134,4.34
1105102,43.3215045843995,-1.9534746248075887,135,4.407
1105102,43.32149018854406,-1.9538695255659704,136,4.439
1105102,43.32155615526776,-1.955175685182973,137,4.546
1105102,43.3216105159473,-1.9561983884462695,138,4.629
1105102,43.321660931500105,-1.9567895073851787,139,4.677
1105102,43.32165620179888,-1.9572582408172379,140,4.715
1105102,43.32172246675151,-1.9586014015690254,141,4.824
1105102,43.321782209573485,-1.9592293633244517,142,4.876
1105102,43.3217775820458,-1.959710428764037,143,4.915
1105102,43.32181087025491,-1.9604005083044713,144,4.971
1105102,43.32193048707269,-1.9606821278696667,145,4.997
1105102,43.32207711222288,-1.9609632882120496,146,5.025
1105102,43.32207924057681,-1.9611975798299073,147,5.044
1105102,43.32192076995156,-1.9615949366372971,148,5.081
1105102,43.321878665492655,-1.9619163119886935,149,5.107
1105102,43.321893151384344,-1.962520382793115,150,5.156
1105102,43.32195857258007,-1.9637772377956897,151,5.258
1105102,43.32203744563528,-1.965527188734154,152,5.401
1105102,43.3221851740194,-1.9659316732268257,153,5.437
1105102,43.322358683991396,-1.9662000583754577,154,5.466
1105102,43.322832747012605,-1.9668456787189321,155,5.541
1105102,43.323306138448636,-1.9674173206372427,156,5.611
1105102,43.323552337008046,-1.9677584840399567,157,5.65
1105102,43.32427214225421,-1.9686959741119343,158,5.76
1105102,43.32499171774312,-1.9696088227893573,159,5.869
1105102,43.325693280020616,-1.9705219971041728,160,5.976
1105102,43.3259392475332,-1.9708385224876448,161,6.014
1105102,43.326240008908506,-1.97124046277935,162,6.061
1105102,43.32649553197035,-1.9716185023531758,163,6.102
1105102,43.32653353992008,-1.9718398722135142,164,6.121
1105102,43.32647284663636,-1.9720999087002147,165,6.143
1105102,43.32612136674162,-1.9730678775849562,166,6.231
1105102,43.325673057426265,-1.9742841406130103,167,6.341
1105102,43.32510123282723,-1.9757861358729005,168,6.478
1105102,43.32474126982157,-1.9768158719741051,169,6.571
1105102,43.324327168883045,-1.977834170178845,170,6.665
1105102,43.32394885070624,-1.9788271882401403,171,6.756
1105102,43.323227980488745,-1.9807879227631382,172,6.934
1105102,43.32294877971127,-1.9817915821970487,173,7.021
1105102,43.32279671566356,-1.9819051208273974,174,7.041
1105102,43.32265595927572,-1.9822774666016953,175,7.075
1105102,43.32262236085037,-1.9825493570703656,176,7.097
1105202,43.32280304729487,-1.9458304222886182,2,0.033
1105202,43.32256806095461,-1.9457358206412423,3,0.061
1105202,43.32245763798315,-1.9454787347692,4,0.085
1105202,43.32240557114732,-1.944714982652445,5,0.147
1105202,43.32241560894553,-1.943851491115208,6,0.217
1105202,43.32245390267036,-1.9431231736830161,7,0.276
1105202,43.32252125299981,-1.9426163476263691,8,0.318
1105202,43.32241036691431,-1.9423099432139208,9,0.346
1105202,43.32218426669189,-1.942202868474998,10,0.372
1105202,43.322031216515,-1.942205524145936,11,0.389
1105202,43.3218414701859,-1.9421348185596299,12,0.411
1105202,43.32167212484928,-1.942322751533093,13,0.435
1105202,43.32165229786988,-1.9431000717639575,14,0.498
1105202,43.32155930315626,-1.9437553296713244,15,0.552
1105202,43.32132214350528,-1.9444007489079371,16,0.611
1105202,43.32126185396871,-1.9446977818914475,17,0.636
1105202,43.32134606602541,-1.9450416452146286,18,0.665
1105202,43.32140758816268,-1.9458545524839668,19,0.732
1105202,43.32138543276632,-1.9473595497688971,20,0.854
1105202,43.32136552396906,-1.9491111652621753,21,0.996
1105202,43.32137560307753,-1.9502086197913793,22,1.085
1105202,43.321357305774505,-1.9511585680503316,23,1.162
1105202,43.32143400042906,-1.9526495311999714,24,1.283
1105202,43.3215045843995,-1.9534746248075887,25,1.351
1105202,43.32149018854406,-1.9538695255659704,26,1.383
1105202,43.32155615526776,-1.955175685182973,27,1.489
1105202,43.3216105159473,-1.9561983884462695,28,1.572
1105202,43.321660931500105,-1.9567895073851787,29,1.62
1105202,43.32165620179888,-1.9572582408172379,30,1.658
1105202,43.32172246675151,-1.9586014015690254,31,1.767
1105202,43.321782209573485,-1.9592293633244517,32,1.819
1105202,43.3217775820458,-1.959710428764037,33,1.858
1105202,43.32181087025491,-1.9604005083044713,34,1.914
1105202,43.32193048707269,-1.9606821278696667,35,1.94
1105202,43.32207711222288,-1.9609632882120496,36,1.968
1105202,43.32207924057681,-1.9611975798299073,37,1.987
1105202,43.32192076995156,-1.9615949366372971,38,2.024
1105202,43.321878665492655,-1.9619163119886935,39,2.05
1105202,43.321893151384344,-1.962520382793115,40,2.099
1105202,43.32195857258007,-1.9637772377956897,41,2.202
1105202,43.32203744563528,-1.965527188734154,42,2.344
1105202,43.3221851740194,-1.9659316732268257,43,2.38
1105202,43.322358683991396,-1.9662000583754577,44,2.41
1105202,43.322832747012605,-1.9668456787189321,45,2.484
1105202,43.323306138448636,-1.9674173206372427,46,2.554
1105202,43.323552337008046,-1.9677584840399567,47,2.593
1105202,43.32427214225421,-1.9686959741119343,48,2.703
1105202,43.32499171774312,-1.9696088227893573,49,2.812
1105202,43.325693280020616,-1.9705219971041728,50,2.919
1105202,43.3259392475332,-1.9708385224876448,51,2.957
1105202,43.326240008908506,-1.97124046277935,52,3.004
1105202,43.32649553197035,-1.9716185023531758,53,3.045
1105202,43.32653353992008,-1.9718398722135142,54,3.064
1105202,43.32647284663636,-1.9720999087002147,55,3.086
1105202,43.32612136674162,-1.9730678775849562,56,3.174
1105202,43.325673057426265,-1.9742841406130103,57,3.284
1105202,43.32510123282723,-1.9757861358729005,58,3.421
1105202,43.32474126982157,-1.9768158719741051,59,3.514
1105202,43.324327168883045,-1.977834170178845,60,3.609
1105202,43.32394885070624,-1.9788271882401403,61,3.699
1105202,43.323227980488745,-1.9807879227631382,62,3.877
1105202,43.32294877971127,-1.9817915821970487,63,3.964
1105202,43.32279671566356,-1.9819051208273974,64,3.984
1105202,43.32265595927572,-1.9822774666016953,65,4.018
1105202,43.32262236085037,-1.9825493570703656,66,4.04
