trip_id,arrival_time,departure_time,stop_id,stop_sequence,stop_headsign,pickup_type,drop_off_type,shape_dist_traveled,timepoint
18080101003000305102,00:30:00,00:30:00,287,1,,0,0,0.0,0
18080101003000305102,00:31:00,00:31:00,362,2,,0,0,0.25,0
18080101003000305102,00:32:50,00:32:50,588,3,,0,0,1.004,0
18080101003000305102,00:33:20,00:33:20,364,4,,0,0,1.322,0
18080101003000305102,00:34:14,00:34:14,365,5,,0,0,1.755,0
18080101003000305102,00:37:08,00:37:08,46,6,,0,0,3.554,0
18080101003000305102,00:38:28,00:38:28,45,7,,0,0,3.961,0
18080101003000305102,00:39:43,00:39:43,44,8,,0,0,4.268,0
18080101003000305102,00:41:19,00:41:19,43,9,,0,0,4.863,0
18080101003000305102,00:42:51,00:42:51,42,10,,0,0,5.203,0
18080101003000305102,00:44:01,00:44:01,41,11,,0,0,5.397,0
18080101003000305102,00:45:09,00:45:09,40,12,,0,0,5.625,0
18080101003000305102,00:47:38,00:47:38,39,13,,0,0,6.741,0
18080101003000305102,00:49:39,00:49:39,225,14,,0,0,7.26,0
18080101003000305102,00:51:59,00:51:59,37,15,,0,0,7.644,0
18080101003000305102,00:54:06,00:54:06,34,16,,0,0,8.063,0
18080101003001005101,01:00:00,01:00:00,34,1,,0,0,0.0,0
18080101003001005101,01:02:36,01:02:36,35,2,,0,0,0.672,0
18080101003001005101,01:04:56,01:04:56,36,3,,0,0,1.097,0
18080101003001005101,01:08:07,01:08:07,239,4,,0,0,2.397,0
18080101003001005101,01:09:28,01:09:28,240,5,,0,0,2.646,0
18080101003001005101,01:10:50,01:10:50,241,6,,0,0,3.038,0
18080101003001005101,01:12:25,01:12:25,242,7,,0,0,3.462,0
18080101003001005101,01:13:37,01:13:37,244,8,,0,0,3.921,0
18080101003001005101,01:14:19,01:14:19,246,9,,0,0,4.141,0
18080101003001005101,01:15:12,01:15:12,248,10,,0,0,4.406,0
18080101003001005101,01:15:36,01:15:36,635,11,,0,0,4.623,0
18080101003001005101,01:16:02,01:16:02,373,12,,0,0,4.772,0
18080101003001005101,01:17:00,01:17:00,281,13,,0,0,5.194,0
18080101003001005101,01:17:53,01:17:53,50,14,,0,0,5.556,0
18080101003001005101,01:19:01,01:19:01,279,15,,0,0,6.031,0
18080101003001005101,01:20:36,01:20:36,353,16,,0,0,7.217,0
18080101003001005101,01:22:01,01:22:01,354,17,,0,0,7.781,0
18080101003001005101,01:23:01,01:23:01,599,18,,0,0,8.031,0
18080101003001005101,01:23:52,01:23:52,355,19,,0,0,8.402,0
18080101003001005101,01:24:41,01:24:41,356,20,,0,0,8.704,0
18080101003001005101,01:25:32,01:25:32,360,21,,0,0,8.996,0
18080101003001005101,01:26:37,01:26:37,361,22,,0,0,9.443,0
18080101003001005101,01:27:13,01:27:13,358,23,,0,0,9.622,0
18080101003001005101,01:28:26,01:28:26,287,24,,0,0,10.435,0
18080101003001305102,01:30:00,01:30:00,287,1,,0,0,0.0,0
18080101003001305102,01:31:00,01:31:00,362,2,,0,0,0.25,0
18080101003001305102,01:32:50,01:32:50,588,3,,0,0,1.004,0
18080101003001305102,01:33:20,01:33:20,364,4,,0,0,1.322,0
18080101003001305102,01:34:14,01:34:14,365,5,,0,0,1.755,0
18080101003001305102,01:37:08,01:37:08,46,6,,0,0,3.554,0
18080101003001305102,01:38:28,01:38:28,45,7,,0,0,3.961,0
18080101003001305102,01:39:43,01:39:43,44,8,,0,0,4.268,0
18080101003001305102,01:41:19,01:41:19,43,9,,0,0,4.863,0
18080101003001305102,01:42:51,01:42:51,42,10,,0,0,5.203,0
18080101003001305102,01:44:01,01:44:01,41,11,,0,0,5.397,0
18080101003001305102,01:45:09,01:45:09,40,12,,0,0,5.625,0
18080101003001305102,01:47:38,01:47:38,39,13,,0,0,6.741,0
18080101003001305102,01:49:39,01:49:39,225,14,,0,0,7.26,0
18080101003001305102,01:51:59,01:51:59,37,15,,0,0,7.644,0
18080101003001305102,01:54:06,01:54:06,34,16,,0,0,8.063,0
18080101003002005101,02:00:00,02:00:00,34,1,,0,0,0.0,0
18080101003002005101,02:02:36,02:02:36,35,2,,0,0,0.672,0
18080101003002005101,02:04:56,02:04:56,36,3,,0,0,1.097,0
18080101003002005101,02:08:07,02:08:07,239,4,,0,0,2.397,0
18080101003002005101,02:09:28,02:09:28,240,5,,0,0,2.646,0
18080101003002005101,02:10:50,02:10:50,241,6,,0,0,3.038,0
18080101003002005101,02:12:25,02:12:25,242,7,,0,0,3.462,0
18080101003002005101,02:13:37,02:13:37,244,8,,0,0,3.921,0
18080101003002005101,02:14:19,02:14:19,246,9,,0,0,4.141,0
18080101003002005101,02:15:12,02:15:12,248,10,,0,0,4.406,0
18080101003002005101,02:15:36,02:15:36,635,11,,0,0,4.623,0
18080101003002005101,02:16:02,02:16:02,373,12,,0,0,4.772,0
18080101003002005101,02:17:00,02:17:00,281,13,,0,0,5.194,0
18080101003002005101,02:17:53,02:17:53,50,14,,0,0,5.556,0
18080101003002005101,02:19:01,02:19:01,279,15,,0,0,6.031,0
18080101003002005101,02:20:36,02:20:36,353,16,,0,0,7.217,0
18080101003002005101,02:22:01,02:22:01,354,17,,0,0,7.781,0
18080101003002005101,02:23:01,02:23:01,599,18,,0,0,8.031,0
18080101003002005101,02:23:52,02:23:52,355,19,,0,0,8.402,0
18080101003002005101,02:24:41,02:24:41,356,20,,0,0,8.704,0
18080101003002005101,02:25:32,02:25:32,360,21,,0,0,8.996,0
18080101003002005101,02:26:37,02:26:37,361,22,,0,0,9.443,0
18080101003002005101,02:27:13,02:27:13,358,23,,0,0,9.622,0
18080101003002005101,02:28:26,02:28:26,287,24,,0,0,10.435,0
18080101003002305102,02:30:00,02:30:00,287,1,,0,0,0.0,0
18080101003002305102,02:31:00,02:31:00,362,2,,0,0,0.25,0
18080101003002305102,02:32:50,02:32:50,588,3,,0,0,1.004,0
18080101003002305102,02:33:20,02:33:20,364,4,,0,0,1.322,0
18080101003002305102,02:34:14,02:34:14,365,5,,0,0,1.755,0
18080101003002305102,02:37:08,02:37:08,46,6,,0,0,3.554,0
18080101003002305102,02:38:28,02:38:28,45,7,,0,0,3.961,0
18080101003002305102,02:39:43,02:39:43,44,8,,0,0,4.268,0
18080101003002305102,02:41:19,02:41:19,43,9,,0,0,4.863,0
18080101003002305102,02:42:51,02:42:51,42,10,,0,0,5.203,0
18080101003002305102,02:44:01,02:44:01,41,11,,0,0,5.397,0
18080101003002305102,02:45:09,02:45:09,40,12,,0,0,5.625,0
18080101003002305102,02:47:38,02:47:38,39,13,,0,0,6.741,0
18080101003002305102,02:49:39,02:49:39,225,14,,0,0,7.26,0
18080101003002305102,02:51:59,02:51:59,37,15,,0,0,7.644,0
18080101003002305102,02:54:06,02:54:06,34,16,,0,0,8.063,0
18080101003003005101,03:00:00,03:00:00,34,1,,0,0,0.0,0
18080101003003005101,03:02:36,03:02:36,35,2,,0,0,0.672,0
18080101003003005101,03:04:56,03:04:56,36,3,,0,0,1.097,0
18080101003003005101,03:08:07,03:08:07,239,4,,0,0,2.397,0
18080101003003005101,03:09:28,03:09:28,240,5,,0,0,2.646,0
18080101003003005101,03:10:50,03:10:50,241,6,,0,0,3.038,0
18080101003003005101,03:12:25,03:12:25,242,7,,0,0,3.462,0
18080101003003005101,03:13:37,03:13:37,244,8,,0,0,3.921,0
18080101003003005101,03:14:19,03:14:19,246,9,,0,0,4.141,0
18080101003003005101,03:15:12,03:15:12,248,10,,0,0,4.406,0
18080101003003005101,03:15:36,03:15:36,635,11,,0,0,4.623,0
18080101003003005101,03:16:02,03:16:02,373,12,,0,0,4.772,0
18080101003003005101,03:17:00,03:17:00,281,13,,0,0,5.194,0
18080101003003005101,03:17:53,03:17:53,50,14,,0,0,5.556,0
18080101003003005101,03:19:01,03:19:01,279,15,,0,0,6.031,0
18080101003003005101,03:20:36,03:20:36,353,16,,0,0,7.217,0
18080101003003005101,03:22:01,03:22:01,354,17,,0,0,7.781,0
18080101003003005101,03:23:01,03:23:01,599,18,,0,0,8.031,0
18080101003003005101,03:27:13,03:27:13,358,19,,0,0,8.402,0
18080101003003005101,03:28:26,03:28:26,287,20,,0,0,9.215,0
18080102003000155102,00:15:00,00:15:00,221,1,,0,0,0.0,0
18080102003000155102,00:15:50,00:15:50,222,2,,0,0,0.181,0
18080102003000155102,00:16:19,00:16:19,223,3,,0,0,0.415,0
18080102003000155102,00:16:57,00:16:57,224,4,,0,0,0.739,0
18080102003000155102,00:17:28,00:17:28,596,5,,0,0,0.924,0
18080102003000155102,00:18:39,00:18:39,597,6,,0,0,1.243,0
18080102003000155102,00:19:47,00:19:47,430,7,,0,0,1.5,0
18080102003000155102,00:20:56,00:20:56,432,8,,0,0,1.804,0
18080102003000155102,00:21:37,00:21:37,569,9,,0,0,2.133,0
18080102003000155102,00:22:16,00:22:16,226,10,,0,0,2.463,0
18080102003000155102,00:22:56,00:22:56,227,11,,0,0,2.783,0
18080102003000155102,00:23:31,00:23:31,228,12,,0,0,2.928,0
18080102003000155102,00:24:54,00:24:54,229,13,,0,0,3.554,0
18080102003000155102,00:27:08,00:27:08,297,14,,0,0,3.965,0
18080102003101005101,01:00:00,01:00:00,79,1,,0,0,0.0,0
18080102003101005101,01:02:54,01:02:54,208,2,,0,0,0.579,0
18080102003101005101,01:04:45,01:04:45,341,3,,0,0,1.022,0
18080102003101005101,01:05:57,01:05:57,213,4,,0,0,1.359,0
18080102003101005101,01:06:47,01:06:47,291,5,,0,0,1.718,0
18080102003101005101,01:07:54,01:07:54,292,6,,0,0,2.198,0
18080102003101005101,01:08:37,01:08:37,307,7,,0,0,2.328,0
18080102003101005101,01:09:08,01:09:08,293,8,,0,0,2.5,0
18080102003101005101,01:09:46,01:09:46,294,9,,0,0,2.646,0
18080102003101005101,01:10:38,01:10:38,295,10,,0,0,2.949,0
18080102003101005101,01:11:20,01:11:20,296,11,,0,0,3.164,0
18080102003101005101,01:12:19,01:12:19,218,12,,0,0,3.441,0
18080102003101005101,01:13:03,01:13:03,219,13,,0,0,3.738,0
18080102003101005101,01:13:40,01:13:40,220,14,,0,0,3.966,0
18080102003101005101,01:14:31,01:14:31,221,15,,0,0,4.258,0
18080102003101155102,01:15:00,01:15:00,221,1,,0,0,0.0,0
18080102003101155102,01:15:50,01:15:50,222,2,,0,0,0.181,0
18080102003101155102,01:16:19,01:16:19,223,3,,0,0,0.415,0
18080102003101155102,01:16:57,01:16:57,224,4,,0,0,0.739,0
18080102003101155102,01:17:28,01:17:28,596,5,,0,0,0.924,0
18080102003101155102,01:18:39,01:18:39,597,6,,0,0,1.243,0
18080102003101155102,01:19:47,01:19:47,430,7,,0,0,1.5,0
18080102003101155102,01:20:56,01:20:56,432,8,,0,0,1.804,0
18080102003101155102,01:21:37,01:21:37,569,9,,0,0,2.133,0
18080102003101155102,01:22:16,01:22:16,226,10,,0,0,2.463,0
18080102003101155102,01:22:56,01:22:56,227,11,,0,0,2.783,0
18080102003101155102,01:23:31,01:23:31,228,12,,0,0,2.928,0
18080102003101155102,01:24:54,01:24:54,229,13,,0,0,3.554,0
18080102003101155102,01:27:08,01:27:08,297,14,,0,0,3.965,0
18080102003101155102,01:28:42,01:28:42,37,15,,0,0,4.727,0
18080102003101155102,01:30:00,01:30:00,79,16,,0,0,5.099,0
18080102003102005101,02:00:00,02:00:00,79,1,,0,0,0.0,0
18080102003102005101,02:02:54,02:02:54,208,2,,0,0,0.579,0
18080102003102005101,02:04:45,02:04:45,341,3,,0,0,1.022,0
18080102003102005101,02:05:57,02:05:57,213,4,,0,0,1.359,0
18080102003102005101,02:06:47,02:06:47,291,5,,0,0,1.718,0
18080102003102005101,02:07:54,02:07:54,292,6,,0,0,2.198,0
18080102003102005101,02:08:37,02:08:37,307,7,,0,0,2.328,0
18080102003102005101,02:09:08,02:09:08,293,8,,0,0,2.5,0
18080102003102005101,02:09:46,02:09:46,294,9,,0,0,2.646,0
18080102003102005101,02:10:38,02:10:38,295,10,,0,0,2.949,0
18080102003102005101,02:11:20,02:11:20,296,11,,0,0,3.164,0
18080102003102005101,02:12:19,02:12:19,218,12,,0,0,3.441,0
18080102003102005101,02:13:03,02:13:03,219,13,,0,0,3.738,0
18080102003102005101,02:13:40,02:13:40,220,14,,0,0,3.966,0
18080102003102005101,02:14:31,02:14:31,221,15,,0,0,4.258,0
18080102003102155102,02:15:00,02:15:00,221,1,,0,0,0.0,0
18080102003102155102,02:15:50,02:15:50,222,2,,0,0,0.181,0
18080102003102155102,02:16:19,02:16:19,223,3,,0,0,0.415,0
18080102003102155102,02:16:57,02:16:57,224,4,,0,0,0.739,0
18080102003102155102,02:17:28,02:17:28,596,5,,0,0,0.924,0
18080102003102155102,02:18:39,02:18:39,597,6,,0,0,1.243,0
18080102003102155102,02:19:47,02:19:47,430,7,,0,0,1.5,0
18080102003102155102,02:20:56,02:20:56,432,8,,0,0,1.804,0
18080102003102155102,02:21:37,02:21:37,569,9,,0,0,2.133,0
18080102003102155102,02:22:16,02:22:16,226,10,,0,0,2.463,0
18080102003102155102,02:22:56,02:22:56,227,11,,0,0,2.783,0
18080102003102155102,02:23:31,02:23:31,228,12,,0,0,2.928,0
18080102003102155102,02:24:54,02:24:54,229,13,,0,0,3.554,0
18080102003102155102,02:27:08,02:27:08,297,14,,0,0,3.965,0
18080102003102155102,02:28:42,02:28:42,37,15,,0,0,4.727,0
18080102003102155102,02:30:00,02:30:00,79,16,,0,0,5.099,0
18080102003103005101,03:00:00,03:00:00,79,1,,0,0,0.0,0
18080102003103005101,03:02:54,03:02:54,208,2,,0,0,0.579,0
18080102003103005101,03:04:45,03:04:45,341,3,,0,0,1.022,0
18080102003103005101,03:05:57,03:05:57,213,4,,0,0,1.359,0
18080102003103005101,03:06:47,03:06:47,291,5,,0,0,1.718,0
18080102003103005101,03:07:54,03:07:54,292,6,,0,0,2.198,0
18080102003103005101,03:08:37,03:08:37,307,7,,0,0,2.328,0
18080102003103005101,03:09:08,03:09:08,293,8,,0,0,2.5,0
18080102003103005101,03:09:46,03:09:46,294,9,,0,0,2.646,0
18080102003103005101,03:10:38,03:10:38,295,10,,0,0,2.949,0
18080102003103005101,03:11:20,03:11:20,296,11,,0,0,3.164,0
18080103003000205102,00:20:00,00:20:00,92,1,,0,0,0.0,0
18080103003000205102,00:21:26,00:21:26,93,2,,0,0,0.378,0
18080103003000205102,00:22:33,00:22:33,369,3,,0,0,0.68,0
18080103003000205102,00:23:50,00:23:50,95,4,,0,0,1.017,0
18080103003000205102,00:25:10,00:25:10,65,5,,0,0,2.029,0
18080103003000205102,00:26:00,00:26:00,66,6,,0,0,2.205,0
18080103003000205102,00:26:50,00:26:50,67,7,,0,0,2.463,0
18080103003000205102,00:27:54,00:27:54,68,8,,0,0,2.731,0
18080103003000205102,00:28:54,00:28:54,69,9,,0,0,3.116,0
18080103003000205102,00:29:33,00:29:33,524,10,,0,0,3.282,0
18080103003000205102,00:30:14,00:30:14,70,11,,0,0,3.489,0
18080103003000205102,00:31:00,00:31:00,71,12,,0,0,3.751,0
18080103003000205102,00:31:41,00:31:41,72,13,,0,0,4.018,0
18080103003000205102,00:32:32,00:32:32,73,14,,0,0,4.312,0
18080103003000205102,00:33:02,00:33:02,96,15,,0,0,4.843,0
18080103003000205102,00:33:51,00:33:51,286,16,,0,0,5.172,0
18080103003000205102,00:34:35,00:34:35,97,17,,0,0,5.493,0
18080103003000205102,00:35:28,00:35:28,98,18,,0,0,5.712,0
18080103003000205102,00:36:48,00:36:48,288,19,,0,0,6.007,0
18080103003000205102,00:38:28,00:38:28,100,20,,0,0,6.321,0
18080103003000205102,00:39:44,00:39:44,101,21,,0,0,6.617,0
18080103003000205102,00:41:50,00:41:50,494,22,,0,0,7.001,0
18080103003000205102,00:43:02,00:43:02,77,23,,0,0,7.236,0
18080103003000205102,00:45:28,00:45:28,56,24,,0,0,7.725,0
18080103003001005101,01:00:00,01:00:00,56,1,,0,0,0.0,0
18080103003001005101,01:03:57,01:03:57,80,2,,0,0,0.631,0
18080103003001005101,01:06:37,01:06:37,81,3,,0,0,1.38,0
18080103003001005101,01:08:15,01:08:15,82,4,,0,0,1.659,0
18080103003001005101,01:09:16,01:09:16,83,5,,0,0,1.93,0
18080103003001005101,01:10:25,01:10:25,84,6,,0,0,2.111,0
18080103003001005101,01:11:39,01:11:39,85,7,,0,0,2.37,0
18080103003001005101,01:12:24,01:12:24,86,8,,0,0,2.546,0
18080103003001005101,01:13:34,01:13:34,87,9,,0,0,2.897,0
18080103003001005101,01:15:12,01:15:12,88,10,,0,0,3.317,0
18080103003001005101,01:16:15,01:16:15,89,11,,0,0,3.568,0
18080103003001005101,01:17:15,01:17:15,90,12,,0,0,3.825,0
18080103003001005101,01:18:22,01:18:22,91,13,,0,0,4.159,0
18080103003001005101,01:19:44,01:19:44,92,14,,0,0,4.576,0
18080103003001205102,01:20:00,01:20:00,92,1,,0,0,0.0,0
18080103003001205102,01:21:26,01:21:26,93,2,,0,0,0.378,0
18080103003001205102,01:22:33,01:22:33,369,3,,0,0,0.68,0
18080103003001205102,01:23:50,01:23:50,95,4,,0,0,1.017,0
18080103003001205102,01:25:10,01:25:10,65,5,,0,0,2.029,0
18080103003001205102,01:26:00,01:26:00,66,6,,0,0,2.205,0
18080103003001205102,01:26:50,01:26:50,67,7,,0,0,2.463,0
18080103003001205102,01:27:54,01:27:54,68,8,,0,0,2.731,0
18080103003001205102,01:28:54,01:28:54,69,9,,0,0,3.116,0
18080103003001205102,01:29:33,01:29:33,524,10,,0,0,3.282,0
18080103003001205102,01:30:14,01:30:14,70,11,,0,0,3.489,0
18080103003001205102,01:31:00,01:31:00,71,12,,0,0,3.751,0
18080103003001205102,01:31:41,01:31:41,72,13,,0,0,4.018,0
18080103003001205102,01:32:32,01:32:32,73,14,,0,0,4.312,0
18080103003001205102,01:33:02,01:33:02,96,15,,0,0,4.843,0
18080103003001205102,01:33:51,01:33:51,286,16,,0,0,5.172,0
18080103003001205102,01:34:35,01:34:35,97,17,,0,0,5.493,0
18080103003001205102,01:35:28,01:35:28,98,18,,0,0,5.712,0
18080103003001205102,01:36:48,01:36:48,288,19,,0,0,6.007,0
18080103003001205102,01:38:28,01:38:28,100,20,,0,0,6.321,0
18080103003001205102,01:39:44,01:39:44,101,21,,0,0,6.617,0
18080103003001205102,01:41:50,01:41:50,494,22,,0,0,7.001,0
18080103003001205102,01:43:02,01:43:02,77,23,,0,0,7.236,0
18080103003001205102,01:45:28,01:45:28,56,24,,0,0,7.725,0
18080103003002005101,02:00:00,02:00:00,56,1,,0,0,0.0,0
18080103003002005101,02:03:57,02:03:57,80,2,,0,0,0.631,0
18080103003002005101,02:06:37,02:06:37,81,3,,0,0,1.38,0
18080103003002005101,02:08:15,02:08:15,82,4,,0,0,1.659,0
18080103003002005101,02:09:16,02:09:16,83,5,,0,0,1.93,0
18080103003002005101,02:10:25,02:10:25,84,6,,0,0,2.111,0
18080103003002005101,02:11:39,02:11:39,85,7,,0,0,2.37,0
18080103003002005101,02:12:24,02:12:24,86,8,,0,0,2.546,0
18080103003002005101,02:13:34,02:13:34,87,9,,0,0,2.897,0
18080103003002005101,02:15:12,02:15:12,88,10,,0,0,3.317,0
18080103003002005101,02:16:15,02:16:15,89,11,,0,0,3.568,0
18080103003002005101,02:17:15,02:17:15,90,12,,0,0,3.825,0
18080103003002005101,02:18:22,02:18:22,91,13,,0,0,4.159,0
18080103003002005101,02:19:44,02:19:44,92,14,,0,0,4.576,0
18080103003002205102,02:20:00,02:20:00,92,1,,0,0,0.0,0
18080103003002205102,02:21:26,02:21:26,93,2,,0,0,0.378,0
18080103003002205102,02:22:33,02:22:33,369,3,,0,0,0.68,0
18080103003002205102,02:23:50,02:23:50,95,4,,0,0,1.017,0
18080103003002205102,02:25:10,02:25:10,65,5,,0,0,2.029,0
18080103003002205102,02:26:00,02:26:00,66,6,,0,0,2.205,0
18080103003002205102,02:26:50,02:26:50,67,7,,0,0,2.463,0
18080103003002205102,02:27:54,02:27:54,68,8,,0,0,2.731,0
18080103003002205102,02:28:54,02:28:54,69,9,,0,0,3.116,0
18080103003002205102,02:29:33,02:29:33,524,10,,0,0,3.282,0
18080103003002205102,02:30:14,02:30:14,70,11,,0,0,3.489,0
18080103003002205102,02:31:00,02:31:00,71,12,,0,0,3.751,0
18080103003002205102,02:31:41,02:31:41,72,13,,0,0,4.018,0
18080103003002205102,02:32:32,02:32:32,73,14,,0,0,4.312,0
18080103003002205102,02:33:02,02:33:02,96,15,,0,0,4.843,0
18080103003002205102,02:33:51,02:33:51,286,16,,0,0,5.172,0
18080103003002205102,02:34:35,02:34:35,97,17,,0,0,5.493,0
18080103003002205102,02:35:28,02:35:28,98,18,,0,0,5.712,0
18080103003002205102,02:36:48,02:36:48,288,19,,0,0,6.007,0
18080103003002205102,02:38:28,02:38:28,100,20,,0,0,6.321,0
18080103003002205102,02:39:44,02:39:44,101,21,,0,0,6.617,0
18080103003002205102,02:41:50,02:41:50,494,22,,0,0,7.001,0
18080103003002205102,02:43:02,02:43:02,77,23,,0,0,7.236,0
18080103003002205102,02:45:28,02:45:28,56,24,,0,0,7.725,0
18080103003003005101,03:00:00,03:00:00,56,1,,0,0,0.0,0
18080103003003005101,03:03:57,03:03:57,80,2,,0,0,0.631,0
18080103003003005101,03:06:37,03:06:37,81,3,,0,0,1.38,0
18080103003003005101,03:08:15,03:08:15,82,4,,0,0,1.659,0
18080103003003005101,03:09:16,03:09:16,83,5,,0,0,1.93,0
18080103003003005101,03:10:25,03:10:25,84,6,,0,0,2.111,0
18080103003003005101,03:11:39,03:11:39,85,7,,0,0,2.37,0
18080103003003005101,03:12:24,03:12:24,86,8,,0,0,2.546,0
18080103003003005101,03:13:34,03:13:34,87,9,,0,0,2.897,0
18080103003003005101,03:15:12,03:15:12,88,10,,0,0,3.317,0
18080103003003005101,03:16:15,03:16:15,89,11,,0,0,3.568,0
18080103003003005101,03:17:15,03:17:15,90,12,,0,0,3.825,0
18080103003003005101,03:18:22,03:18:22,91,13,,0,0,4.159,0
18080103003100205102,00:20:00,00:20:00,92,1,,0,0,0.0,0
18080103003100205102,00:21:26,00:21:26,93,2,,0,0,0.378,0
18080103003100205102,00:22:33,00:22:33,369,3,,0,0,0.68,0
18080103003100205102,00:23:50,00:23:50,95,4,,0,0,1.017,0
18080103003100205102,00:25:10,00:25:10,65,5,,0,0,2.029,0
18080103003100205102,00:26:00,00:26:00,66,6,,0,0,2.205,0
18080103003100205102,00:26:50,00:26:50,67,7,,0,0,2.463,0
18080103003100205102,00:27:54,00:27:54,68,8,,0,0,2.731,0
18080103003100205102,00:28:54,00:28:54,69,9,,0,0,3.116,0
18080103003100205102,00:29:33,00:29:33,524,10,,0,0,3.282,0
18080103003100205102,00:30:14,00:30:14,70,11,,0,0,3.489,0
18080103003100205102,00:31:00,00:31:00,71,12,,0,0,3.751,0
18080103003100205102,00:31:41,00:31:41,72,13,,0,0,4.018,0
18080103003100205102,00:32:32,00:32:32,73,14,,0,0,4.312,0
18080103003100205102,00:33:02,00:33:02,96,15,,0,0,4.843,0
18080103003100205102,00:33:51,00:33:51,286,16,,0,0,5.172,0
18080103003100205102,00:34:35,00:34:35,97,17,,0,0,5.493,0
18080103003100205102,00:35:28,00:35:28,98,18,,0,0,5.712,0
18080103003100205102,00:36:48,00:36:48,288,19,,0,0,6.007,0
18080103003100205102,00:41:50,00:41:50,494,20,,0,0,6.321,0
18080104003000305102,00:30:00,00:30:00,18,1,,0,0,0.0,0
18080104003000305102,00:31:09,00:31:09,586,2,,0,0,0.395,0
18080104003000305102,00:31:49,00:31:49,19,3,,0,0,0.64,0
18080104003000305102,00:32:39,00:32:39,20,4,,0,0,1.019,0
18080104003000305102,00:33:09,00:33:09,21,5,,0,0,1.355,0
18080104003000305102,00:33:41,00:33:41,22,6,,0,0,1.601,0
18080104003000305102,00:35:11,00:35:11,601,7,,0,0,1.983,0
18080104003000305102,00:36:14,00:36:14,23,8,,0,0,2.186,0
18080104003000305102,00:37:27,00:37:27,24,9,,0,0,2.415,0
18080104003000305102,00:38:11,00:38:11,498,10,,0,0,2.598,0
18080104003000305102,00:39:11,00:39:11,399,11,,0,0,2.92,0
18080104003000305102,00:40:00,00:40:00,284,12,,0,0,3.129,0
18080104003000305102,00:41:30,00:41:30,525,13,,0,0,3.587,0
18080104003000305102,00:43:32,00:43:32,27,14,,0,0,3.978,0
18080104003000305102,00:45:36,00:45:36,28,15,,0,0,4.382,0
18080104003000305102,00:46:49,00:46:49,29,16,,0,0,4.624,0
18080104003000305102,00:48:28,00:48:28,30,17,,0,0,5.037,0
18080104003000305102,00:51:10,00:51:10,17,18,,0,0,5.583,0
18080104003000305102,00:53:40,00:53:40,32,19,,0,0,6.236,0
18080104003000305102,00:55:36,00:55:36,1,20,,0,0,6.603,0
18080104003001005101,01:00:00,01:00:00,1,1,,0,0,0.0,0
18080104003001005101,01:02:54,01:02:54,2,2,,0,0,0.671,0
18080104003001005101,01:04:58,01:04:58,3,3,,0,0,1.142,0
18080104003001005101,01:06:43,01:06:43,4,4,,0,0,1.61,0
18080104003001005101,01:07:39,01:07:39,5,5,,0,0,1.843,0
18080104003001005101,01:09:30,01:09:30,6,6,,0,0,2.339,0
18080104003001005101,01:10:37,01:10:37,199,7,,0,0,2.575,0
18080104003001005101,01:12:48,01:12:48,8,8,,0,0,3.107,0
18080104003001005101,01:14:42,01:14:42,405,9,,0,0,3.702,0
18080104003001005101,01:15:42,01:15:42,402,10,,0,0,3.905,0
18080104003001005101,01:16:52,01:16:52,38,11,,0,0,4.14,0
18080104003001005101,01:17:32,01:17:32,9,12,,0,0,4.348,0
18080104003001005101,01:18:36,01:18:36,10,13,,0,0,4.492,0
18080104003001005101,01:19:33,01:19:33,11,14,,0,0,4.731,0
18080104003001005101,01:20:02,01:20:02,59,15,,0,0,5.182,0
18080104003001005101,01:20:53,01:20:53,13,16,,0,0,5.514,0
18080104003001005101,01:21:52,01:21:52,15,17,,0,0,6.16,0
18080104003001005101,01:23:17,01:23:17,585,18,,0,0,6.391,0
18080104003001005101,01:24:00,01:24:00,16,19,,0,0,6.633,0
18080104003001005101,01:25:12,01:25:12,18,20,,0,0,6.787,0
18080104003001305102,01:30:00,01:30:00,18,1,,0,0,0.0,0
18080104003001305102,01:31:09,01:31:09,586,2,,0,0,0.395,0
18080104003001305102,01:31:49,01:31:49,19,3,,0,0,0.64,0
18080104003001305102,01:32:39,01:32:39,20,4,,0,0,1.019,0
18080104003001305102,01:33:09,01:33:09,21,5,,0,0,1.355,0
18080104003001305102,01:33:41,01:33:41,22,6,,0,0,1.601,0
18080104003001305102,01:35:11,01:35:11,601,7,,0,0,1.983,0
18080104003001305102,01:36:14,01:36:14,23,8,,0,0,2.186,0
18080104003001305102,01:37:27,01:37:27,24,9,,0,0,2.415,0
18080104003001305102,01:38:11,01:38:11,498,10,,0,0,2.598,0
18080104003001305102,01:39:11,01:39:11,399,11,,0,0,2.92,0
18080104003001305102,01:40:00,01:40:00,284,12,,0,0,3.129,0
18080104003001305102,01:41:30,01:41:30,525,13,,0,0,3.587,0
18080104003001305102,01:43:32,01:43:32,27,14,,0,0,3.978,0
18080104003001305102,01:45:36,01:45:36,28,15,,0,0,4.382,0
18080104003001305102,01:46:49,01:46:49,29,16,,0,0,4.624,0
18080104003001305102,01:48:28,01:48:28,30,17,,0,0,5.037,0
18080104003001305102,01:51:10,01:51:10,17,18,,0,0,5.583,0
18080104003001305102,01:53:40,01:53:40,32,19,,0,0,6.236,0
18080104003001305102,01:55:36,01:55:36,1,20,,0,0,6.603,0
18080104003002005101,02:00:00,02:00:00,1,1,,0,0,0.0,0
18080104003002005101,02:02:54,02:02:54,2,2,,0,0,0.671,0
18080104003002005101,02:04:58,02:04:58,3,3,,0,0,1.142,0
18080104003002005101,02:06:43,02:06:43,4,4,,0,0,1.61,0
18080104003002005101,02:07:39,02:07:39,5,5,,0,0,1.843,0
18080104003002005101,02:09:30,02:09:30,6,6,,0,0,2.339,0
18080104003002005101,02:10:37,02:10:37,199,7,,0,0,2.575,0
18080104003002005101,02:12:48,02:12:48,8,8,,0,0,3.107,0
18080104003002005101,02:14:42,02:14:42,405,9,,0,0,3.702,0
18080104003002005101,02:15:42,02:15:42,402,10,,0,0,3.905,0
18080104003002005101,02:16:52,02:16:52,38,11,,0,0,4.14,0
18080104003002005101,02:17:32,02:17:32,9,12,,0,0,4.348,0
18080104003002005101,02:18:36,02:18:36,10,13,,0,0,4.492,0
18080104003002005101,02:19:33,02:19:33,11,14,,0,0,4.731,0
18080104003002005101,02:20:02,02:20:02,59,15,,0,0,5.182,0
18080104003002005101,02:20:53,02:20:53,13,16,,0,0,5.514,0
18080104003002005101,02:21:52,02:21:52,15,17,,0,0,6.16,0
18080104003002005101,02:23:17,02:23:17,585,18,,0,0,6.391,0
18080104003002005101,02:24:00,02:24:00,16,19,,0,0,6.633,0
18080104003002005101,02:25:12,02:25:12,18,20,,0,0,6.787,0
18080104003002305102,02:30:00,02:30:00,18,1,,0,0,0.0,0
18080104003002305102,02:31:09,02:31:09,586,2,,0,0,0.395,0
18080104003002305102,02:31:49,02:31:49,19,3,,0,0,0.64,0
18080104003002305102,02:32:39,02:32:39,20,4,,0,0,1.019,0
18080104003002305102,02:33:09,02:33:09,21,5,,0,0,1.355,0
18080104003002305102,02:33:41,02:33:41,22,6,,0,0,1.601,0
18080104003002305102,02:35:11,02:35:11,601,7,,0,0,1.983,0
18080104003002305102,02:36:14,02:36:14,23,8,,0,0,2.186,0
18080104003002305102,02:37:27,02:37:27,24,9,,0,0,2.415,0
18080104003002305102,02:38:11,02:38:11,498,10,,0,0,2.598,0
18080104003002305102,02:39:11,02:39:11,399,11,,0,0,2.92,0
18080104003002305102,02:40:00,02:40:00,284,12,,0,0,3.129,0
18080104003002305102,02:41:30,02:41:30,525,13,,0,0,3.587,0
18080104003002305102,02:43:32,02:43:32,27,14,,0,0,3.978,0
18080104003002305102,02:45:36,02:45:36,28,15,,0,0,4.382,0
18080104003002305102,02:46:49,02:46:49,29,16,,0,0,4.624,0
18080104003002305102,02:48:28,02:48:28,30,17,,0,0,5.037,0
18080104003002305102,02:51:10,02:51:10,17,18,,0,0,5.583,0
18080104003002305102,02:53:40,02:53:40,32,19,,0,0,6.236,0
18080104003002305102,02:55:36,02:55:36,1,20,,0,0,6.603,0
18080104003003005101,03:00:00,03:00:00,1,1,,0,0,0.0,0
18080104003003005101,03:02:54,03:02:54,2,2,,0,0,0.671,0
18080104003003005101,03:04:58,03:04:58,3,3,,0,0,1.142,0
18080104003003005101,03:06:43,03:06:43,4,4,,0,0,1.61,0
18080104003003005101,03:07:39,03:07:39,5,5,,0,0,1.843,0
18080104003003005101,03:09:30,03:09:30,6,6,,0,0,2.339,0
18080104003003005101,03:10:37,03:10:37,199,7,,0,0,2.575,0
18080104003003005101,03:12:48,03:12:48,8,8,,0,0,3.107,0
18080104003003005101,03:14:42,03:14:42,405,9,,0,0,3.702,0
18080104003003005101,03:15:42,03:15:42,402,10,,0,0,3.905,0
18080104003003005101,03:16:52,03:16:52,38,11,,0,0,4.14,0
18080104003003005101,03:17:32,03:17:32,9,12,,0,0,4.348,0
18080104003003005101,03:18:36,03:18:36,10,13,,0,0,4.492,0
18080104003003005101,03:19:33,03:19:33,11,14,,0,0,4.731,0
18080104003003005101,03:20:02,03:20:02,59,15,,0,0,5.182,0
18080104003003005101,03:20:53,03:20:53,13,16,,0,0,5.514,0
18080104003100205101,00:20:00,00:20:00,1,1,,0,0,0.0,0
18080104003100205101,00:22:54,00:22:54,2,2,,0,0,0.671,0
18080104003100205101,00:24:58,00:24:58,3,3,,0,0,1.142,0
18080104003100205101,00:26:43,00:26:43,4,4,,0,0,1.61,0
18080104003100205101,00:27:39,00:27:39,5,5,,0,0,1.843,0
18080104003100205101,00:29:30,00:29:30,6,6,,0,0,2.339,0
18080104003100205101,00:30:37,00:30:37,199,7,,0,0,2.575,0
18080104003100205101,00:32:48,00:32:48,8,8,,0,0,3.107,0
18080104003100205101,00:34:42,00:34:42,405,9,,0,0,3.702,0
18080104003100205101,00:35:42,00:35:42,402,10,,0,0,3.905,0
18080104003100205101,00:36:52,00:36:52,38,11,,0,0,4.14,0
18080104003100205101,00:37:32,00:37:32,9,12,,0,0,4.348,0
18080104003100205101,00:38:36,00:38:36,10,13,,0,0,4.492,0
18080104003100205101,00:39:33,00:39:33,11,14,,0,0,4.731,0
18080104003100205101,00:40:02,00:40:02,59,15,,0,0,5.182,0
18080104003100205101,00:40:53,00:40:53,13,16,,0,0,5.514,0
18080106003000155102,00:15:00,00:15:00,120,1,,0,0,0.0,0
18080106003000155102,00:16:07,00:16:07,121,2,,0,0,0.361,0
18080106003000155102,00:17:18,00:17:18,122,3,,0,0,0.761,0
18080106003000155102,00:17:54,00:17:54,123,4,,0,0,0.924,0
18080106003000155102,00:18:24,00:18:24,603,5,,0,0,1.088,0
18080106003000155102,00:18:54,00:18:54,124,6,,0,0,1.343,0
18080106003000155102,00:19:38,00:19:38,413,7,,0,0,1.504,0
18080106003000155102,00:20:29,00:20:29,125,8,,0,0,1.778,0
18080106003000155102,00:21:29,00:21:29,144,9,,0,0,2.207,0
18080106003000155102,00:22:17,00:22:17,142,10,,0,0,2.578,0
18080106003000155102,00:23:04,00:23:04,140,11,,0,0,2.927,0
18080106003000155102,00:24:39,00:24:39,138,12,,0,0,3.764,0
18080106003000155102,00:25:57,00:25:57,129,13,,0,0,4.415,0
18080106003000155102,00:27:10,00:27:10,130,14,,0,0,4.818,0
18080106003000155102,00:29:09,00:29:09,539,15,,0,0,5.55,0
18080106003000155102,00:30:04,00:30:04,161,16,,0,0,5.972,0
18080106003000155102,00:31:15,00:31:15,159,17,,0,0,6.251,0
18080106003000155102,00:32:24,00:32:24,131,18,,0,0,6.67,0
18080106003000155102,00:33:22,00:33:22,132,19,,0,0,6.935,0
18080106003000155102,00:33:59,00:33:59,94,20,,0,0,7.204,0
18080106003000155102,00:34:36,00:34:36,133,21,,0,0,7.402,0
18080106003000155102,00:36:19,00:36:19,134,22,,0,0,8.136,0
18080106003000155102,00:37:33,00:37:33,135,23,,0,0,8.54,0
18080106003000155102,00:39:10,00:39:10,136,24,,0,0,9.096,0
18080106003000155102,00:40:53,00:40:53,102,25,,0,0,9.622,0
18080106003001005101,01:00:00,01:00:00,102,1,,0,0,0.0,0
18080106003001005101,01:03:16,01:03:16,103,2,,0,0,0.648,0
18080106003001005101,01:05:40,01:05:40,104,3,,0,0,1.304,0
18080106003001005101,01:06:43,01:06:43,105,4,,0,0,1.541,0
18080106003001005101,01:07:43,01:07:43,106,5,,0,0,1.932,0
18080106003001005101,01:09:26,01:09:26,107,6,,0,0,2.485,0
18080106003001005101,01:10:10,01:10:10,78,7,,0,0,2.737,0
18080106003001005101,01:10:47,01:10:47,108,8,,0,0,3.052,0
18080106003001005101,01:11:35,01:11:35,109,9,,0,0,3.326,0
18080106003001005101,01:12:53,01:12:53,158,10,,0,0,3.728,0
18080106003001005101,01:13:53,01:13:53,110,11,,0,0,3.879,0
18080106003001005101,01:14:56,01:14:56,111,12,,0,0,4.304,0
18080106003001005101,01:16:13,01:16:13,112,13,,0,0,4.68,0
18080106003001005101,01:17:00,01:17:00,113,14,,0,0,5.026,0
18080106003001005101,01:17:54,01:17:54,114,15,,0,0,5.413,0
18080106003001005101,01:18:36,01:18:36,115,16,,0,0,5.675,0
18080106003001005101,01:19:24,01:19:24,411,17,,0,0,5.891,0
18080106003001005101,01:20:06,01:20:06,116,18,,0,0,6.065,0
18080106003001005101,01:20:47,01:20:47,604,19,,0,0,6.284,0
18080106003001005101,01:21:20,01:21:20,117,20,,0,0,6.478,0
18080106003001005101,01:21:58,01:21:58,118,21,,0,0,6.662,0
18080106003001005101,01:22:24,01:22:24,410,22,,0,0,6.82,0
18080106003001005101,01:23:00,01:23:00,119,23,,0,0,7.02,0
18080106003001005101,01:23:51,01:23:51,120,24,,0,0,7.324,0
18080106003001305102,01:30:00,01:30:00,120,1,,0,0,0.0,0
18080106003001305102,01:31:07,01:31:07,121,2,,0,0,0.361,0
18080106003001305102,01:32:18,01:32:18,122,3,,0,0,0.761,0
18080106003001305102,01:32:54,01:32:54,123,4,,0,0,0.924,0
18080106003001305102,01:33:24,01:33:24,603,5,,0,0,1.088,0
18080106003001305102,01:33:54,01:33:54,124,6,,0,0,1.343,0
18080106003001305102,01:34:38,01:34:38,413,7,,0,0,1.504,0
18080106003001305102,01:35:29,01:35:29,125,8,,0,0,1.778,0
18080106003001305102,01:36:29,01:36:29,144,9,,0,0,2.207,0
18080106003001305102,01:37:17,01:37:17,142,10,,0,0,2.578,0
18080106003001305102,01:38:04,01:38:04,140,11,,0,0,2.927,0
18080106003001305102,01:39:39,01:39:39,138,12,,0,0,3.764,0
18080106003001305102,01:40:57,01:40:57,129,13,,0,0,4.415,0
18080106003001305102,01:42:10,01:42:10,130,14,,0,0,4.818,0
18080106003001305102,01:44:09,01:44:09,539,15,,0,0,5.55,0
18080106003001305102,01:45:04,01:45:04,161,16,,0,0,5.972,0
18080106003001305102,01:46:15,01:46:15,159,17,,0,0,6.251,0
18080106003001305102,01:47:24,01:47:24,131,18,,0,0,6.67,0
18080106003001305102,01:48:22,01:48:22,132,19,,0,0,6.935,0
18080106003001305102,01:48:59,01:48:59,94,20,,0,0,7.204,0
18080106003001305102,01:49:36,01:49:36,133,21,,0,0,7.402,0
18080106003001305102,01:51:19,01:51:19,134,22,,0,0,8.136,0
18080106003001305102,01:52:33,01:52:33,135,23,,0,0,8.54,0
18080106003001305102,01:54:10,01:54:10,136,24,,0,0,9.096,0
18080106003001305102,01:55:53,01:55:53,102,25,,0,0,9.622,0
18080106003002005101,02:00:00,02:00:00,102,1,,0,0,0.0,0
18080106003002005101,02:03:16,02:03:16,103,2,,0,0,0.648,0
18080106003002005101,02:05:40,02:05:40,104,3,,0,0,1.304,0
18080106003002005101,02:06:43,02:06:43,105,4,,0,0,1.541,0
18080106003002005101,02:07:43,02:07:43,106,5,,0,0,1.932,0
18080106003002005101,02:09:26,02:09:26,107,6,,0,0,2.485,0
18080106003002005101,02:10:10,02:10:10,78,7,,0,0,2.737,0
18080106003002005101,02:10:47,02:10:47,108,8,,0,0,3.052,0
18080106003002005101,02:11:35,02:11:35,109,9,,0,0,3.326,0
18080106003002005101,02:12:53,02:12:53,158,10,,0,0,3.728,0
18080106003002005101,02:13:53,02:13:53,110,11,,0,0,3.879,0
18080106003002005101,02:14:56,02:14:56,111,12,,0,0,4.304,0
18080106003002005101,02:16:13,02:16:13,112,13,,0,0,4.68,0
18080106003002005101,02:17:00,02:17:00,113,14,,0,0,5.026,0
18080106003002005101,02:17:54,02:17:54,114,15,,0,0,5.413,0
18080106003002005101,02:18:36,02:18:36,115,16,,0,0,5.675,0
18080106003002005101,02:19:24,02:19:24,411,17,,0,0,5.891,0
18080106003002005101,02:20:06,02:20:06,116,18,,0,0,6.065,0
18080106003002005101,02:20:47,02:20:47,604,19,,0,0,6.284,0
18080106003002005101,02:21:20,02:21:20,117,20,,0,0,6.478,0
18080106003002005101,02:21:58,02:21:58,118,21,,0,0,6.662,0
18080106003002005101,02:22:24,02:22:24,410,22,,0,0,6.82,0
18080106003002005101,02:23:00,02:23:00,119,23,,0,0,7.02,0
18080106003002005101,02:23:51,02:23:51,120,24,,0,0,7.324,0
18080106003002305102,02:30:00,02:30:00,120,1,,0,0,0.0,0
18080106003002305102,02:31:07,02:31:07,121,2,,0,0,0.361,0
18080106003002305102,02:32:18,02:32:18,122,3,,0,0,0.761,0
18080106003002305102,02:32:54,02:32:54,123,4,,0,0,0.924,0
18080106003002305102,02:33:24,02:33:24,603,5,,0,0,1.088,0
18080106003002305102,02:33:54,02:33:54,124,6,,0,0,1.343,0
18080106003002305102,02:34:38,02:34:38,413,7,,0,0,1.504,0
18080106003002305102,02:35:29,02:35:29,125,8,,0,0,1.778,0
18080106003002305102,02:36:29,02:36:29,144,9,,0,0,2.207,0
18080106003002305102,02:37:17,02:37:17,142,10,,0,0,2.578,0
18080106003002305102,02:38:04,02:38:04,140,11,,0,0,2.927,0
18080106003002305102,02:39:39,02:39:39,138,12,,0,0,3.764,0
18080106003002305102,02:40:57,02:40:57,129,13,,0,0,4.415,0
18080106003002305102,02:42:10,02:42:10,130,14,,0,0,4.818,0
18080106003002305102,02:44:09,02:44:09,539,15,,0,0,5.55,0
18080106003002305102,02:45:04,02:45:04,161,16,,0,0,5.972,0
18080106003002305102,02:46:15,02:46:15,159,17,,0,0,6.251,0
18080106003002305102,02:47:24,02:47:24,131,18,,0,0,6.67,0
18080106003002305102,02:48:22,02:48:22,132,19,,0,0,6.935,0
18080106003002305102,02:48:59,02:48:59,94,20,,0,0,7.204,0
18080106003002305102,02:49:36,02:49:36,133,21,,0,0,7.402,0
18080106003002305102,02:51:19,02:51:19,134,22,,0,0,8.136,0
18080106003002305102,02:52:33,02:52:33,135,23,,0,0,8.54,0
18080106003002305102,02:54:10,02:54:10,136,24,,0,0,9.096,0
18080106003002305102,02:55:53,02:55:53,102,25,,0,0,9.622,0
18080106003003005101,03:00:00,03:00:00,102,1,,0,0,0.0,0
18080106003003005101,03:03:16,03:03:16,103,2,,0,0,0.648,0
18080106003003005101,03:05:40,03:05:40,104,3,,0,0,1.304,0
18080106003003005101,03:06:43,03:06:43,105,4,,0,0,1.541,0
18080106003003005101,03:07:43,03:07:43,106,5,,0,0,1.932,0
18080106003003005101,03:09:26,03:09:26,107,6,,0,0,2.485,0
18080106003003005101,03:10:10,03:10:10,78,7,,0,0,2.737,0
18080106003003005101,03:10:47,03:10:47,108,8,,0,0,3.052,0
18080106003003005101,03:11:35,03:11:35,109,9,,0,0,3.326,0
18080106003003005101,03:12:53,03:12:53,158,10,,0,0,3.728,0
18080106003003005101,03:13:53,03:13:53,110,11,,0,0,3.879,0
18080106003003005101,03:14:56,03:14:56,111,12,,0,0,4.304,0
18080106003003005101,03:16:13,03:16:13,112,13,,0,0,4.68,0
18080106003003005101,03:17:00,03:17:00,113,14,,0,0,5.026,0
18080106003003005101,03:17:54,03:17:54,114,15,,0,0,5.413,0
18080106003003005101,03:18:36,03:18:36,115,16,,0,0,5.675,0
18080106003003005101,03:19:24,03:19:24,411,17,,0,0,5.891,0
18080106003003005101,03:20:06,03:20:06,116,18,,0,0,6.065,0
18080106003003005101,03:20:47,03:20:47,604,19,,0,0,6.284,0
18080106003003005101,03:21:20,03:21:20,117,20,,0,0,6.478,0
18080106003003005101,03:21:58,03:21:58,118,21,,0,0,6.662,0
18080108003000055102,00:05:00,00:05:00,331,1,,0,0,0.0,0
18080108003000055102,00:06:12,00:06:12,332,2,,0,0,0.345,0
18080108003000055102,00:06:50,00:06:50,333,3,,0,0,0.634,0
18080108003000055102,00:07:16,00:07:16,334,4,,0,0,0.844,0
18080108003000055102,00:07:48,00:07:48,335,5,,0,0,1.008,0
18080108003000055102,00:08:35,00:08:35,336,6,,0,0,1.292,0
18080108003000055102,00:09:49,00:09:49,337,7,,0,0,1.561,0
18080108003000055102,00:10:25,00:10:25,338,8,,0,0,1.75,0
18080108003000055102,00:10:55,00:10:55,276,9,,0,0,1.99,0
18080108003000055102,00:11:34,00:11:34,274,10,,0,0,2.336,0
18080108003000055102,00:13:54,00:13:54,39,11,,0,0,3.623,0
18080108003000055102,00:15:55,00:15:55,225,12,,0,0,4.142,0
18080108003000055102,00:18:15,00:18:15,37,13,,0,0,4.523,0
18080108003000055102,00:20:22,00:20:22,34,14,,0,0,4.941,0
18080108003000305101,00:30:00,00:30:00,34,1,,0,0,0.0,0
18080108003000305101,00:32:36,00:32:36,35,2,,0,0,0.67,0
18080108003000305101,00:34:56,00:34:56,36,3,,0,0,1.095,0
18080108003000305101,00:36:00,00:36:00,298,4,,0,0,1.532,0
18080108003000305101,00:36:34,00:36:34,299,5,,0,0,1.847,0
18080108003000305101,00:37:11,00:37:11,300,6,,0,0,2.04,0
18080108003000305101,00:37:49,00:37:49,301,7,,0,0,2.361,0
18080108003000305101,00:38:31,00:38:31,302,8,,0,0,2.628,0
18080108003000305101,00:39:25,00:39:25,344,9,,0,0,2.933,0
18080108003000305101,00:40:28,00:40:28,345,10,,0,0,3.361,0
18080108003000305101,00:41:33,00:41:33,55,11,,0,0,3.895,0
18080108003000305101,00:42:55,00:42:55,54,12,,0,0,4.229,0
18080108003000305101,00:44:22,00:44:22,53,13,,0,0,4.546,0
18080108003000305101,00:45:46,00:45:46,52,14,,0,0,4.875,0
18080108003000305101,00:46:53,00:46:53,51,15,,0,0,5.28,0
18080108003000305101,00:48:24,00:48:24,269,16,,0,0,5.619,0
18080108003000305101,00:48:54,00:48:54,433,17,,0,0,6.013,0
18080108003000305101,00:49:31,00:49:31,313,18,,0,0,6.218,0
18080108003000305101,00:50:24,00:50:24,566,19,,0,0,6.986,0
18080108003000305101,00:51:14,00:51:14,328,20,,0,0,7.289,0
18080108003000305101,00:51:43,00:51:43,329,21,,0,0,7.415,0
18080108003000305101,00:52:20,00:52:20,330,22,,0,0,7.742,0
18080108003000305101,00:53:11,00:53:11,375,23,,0,0,7.99,0
18080108003000305101,00:53:39,00:53:39,331,24,,0,0,8.077,0
18080108003000555102,00:55:00,00:55:00,331,1,,0,0,0.0,0
18080108003000555102,00:56:12,00:56:12,332,2,,0,0,0.345,0
18080108003000555102,00:56:50,00:56:50,333,3,,0,0,0.634,0
18080108003000555102,00:57:16,00:57:16,334,4,,0,0,0.844,0
18080108003000555102,00:57:48,00:57:48,335,5,,0,0,1.008,0
18080108003000555102,00:58:35,00:58:35,336,6,,0,0,1.292,0
18080108003000555102,00:59:49,00:59:49,337,7,,0,0,1.561,0
18080108003000555102,01:00:25,01:00:25,338,8,,0,0,1.75,0
18080108003000555102,01:00:55,01:00:55,276,9,,0,0,1.99,0
18080108003000555102,01:01:34,01:01:34,274,10,,0,0,2.336,0
18080108003000555102,01:03:54,01:03:54,39,11,,0,0,3.623,0
18080108003000555102,01:05:55,01:05:55,225,12,,0,0,4.142,0
18080108003000555102,01:08:15,01:08:15,37,13,,0,0,4.523,0
18080108003000555102,01:10:22,01:10:22,34,14,,0,0,4.941,0
18080108003001305101,01:30:00,01:30:00,34,1,,0,0,0.0,0
18080108003001305101,01:32:36,01:32:36,35,2,,0,0,0.67,0
18080108003001305101,01:34:56,01:34:56,36,3,,0,0,1.095,0
18080108003001305101,01:36:00,01:36:00,298,4,,0,0,1.532,0
18080108003001305101,01:36:34,01:36:34,299,5,,0,0,1.847,0
18080108003001305101,01:37:11,01:37:11,300,6,,0,0,2.04,0
18080108003001305101,01:37:49,01:37:49,301,7,,0,0,2.361,0
18080108003001305101,01:38:31,01:38:31,302,8,,0,0,2.628,0
18080108003001305101,01:39:25,01:39:25,344,9,,0,0,2.933,0
18080108003001305101,01:40:28,01:40:28,345,10,,0,0,3.361,0
18080108003001305101,01:41:33,01:41:33,55,11,,0,0,3.895,0
18080108003001305101,01:42:55,01:42:55,54,12,,0,0,4.229,0
18080108003001305101,01:44:22,01:44:22,53,13,,0,0,4.546,0
18080108003001305101,01:45:46,01:45:46,52,14,,0,0,4.875,0
18080108003001305101,01:46:53,01:46:53,51,15,,0,0,5.28,0
18080108003001305101,01:48:24,01:48:24,269,16,,0,0,5.619,0
18080108003001305101,01:48:54,01:48:54,433,17,,0,0,6.013,0
18080108003001305101,01:49:31,01:49:31,313,18,,0,0,6.218,0
18080108003001305101,01:50:24,01:50:24,566,19,,0,0,6.986,0
18080108003001305101,01:51:14,01:51:14,328,20,,0,0,7.289,0
18080108003001305101,01:51:43,01:51:43,329,21,,0,0,7.415,0
18080108003001305101,01:52:20,01:52:20,330,22,,0,0,7.742,0
18080108003001305101,01:53:11,01:53:11,375,23,,0,0,7.99,0
18080108003001305101,01:53:39,01:53:39,331,24,,0,0,8.077,0
18080108003001555102,01:55:00,01:55:00,331,1,,0,0,0.0,0
18080108003001555102,01:56:12,01:56:12,332,2,,0,0,0.345,0
18080108003001555102,01:56:50,01:56:50,333,3,,0,0,0.634,0
18080108003001555102,01:57:16,01:57:16,334,4,,0,0,0.844,0
18080108003001555102,01:57:48,01:57:48,335,5,,0,0,1.008,0
18080108003001555102,01:58:35,01:58:35,336,6,,0,0,1.292,0
18080108003001555102,01:59:49,01:59:49,337,7,,0,0,1.561,0
18080108003001555102,02:00:25,02:00:25,338,8,,0,0,1.75,0
18080108003001555102,02:00:55,02:00:55,276,9,,0,0,1.99,0
18080108003001555102,02:01:34,02:01:34,274,10,,0,0,2.336,0
18080108003001555102,02:03:54,02:03:54,39,11,,0,0,3.623,0
18080108003001555102,02:05:55,02:05:55,225,12,,0,0,4.142,0
18080108003001555102,02:08:15,02:08:15,37,13,,0,0,4.523,0
18080108003001555102,02:10:22,02:10:22,34,14,,0,0,4.941,0
18080108003002305101,02:30:00,02:30:00,34,1,,0,0,0.0,0
18080108003002305101,02:32:36,02:32:36,35,2,,0,0,0.67,0
18080108003002305101,02:34:56,02:34:56,36,3,,0,0,1.095,0
18080108003002305101,02:36:00,02:36:00,298,4,,0,0,1.532,0
18080108003002305101,02:36:34,02:36:34,299,5,,0,0,1.847,0
18080108003002305101,02:37:11,02:37:11,300,6,,0,0,2.04,0
18080108003002305101,02:37:49,02:37:49,301,7,,0,0,2.361,0
18080108003002305101,02:38:31,02:38:31,302,8,,0,0,2.628,0
18080108003002305101,02:39:25,02:39:25,344,9,,0,0,2.933,0
18080108003002305101,02:40:28,02:40:28,345,10,,0,0,3.361,0
18080108003002305101,02:41:33,02:41:33,55,11,,0,0,3.895,0
18080108003002305101,02:42:55,02:42:55,54,12,,0,0,4.229,0
18080108003002305101,02:44:22,02:44:22,53,13,,0,0,4.546,0
18080108003002305101,02:45:46,02:45:46,52,14,,0,0,4.875,0
18080108003002305101,02:46:53,02:46:53,51,15,,0,0,5.28,0
18080108003002305101,02:48:24,02:48:24,269,16,,0,0,5.619,0
18080108003002305101,02:48:54,02:48:54,433,17,,0,0,6.013,0
18080108003002305101,02:49:31,02:49:31,313,18,,0,0,6.218,0
18080108003002305101,02:50:24,02:50:24,566,19,,0,0,6.986,0
18080108003002305101,02:51:14,02:51:14,328,20,,0,0,7.289,0
18080108003002305101,02:51:43,02:51:43,329,21,,0,0,7.415,0
18080109003000305101,00:30:00,00:30:00,1,1,,0,0,0.0,0
18080109003000305101,00:32:33,00:32:33,2,2,,0,0,0.67,0
18080109003000305101,00:34:23,00:34:23,3,3,,0,0,1.141,0
18080109003000305101,00:35:55,00:35:55,4,4,,0,0,1.609,0
18080109003000305101,00:36:45,00:36:45,5,5,,0,0,1.842,0
18080109003000305101,00:38:23,00:38:23,6,6,,0,0,2.339,0
18080109003000305101,00:39:22,00:39:22,199,7,,0,0,2.575,0
18080109003000305101,00:40:49,00:40:49,420,8,,0,0,3.146,0
18080109003000305101,00:41:36,00:41:36,212,9,,0,0,3.537,0
18080109003000305101,00:42:54,00:42:54,214,10,,0,0,3.893,0
18080109003000305101,00:44:47,00:44:47,215,11,,0,0,4.748,0
18080109003000305101,00:45:50,00:45:50,497,12,,0,0,5.125,0
18080109003000305101,00:46:29,00:46:29,216,13,,0,0,5.481,0
18080109003000305101,00:47:27,00:47:27,394,14,,0,0,5.657,0
18080109003000305101,00:48:00,00:48:00,512,15,,0,0,5.808,0
18080109003000485102,00:48:00,00:48:00,512,1,,0,0,0.0,0
18080109003000485102,00:49:18,00:49:18,437,2,,0,0,0.28,0
18080109003000485102,00:49:57,00:49:57,380,3,,0,0,0.441,0
18080109003000485102,00:50:37,00:50:37,423,4,,0,0,0.623,0
18080109003000485102,00:51:28,00:51:28,209,5,,0,0,1.219,0
18080109003101305101,01:30:00,01:30:00,1,1,,0,0,0.0,0
18080109003101305101,01:32:33,01:32:33,2,2,,0,0,0.67,0
18080109003101305101,01:34:23,01:34:23,3,3,,0,0,1.141,0
18080109003101305101,01:35:55,01:35:55,4,4,,0,0,1.609,0
18080109003101305101,01:36:45,01:36:45,5,5,,0,0,1.842,0
18080109003101305101,01:38:23,01:38:23,6,6,,0,0,2.339,0
18080109003101305101,01:39:22,01:39:22,199,7,,0,0,2.575,0
18080109003101305101,01:40:49,01:40:49,420,8,,0,0,3.146,0
18080109003101305101,01:41:36,01:41:36,212,9,,0,0,3.537,0
18080109003101305101,01:42:54,01:42:54,214,10,,0,0,3.893,0
18080109003101305101,01:44:47,01:44:47,215,11,,0,0,4.748,0
18080109003101305101,01:45:50,01:45:50,497,12,,0,0,5.125,0
18080109003101305101,01:46:29,01:46:29,216,13,,0,0,5.481,0
18080109003101305101,01:47:27,01:47:27,394,14,,0,0,5.657,0
18080109003101305101,01:48:00,01:48:00,512,15,,0,0,5.808,0
18080109003101485102,01:48:00,01:48:00,512,1,,0,0,0.0,0
18080109003101485102,01:49:18,01:49:18,437,2,,0,0,0.28,0
18080109003101485102,01:49:57,01:49:57,380,3,,0,0,0.441,0
18080109003101485102,01:50:37,01:50:37,423,4,,0,0,0.623,0
18080109003101485102,01:51:28,01:51:28,209,5,,0,0,1.219,0
18080109003101485102,01:55:38,01:55:38,32,6,,0,0,3.008,0
18080109003101485102,01:57:34,01:57:34,1,7,,0,0,3.378,0
18080109003102305101,02:30:00,02:30:00,1,1,,0,0,0.0,0
18080109003102305101,02:32:33,02:32:33,2,2,,0,0,0.67,0
18080109003102305101,02:34:23,02:34:23,3,3,,0,0,1.141,0
18080109003102305101,02:35:55,02:35:55,4,4,,0,0,1.609,0
18080109003102305101,02:36:45,02:36:45,5,5,,0,0,1.842,0
18080109003102305101,02:38:23,02:38:23,6,6,,0,0,2.339,0
18080109003102305101,02:39:22,02:39:22,199,7,,0,0,2.575,0
18080109003102305101,02:40:49,02:40:49,420,8,,0,0,3.146,0
18080109003102305101,02:41:36,02:41:36,212,9,,0,0,3.537,0
18080109003102305101,02:42:54,02:42:54,214,10,,0,0,3.893,0
18080109003102305101,02:44:47,02:44:47,215,11,,0,0,4.748,0
18080109003102305101,02:45:50,02:45:50,497,12,,0,0,5.125,0
18080109003102305101,02:46:29,02:46:29,216,13,,0,0,5.481,0
18080109003102305101,02:47:27,02:47:27,394,14,,0,0,5.657,0
18080109003102305101,02:48:00,02:48:00,512,15,,0,0,5.808,0
18080109003102485102,02:48:00,02:48:00,512,1,,0,0,0.0,0
18080109003102485102,02:49:18,02:49:18,437,2,,0,0,0.28,0
18080109003102485102,02:49:57,02:49:57,380,3,,0,0,0.441,0
18080109003102485102,02:50:37,02:50:37,423,4,,0,0,0.623,0
18080109003102485102,02:51:28,02:51:28,209,5,,0,0,1.219,0
18080110003000105202,00:10:00,00:10:00,164,1,,0,0,0.0,0
18080110003000105202,00:11:34,00:11:34,161,2,,0,0,0.39,0
18080110003000105202,00:12:45,00:12:45,159,3,,0,0,0.666,0
18080110003000105202,00:13:54,00:13:54,131,4,,0,0,1.085,0
18080110003000105202,00:14:52,00:14:52,132,5,,0,0,1.35,0
18080110003000105202,00:15:29,00:15:29,94,6,,0,0,1.619,0
18080110003000105202,00:16:06,00:16:06,133,7,,0,0,1.817,0
18080110003000105202,00:17:49,00:17:49,134,8,,0,0,2.551,0
18080110003000105202,00:19:03,00:19:03,135,9,,0,0,2.953,0
18080110003000105202,00:20:40,00:20:40,136,10,,0,0,3.51,0
18080110003000105202,00:22:23,00:22:23,102,11,,0,0,4.036,0
18080110003000305101,00:30:00,00:30:00,102,1,,0,0,0.0,0
18080110003000305101,00:32:52,00:32:52,103,2,,0,0,0.648,0
18080110003000305101,00:34:58,00:34:58,104,3,,0,0,1.304,0
18080110003000305101,00:35:53,00:35:53,105,4,,0,0,1.542,0
18080110003000305101,00:36:42,00:36:42,507,5,,0,0,1.887,0
18080110003000305101,00:37:33,00:37:33,61,6,,0,0,2.119,0
18080110003000305101,00:38:15,00:38:15,63,7,,0,0,2.487,0
18080110003000305101,00:39:20,00:39:20,533,8,,0,0,2.813,0
18080110003000305101,00:39:51,00:39:51,58,9,,0,0,3.073,0
18080110003000305101,00:40:18,00:40:18,421,10,,0,0,3.222,0
18080110003000305101,00:41:46,00:41:46,217,11,,0,0,3.665,0
18080110003000305101,00:42:17,00:42:17,158,12,,0,0,3.928,0
18080110003000305101,00:43:56,00:43:56,539,13,,0,0,4.653,0
18080110003000305101,00:44:33,00:44:33,160,14,,0,0,4.883,0
18080110003000305101,00:45:16,00:45:16,162,15,,0,0,5.084,0
18080110003000305101,00:46:05,00:46:05,163,16,,0,0,5.334,0
18080110003000305101,00:47:00,00:47:00,164,17,,0,0,5.67,0
18080110003000305101,00:47:57,00:47:57,161,18,,0,0,6.061,0
18080110003000305101,00:49:43,00:49:43,110,19,,0,0,6.453,0
18080110003000305101,00:50:39,00:50:39,111,20,,0,0,6.879,0
18080110003000305101,00:51:37,00:51:37,137,21,,0,0,7.516,0
18080110003000305101,00:53:04,00:53:04,139,22,,0,0,8.404,0
18080110003000305101,00:53:39,00:53:39,141,23,,0,0,8.685,0
18080110003000305101,00:54:17,00:54:17,143,24,,0,0,9.062,0
18080110003000305101,00:54:53,00:54:53,145,25,,0,0,9.375,0
18080110003000305101,00:55:24,00:55:24,115,26,,0,0,9.556,0
18080110003000305101,00:56:06,00:56:06,411,27,,0,0,9.772,0
18080110003000305101,00:56:43,00:56:43,116,28,,0,0,9.941,0
18080110003000305101,00:57:19,00:57:19,604,29,,0,0,10.162,0
18080110003000305101,00:57:48,00:57:48,117,30,,0,0,10.352,0
18080110003000305101,00:58:21,00:58:21,118,31,,0,0,10.535,0
18080110003000305101,00:58:44,00:58:44,410,32,,0,0,10.692,0
18080110003000305101,00:59:15,00:59:15,119,33,,0,0,10.891,0
18080110003000305101,01:00:00,01:00:00,120,34,,0,0,11.192,0
18080110003001005102,01:00:00,01:00:00,120,1,,0,0,0.0,0
18080110003001005102,01:01:07,01:01:07,121,2,,0,0,0.325,0
18080110003001005102,01:02:18,01:02:18,122,3,,0,0,0.726,0
18080110003001005102,01:02:54,01:02:54,123,4,,0,0,0.89,0
18080110003001005102,01:03:24,01:03:24,603,5,,0,0,1.055,0
18080110003001005102,01:03:54,01:03:54,124,6,,0,0,1.311,0
18080110003001005102,01:04:38,01:04:38,413,7,,0,0,1.474,0
18080110003001005102,01:05:29,01:05:29,125,8,,0,0,1.754,0
18080110003001005102,01:05:58,01:05:58,126,9,,0,0,1.962,0
18080110003001005102,01:06:41,01:06:41,127,10,,0,0,2.281,0
18080110003001005102,01:07:42,01:07:42,128,11,,0,0,2.754,0
18080110003001005102,01:09:05,01:09:05,129,12,,0,0,3.18,0
18080110003001005102,01:10:18,01:10:18,130,13,,0,0,3.576,0
18080110003001005102,01:11:57,01:11:57,131,14,,0,0,4.14,0
18080110003001005102,01:12:55,01:12:55,132,15,,0,0,4.405,0
18080110003001005102,01:13:32,01:13:32,94,16,,0,0,4.674,0
18080110003001005102,01:14:09,01:14:09,133,17,,0,0,4.872,0
18080110003001005102,01:15:52,01:15:52,134,18,,0,0,5.606,0
18080110003001005102,01:17:06,01:17:06,135,19,,0,0,6.008,0
18080110003001005102,01:18:43,01:18:43,136,20,,0,0,6.565,0
18080110003001005102,01:20:26,01:20:26,102,21,,0,0,7.091,0
18080110003001305101,01:30:00,01:30:00,102,1,,0,0,0.0,0
18080110003001305101,01:32:52,01:32:52,103,2,,0,0,0.648,0
18080110003001305101,01:34:58,01:34:58,104,3,,0,0,1.304,0
18080110003001305101,01:35:53,01:35:53,105,4,,0,0,1.542,0
18080110003001305101,01:36:42,01:36:42,507,5,,0,0,1.887,0
18080110003001305101,01:37:33,01:37:33,61,6,,0,0,2.119,0
18080110003001305101,01:38:15,01:38:15,63,7,,0,0,2.487,0
18080110003001305101,01:39:20,01:39:20,533,8,,0,0,2.813,0
18080110003001305101,01:39:51,01:39:51,58,9,,0,0,3.073,0
18080110003001305101,01:40:18,01:40:18,421,10,,0,0,3.222,0
18080110003001305101,01:41:46,01:41:46,217,11,,0,0,3.665,0
18080110003001305101,01:42:17,01:42:17,158,12,,0,0,3.928,0
18080110003001305101,01:43:56,01:43:56,539,13,,0,0,4.653,0
18080110003001305101,01:44:33,01:44:33,160,14,,0,0,4.883,0
18080110003001305101,01:45:16,01:45:16,162,15,,0,0,5.084,0
18080110003001305101,01:46:05,01:46:05,163,16,,0,0,5.334,0
18080110003001305101,01:47:00,01:47:00,164,17,,0,0,5.67,0
18080110003001305101,01:47:57,01:47:57,161,18,,0,0,6.061,0
18080110003001305101,01:49:43,01:49:43,110,19,,0,0,6.453,0
18080110003001305101,01:50:39,01:50:39,111,20,,0,0,6.879,0
18080110003001305101,01:51:37,01:51:37,137,21,,0,0,7.516,0
18080110003001305101,01:53:04,01:53:04,139,22,,0,0,8.404,0
18080110003001305101,01:53:39,01:53:39,141,23,,0,0,8.685,0
18080110003001305101,01:54:17,01:54:17,143,24,,0,0,9.062,0
18080110003001305101,01:54:53,01:54:53,145,25,,0,0,9.375,0
18080110003001305101,01:55:24,01:55:24,115,26,,0,0,9.556,0
18080110003001305101,01:56:06,01:56:06,411,27,,0,0,9.772,0
18080110003001305101,01:56:43,01:56:43,116,28,,0,0,9.941,0
18080110003001305101,01:57:19,01:57:19,604,29,,0,0,10.162,0
18080110003001305101,01:57:48,01:57:48,117,30,,0,0,10.352,0
18080110003001305101,01:58:21,01:58:21,118,31,,0,0,10.535,0
18080110003001305101,01:58:44,01:58:44,410,32,,0,0,10.692,0
18080110003001305101,01:59:15,01:59:15,119,33,,0,0,10.891,0
18080110003001305101,02:00:00,02:00:00,120,34,,0,0,11.192,0
18080110003002005102,02:00:00,02:00:00,120,1,,0,0,0.0,0
18080110003002005102,02:01:07,02:01:07,121,2,,0,0,0.325,0
18080110003002005102,02:02:18,02:02:18,122,3,,0,0,0.726,0
18080110003002005102,02:02:54,02:02:54,123,4,,0,0,0.89,0
18080110003002005102,02:03:24,02:03:24,603,5,,0,0,1.055,0
18080110003002005102,02:03:54,02:03:54,124,6,,0,0,1.311,0
18080110003002005102,02:04:38,02:04:38,413,7,,0,0,1.474,0
18080110003002005102,02:05:29,02:05:29,125,8,,0,0,1.754,0
18080110003002005102,02:05:58,02:05:58,126,9,,0,0,1.962,0
18080110003002005102,02:06:41,02:06:41,127,10,,0,0,2.281,0
18080110003002005102,02:07:42,02:07:42,128,11,,0,0,2.754,0
18080110003002005102,02:09:05,02:09:05,129,12,,0,0,3.18,0
18080110003002005102,02:10:18,02:10:18,130,13,,0,0,3.576,0
18080110003002005102,02:11:57,02:11:57,131,14,,0,0,4.14,0
18080110003002005102,02:12:55,02:12:55,132,15,,0,0,4.405,0
18080110003002005102,02:13:32,02:13:32,94,16,,0,0,4.674,0
18080110003002005102,02:14:09,02:14:09,133,17,,0,0,4.872,0
18080110003002005102,02:15:52,02:15:52,134,18,,0,0,5.606,0
18080110003002005102,02:17:06,02:17:06,135,19,,0,0,6.008,0
18080110003002005102,02:18:43,02:18:43,136,20,,0,0,6.565,0
18080110003002005102,02:20:26,02:20:26,102,21,,0,0,7.091,0
18080110003002305101,02:30:00,02:30:00,102,1,,0,0,0.0,0
18080110003002305101,02:32:52,02:32:52,103,2,,0,0,0.648,0
18080110003002305101,02:34:58,02:34:58,104,3,,0,0,1.304,0
18080110003002305101,02:35:53,02:35:53,105,4,,0,0,1.542,0
18080110003002305101,02:36:42,02:36:42,507,5,,0,0,1.887,0
18080110003002305101,02:37:33,02:37:33,61,6,,0,0,2.119,0
18080110003002305101,02:38:15,02:38:15,63,7,,0,0,2.487,0
18080110003002305101,02:39:20,02:39:20,533,8,,0,0,2.813,0
18080110003002305101,02:39:51,02:39:51,58,9,,0,0,3.073,0
18080110003002305101,02:40:18,02:40:18,421,10,,0,0,3.222,0
18080110003002305101,02:41:46,02:41:46,217,11,,0,0,3.665,0
18080110003002305101,02:42:17,02:42:17,158,12,,0,0,3.928,0
18080110003002305101,02:43:56,02:43:56,539,13,,0,0,4.653,0
18080110003002305101,02:44:33,02:44:33,160,14,,0,0,4.883,0
18080110003002305101,02:45:16,02:45:16,162,15,,0,0,5.084,0
18080110003002305101,02:46:05,02:46:05,163,16,,0,0,5.334,0
18080110003002305101,02:47:00,02:47:00,164,17,,0,0,5.67,0
18080110003002305101,02:47:57,02:47:57,161,18,,0,0,6.061,0
18080110003002305101,02:49:43,02:49:43,110,19,,0,0,6.453,0
18080110003002305101,02:50:39,02:50:39,111,20,,0,0,6.879,0
18080110003002305101,02:51:37,02:51:37,137,21,,0,0,7.516,0
18080110003002305101,02:53:04,02:53:04,139,22,,0,0,8.404,0
18080110003002305101,02:53:39,02:53:39,141,23,,0,0,8.685,0
18080110003002305101,02:54:17,02:54:17,143,24,,0,0,9.062,0
18080110003002305101,02:54:53,02:54:53,145,25,,0,0,9.375,0
18080110003002305101,02:55:24,02:55:24,115,26,,0,0,9.556,0
18080110003002305101,02:56:06,02:56:06,411,27,,0,0,9.772,0
18080110003002305101,02:56:43,02:56:43,116,28,,0,0,9.941,0
18080110003002305101,02:57:19,02:57:19,604,29,,0,0,10.162,0
18080110003002305101,02:57:48,02:57:48,117,30,,0,0,10.352,0
18260101003000305102,00:30:00,00:30:00,287,1,,0,0,0.0,0
18260101003000305102,00:31:00,00:31:00,362,2,,0,0,0.25,0
18260101003000305102,00:32:50,00:32:50,588,3,,0,0,1.004,0
18260101003000305102,00:33:20,00:33:20,364,4,,0,0,1.322,0
18260101003000305102,00:34:14,00:34:14,365,5,,0,0,1.755,0
18260101003000305102,00:37:08,00:37:08,46,6,,0,0,3.554,0
18260101003000305102,00:38:28,00:38:28,45,7,,0,0,3.961,0
18260101003000305102,00:39:43,00:39:43,44,8,,0,0,4.268,0
18260101003000305102,00:41:19,00:41:19,43,9,,0,0,4.863,0
18260101003000305102,00:42:51,00:42:51,42,10,,0,0,5.203,0
18260101003000305102,00:44:01,00:44:01,41,11,,0,0,5.397,0
18260101003000305102,00:45:09,00:45:09,40,12,,0,0,5.625,0
18260101003000305102,00:47:38,00:47:38,39,13,,0,0,6.741,0
18260101003000305102,00:49:39,00:49:39,225,14,,0,0,7.26,0
18260101003000305102,00:51:59,00:51:59,37,15,,0,0,7.644,0
18260101003000305102,00:54:06,00:54:06,34,16,,0,0,8.063,0
18260101003001005101,01:00:00,01:00:00,34,1,,0,0,0.0,0
18260101003001005101,01:02:36,01:02:36,35,2,,0,0,0.672,0
18260101003001005101,01:04:56,01:04:56,36,3,,0,0,1.097,0
18260101003001005101,01:08:07,01:08:07,239,4,,0,0,2.397,0
18260101003001005101,01:09:28,01:09:28,240,5,,0,0,2.646,0
18260101003001005101,01:10:50,01:10:50,241,6,,0,0,3.038,0
18260101003001005101,01:12:25,01:12:25,242,7,,0,0,3.462,0
18260101003001005101,01:13:37,01:13:37,244,8,,0,0,3.921,0
18260101003001005101,01:14:19,01:14:19,246,9,,0,0,4.141,0
18260101003001005101,01:15:12,01:15:12,248,10,,0,0,4.406,0
18260101003001005101,01:15:36,01:15:36,635,11,,0,0,4.623,0
18260101003001005101,01:16:02,01:16:02,373,12,,0,0,4.772,0
18260101003001005101,01:17:00,01:17:00,281,13,,0,0,5.194,0
18260101003001005101,01:17:53,01:17:53,50,14,,0,0,5.556,0
18260101003001005101,01:19:01,01:19:01,279,15,,0,0,6.031,0
18260101003001005101,01:20:36,01:20:36,353,16,,0,0,7.217,0
18260101003001005101,01:22:01,01:22:01,354,17,,0,0,7.781,0
18260101003001005101,01:23:01,01:23:01,599,18,,0,0,8.031,0
18260101003001005101,01:23:52,01:23:52,355,19,,0,0,8.402,0
18260101003001005101,01:24:41,01:24:41,356,20,,0,0,8.704,0
18260101003001005101,01:25:32,01:25:32,360,21,,0,0,8.996,0
18260101003001005101,01:26:37,01:26:37,361,22,,0,0,9.443,0
18260101003001005101,01:27:13,01:27:13,358,23,,0,0,9.622,0
18260101003001005101,01:28:26,01:28:26,287,24,,0,0,10.435,0
18260101003001305102,01:30:00,01:30:00,287,1,,0,0,0.0,0
18260101003001305102,01:31:00,01:31:00,362,2,,0,0,0.25,0
18260101003001305102,01:32:50,01:32:50,588,3,,0,0,1.004,0
18260101003001305102,01:33:20,01:33:20,364,4,,0,0,1.322,0
18260101003001305102,01:34:14,01:34:14,365,5,,0,0,1.755,0
18260101003001305102,01:37:08,01:37:08,46,6,,0,0,3.554,0
18260101003001305102,01:38:28,01:38:28,45,7,,0,0,3.961,0
18260101003001305102,01:39:43,01:39:43,44,8,,0,0,4.268,0
18260101003001305102,01:41:19,01:41:19,43,9,,0,0,4.863,0
18260101003001305102,01:42:51,01:42:51,42,10,,0,0,5.203,0
18260101003001305102,01:44:01,01:44:01,41,11,,0,0,5.397,0
18260101003001305102,01:45:09,01:45:09,40,12,,0,0,5.625,0
18260101003001305102,01:47:38,01:47:38,39,13,,0,0,6.741,0
18260101003001305102,01:49:39,01:49:39,225,14,,0,0,7.26,0
18260101003001305102,01:51:59,01:51:59,37,15,,0,0,7.644,0
18260101003001305102,01:54:06,01:54:06,34,16,,0,0,8.063,0
18260101003002005101,02:00:00,02:00:00,34,1,,0,0,0.0,0
18260101003002005101,02:02:36,02:02:36,35,2,,0,0,0.672,0
18260101003002005101,02:04:56,02:04:56,36,3,,0,0,1.097,0
18260101003002005101,02:08:07,02:08:07,239,4,,0,0,2.397,0
18260101003002005101,02:09:28,02:09:28,240,5,,0,0,2.646,0
18260101003002005101,02:10:50,02:10:50,241,6,,0,0,3.038,0
18260101003002005101,02:12:25,02:12:25,242,7,,0,0,3.462,0
18260101003002005101,02:13:37,02:13:37,244,8,,0,0,3.921,0
18260101003002005101,02:14:19,02:14:19,246,9,,0,0,4.141,0
18260101003002005101,02:15:12,02:15:12,248,10,,0,0,4.406,0
18260101003002005101,02:15:36,02:15:36,635,11,,0,0,4.623,0
18260101003002005101,02:16:02,02:16:02,373,12,,0,0,4.772,0
18260101003002005101,02:17:00,02:17:00,281,13,,0,0,5.194,0
18260101003002005101,02:17:53,02:17:53,50,14,,0,0,5.556,0
18260101003002005101,02:19:01,02:19:01,279,15,,0,0,6.031,0
18260101003002005101,02:20:36,02:20:36,353,16,,0,0,7.217,0
18260101003002005101,02:22:01,02:22:01,354,17,,0,0,7.781,0
18260101003002005101,02:23:01,02:23:01,599,18,,0,0,8.031,0
18260101003002005101,02:23:52,02:23:52,355,19,,0,0,8.402,0
18260101003002005101,02:24:41,02:24:41,356,20,,0,0,8.704,0
18260101003002005101,02:25:32,02:25:32,360,21,,0,0,8.996,0
18260101003002005101,02:26:37,02:26:37,361,22,,0,0,9.443,0
18260101003002005101,02:27:13,02:27:13,358,23,,0,0,9.622,0
18260101003002005101,02:28:26,02:28:26,287,24,,0,0,10.435,0
18260101003002305102,02:30:00,02:30:00,287,1,,0,0,0.0,0
18260101003002305102,02:31:00,02:31:00,362,2,,0,0,0.25,0
18260101003002305102,02:32:50,02:32:50,588,3,,0,0,1.004,0
18260101003002305102,02:33:20,02:33:20,364,4,,0,0,1.322,0
18260101003002305102,02:34:14,02:34:14,365,5,,0,0,1.755,0
18260101003002305102,02:37:08,02:37:08,46,6,,0,0,3.554,0
18260101003002305102,02:38:28,02:38:28,45,7,,0,0,3.961,0
18260101003002305102,02:39:43,02:39:43,44,8,,0,0,4.268,0
18260101003002305102,02:41:19,02:41:19,43,9,,0,0,4.863,0
18260101003002305102,02:42:51,02:42:51,42,10,,0,0,5.203,0
18260101003002305102,02:44:01,02:44:01,41,11,,0,0,5.397,0
18260101003002305102,02:45:09,02:45:09,40,12,,0,0,5.625,0
18260101003002305102,02:47:38,02:47:38,39,13,,0,0,6.741,0
18260101003002305102,02:49:39,02:49:39,225,14,,0,0,7.26,0
18260101003002305102,02:51:59,02:51:59,37,15,,0,0,7.644,0
18260101003002305102,02:54:06,02:54:06,34,16,,0,0,8.063,0
18260101003003005101,03:00:00,03:00:00,34,1,,0,0,0.0,0
18260101003003005101,03:02:36,03:02:36,35,2,,0,0,0.672,0
18260101003003005101,03:04:56,03:04:56,36,3,,0,0,1.097,0
18260101003003005101,03:08:07,03:08:07,239,4,,0,0,2.397,0
18260101003003005101,03:09:28,03:09:28,240,5,,0,0,2.646,0
18260101003003005101,03:10:50,03:10:50,241,6,,0,0,3.038,0
18260101003003005101,03:12:25,03:12:25,242,7,,0,0,3.462,0
18260101003003005101,03:13:37,03:13:37,244,8,,0,0,3.921,0
18260101003003005101,03:14:19,03:14:19,246,9,,0,0,4.141,0
18260101003003005101,03:15:12,03:15:12,248,10,,0,0,4.406,0
18260101003003005101,03:15:36,03:15:36,635,11,,0,0,4.623,0
18260101003003005101,03:16:02,03:16:02,373,12,,0,0,4.772,0
18260101003003005101,03:17:00,03:17:00,281,13,,0,0,5.194,0
18260101003003005101,03:17:53,03:17:53,50,14,,0,0,5.556,0
18260101003003005101,03:19:01,03:19:01,279,15,,0,0,6.031,0
18260101003003005101,03:20:36,03:20:36,353,16,,0,0,7.217,0
18260101003003005101,03:22:01,03:22:01,354,17,,0,0,7.781,0
18260101003003005101,03:23:01,03:23:01,599,18,,0,0,8.031,0
18260101003003005101,03:27:13,03:27:13,358,19,,0,0,8.402,0
18260101003003005101,03:28:26,03:28:26,287,20,,0,0,9.215,0
18260102003000155102,00:15:00,00:15:00,221,1,,0,0,0.0,0
18260102003000155102,00:15:50,00:15:50,222,2,,0,0,0.181,0
18260102003000155102,00:16:19,00:16:19,223,3,,0,0,0.415,0
18260102003000155102,00:16:57,00:16:57,224,4,,0,0,0.739,0
18260102003000155102,00:17:28,00:17:28,596,5,,0,0,0.924,0
18260102003000155102,00:18:39,00:18:39,597,6,,0,0,1.243,0
18260102003000155102,00:19:47,00:19:47,430,7,,0,0,1.5,0
18260102003000155102,00:20:56,00:20:56,432,8,,0,0,1.804,0
18260102003000155102,00:21:37,00:21:37,569,9,,0,0,2.133,0
18260102003000155102,00:22:16,00:22:16,226,10,,0,0,2.463,0
18260102003000155102,00:22:56,00:22:56,227,11,,0,0,2.783,0
18260102003000155102,00:23:31,00:23:31,228,12,,0,0,2.928,0
18260102003000155102,00:24:54,00:24:54,229,13,,0,0,3.554,0
18260102003000155102,00:27:08,00:27:08,297,14,,0,0,3.965,0
18260102003101005101,01:00:00,01:00:00,79,1,,0,0,0.0,0
18260102003101005101,01:02:54,01:02:54,208,2,,0,0,0.579,0
18260102003101005101,01:04:45,01:04:45,341,3,,0,0,1.022,0
18260102003101005101,01:05:57,01:05:57,213,4,,0,0,1.359,0
18260102003101005101,01:06:47,01:06:47,291,5,,0,0,1.718,0
18260102003101005101,01:07:54,01:07:54,292,6,,0,0,2.198,0
18260102003101005101,01:08:37,01:08:37,307,7,,0,0,2.328,0
18260102003101005101,01:09:08,01:09:08,293,8,,0,0,2.5,0
18260102003101005101,01:09:46,01:09:46,294,9,,0,0,2.646,0
18260102003101005101,01:10:38,01:10:38,295,10,,0,0,2.949,0
18260102003101005101,01:11:20,01:11:20,296,11,,0,0,3.164,0
18260102003101005101,01:12:19,01:12:19,218,12,,0,0,3.441,0
18260102003101005101,01:13:03,01:13:03,219,13,,0,0,3.738,0
18260102003101005101,01:13:40,01:13:40,220,14,,0,0,3.966,0
18260102003101005101,01:14:31,01:14:31,221,15,,0,0,4.258,0
18260102003101155102,01:15:00,01:15:00,221,1,,0,0,0.0,0
18260102003101155102,01:15:50,01:15:50,222,2,,0,0,0.181,0
18260102003101155102,01:16:19,01:16:19,223,3,,0,0,0.415,0
18260102003101155102,01:16:57,01:16:57,224,4,,0,0,0.739,0
18260102003101155102,01:17:28,01:17:28,596,5,,0,0,0.924,0
18260102003101155102,01:18:39,01:18:39,597,6,,0,0,1.243,0
18260102003101155102,01:19:47,01:19:47,430,7,,0,0,1.5,0
18260102003101155102,01:20:56,01:20:56,432,8,,0,0,1.804,0
18260102003101155102,01:21:37,01:21:37,569,9,,0,0,2.133,0
18260102003101155102,01:22:16,01:22:16,226,10,,0,0,2.463,0
18260102003101155102,01:22:56,01:22:56,227,11,,0,0,2.783,0
18260102003101155102,01:23:31,01:23:31,228,12,,0,0,2.928,0
18260102003101155102,01:24:54,01:24:54,229,13,,0,0,3.554,0
18260102003101155102,01:27:08,01:27:08,297,14,,0,0,3.965,0
18260102003101155102,01:28:42,01:28:42,37,15,,0,0,4.727,0
18260102003101155102,01:30:00,01:30:00,79,16,,0,0,5.099,0
18260102003102005101,02:00:00,02:00:00,79,1,,0,0,0.0,0
18260102003102005101,02:02:54,02:02:54,208,2,,0,0,0.579,0
18260102003102005101,02:04:45,02:04:45,341,3,,0,0,1.022,0
18260102003102005101,02:05:57,02:05:57,213,4,,0,0,1.359,0
18260102003102005101,02:06:47,02:06:47,291,5,,0,0,1.718,0
18260102003102005101,02:07:54,02:07:54,292,6,,0,0,2.198,0
18260102003102005101,02:08:37,02:08:37,307,7,,0,0,2.328,0
18260102003102005101,02:09:08,02:09:08,293,8,,0,0,2.5,0
18260102003102005101,02:09:46,02:09:46,294,9,,0,0,2.646,0
18260102003102005101,02:10:38,02:10:38,295,10,,0,0,2.949,0
18260102003102005101,02:11:20,02:11:20,296,11,,0,0,3.164,0
18260102003102005101,02:12:19,02:12:19,218,12,,0,0,3.441,0
18260102003102005101,02:13:03,02:13:03,219,13,,0,0,3.738,0
18260102003102005101,02:13:40,02:13:40,220,14,,0,0,3.966,0
18260102003102005101,02:14:31,02:14:31,221,15,,0,0,4.258,0
18260102003102155102,02:15:00,02:15:00,221,1,,0,0,0.0,0
18260102003102155102,02:15:50,02:15:50,222,2,,0,0,0.181,0
18260102003102155102,02:16:19,02:16:19,223,3,,0,0,0.415,0
18260102003102155102,02:16:57,02:16:57,224,4,,0,0,0.739,0
18260102003102155102,02:17:28,02:17:28,596,5,,0,0,0.924,0
18260102003102155102,02:18:39,02:18:39,597,6,,0,0,1.243,0
18260102003102155102,02:19:47,02:19:47,430,7,,0,0,1.5,0
18260102003102155102,02:20:56,02:20:56,432,8,,0,0,1.804,0
18260102003102155102,02:21:37,02:21:37,569,9,,0,0,2.133,0
18260102003102155102,02:22:16,02:22:16,226,10,,0,0,2.463,0
18260102003102155102,02:22:56,02:22:56,227,11,,0,0,2.783,0
18260102003102155102,02:23:31,02:23:31,228,12,,0,0,2.928,0
18260102003102155102,02:24:54,02:24:54,229,13,,0,0,3.554,0
18260102003102155102,02:27:08,02:27:08,297,14,,0,0,3.965,0
18260102003102155102,02:28:42,02:28:42,37,15,,0,0,4.727,0
18260102003102155102,02:30:00,02:30:00,79,16,,0,0,5.099,0
18260102003103005101,03:00:00,03:00:00,79,1,,0,0,0.0,0
18260102003103005101,03:02:54,03:02:54,208,2,,0,0,0.579,0
18260102003103005101,03:04:45,03:04:45,341,3,,0,0,1.022,0
18260102003103005101,03:05:57,03:05:57,213,4,,0,0,1.359,0
18260102003103005101,03:06:47,03:06:47,291,5,,0,0,1.718,0
18260102003103005101,03:07:54,03:07:54,292,6,,0,0,2.198,0
18260102003103005101,03:08:37,03:08:37,307,7,,0,0,2.328,0
18260102003103005101,03:09:08,03:09:08,293,8,,0,0,2.5,0
18260102003103005101,03:09:46,03:09:46,294,9,,0,0,2.646,0
18260102003103005101,03:10:38,03:10:38,295,10,,0,0,2.949,0
18260102003103005101,03:11:20,03:11:20,296,11,,0,0,3.164,0
18260103003001005101,01:00:00,01:00:00,56,1,,0,0,0.0,0
18260103003001005101,01:03:57,01:03:57,80,2,,0,0,0.631,0
18260103003001005101,01:06:37,01:06:37,81,3,,0,0,1.38,0
18260103003001005101,01:08:15,01:08:15,82,4,,0,0,1.659,0
18260103003001005101,01:09:16,01:09:16,83,5,,0,0,1.93,0
18260103003001005101,01:10:25,01:10:25,84,6,,0,0,2.111,0
18260103003001005101,01:11:39,01:11:39,85,7,,0,0,2.37,0
18260103003001005101,01:12:24,01:12:24,86,8,,0,0,2.546,0
18260103003001005101,01:13:34,01:13:34,87,9,,0,0,2.897,0
18260103003001005101,01:15:12,01:15:12,88,10,,0,0,3.317,0
18260103003001005101,01:16:15,01:16:15,89,11,,0,0,3.568,0
18260103003001005101,01:17:15,01:17:15,90,12,,0,0,3.825,0
18260103003001005101,01:18:22,01:18:22,91,13,,0,0,4.159,0
18260103003001005101,01:19:44,01:19:44,92,14,,0,0,4.576,0
18260103003001205102,01:20:00,01:20:00,92,1,,0,0,0.0,0
18260103003001205102,01:21:26,01:21:26,93,2,,0,0,0.378,0
18260103003001205102,01:22:33,01:22:33,369,3,,0,0,0.68,0
18260103003001205102,01:23:50,01:23:50,95,4,,0,0,1.017,0
18260103003001205102,01:25:10,01:25:10,65,5,,0,0,2.029,0
18260103003001205102,01:26:00,01:26:00,66,6,,0,0,2.205,0
18260103003001205102,01:26:50,01:26:50,67,7,,0,0,2.463,0
18260103003001205102,01:27:54,01:27:54,68,8,,0,0,2.731,0
18260103003001205102,01:28:54,01:28:54,69,9,,0,0,3.116,0
18260103003001205102,01:29:33,01:29:33,524,10,,0,0,3.282,0
18260103003001205102,01:30:14,01:30:14,70,11,,0,0,3.489,0
18260103003001205102,01:31:00,01:31:00,71,12,,0,0,3.751,0
18260103003001205102,01:31:41,01:31:41,72,13,,0,0,4.018,0
18260103003001205102,01:32:32,01:32:32,73,14,,0,0,4.312,0
18260103003001205102,01:33:02,01:33:02,96,15,,0,0,4.843,0
18260103003001205102,01:33:51,01:33:51,286,16,,0,0,5.172,0
18260103003001205102,01:34:35,01:34:35,97,17,,0,0,5.493,0
18260103003001205102,01:35:28,01:35:28,98,18,,0,0,5.712,0
18260103003001205102,01:36:48,01:36:48,288,19,,0,0,6.007,0
18260103003001205102,01:38:28,01:38:28,100,20,,0,0,6.321,0
18260103003001205102,01:39:44,01:39:44,101,21,,0,0,6.617,0
18260103003001205102,01:41:50,01:41:50,494,22,,0,0,7.001,0
18260103003001205102,01:43:02,01:43:02,77,23,,0,0,7.236,0
18260103003001205102,01:45:28,01:45:28,56,24,,0,0,7.725,0
18260103003002005101,02:00:00,02:00:00,56,1,,0,0,0.0,0
18260103003002005101,02:03:57,02:03:57,80,2,,0,0,0.631,0
18260103003002005101,02:06:37,02:06:37,81,3,,0,0,1.38,0
18260103003002005101,02:08:15,02:08:15,82,4,,0,0,1.659,0
18260103003002005101,02:09:16,02:09:16,83,5,,0,0,1.93,0
18260103003002005101,02:10:25,02:10:25,84,6,,0,0,2.111,0
18260103003002005101,02:11:39,02:11:39,85,7,,0,0,2.37,0
18260103003002005101,02:12:24,02:12:24,86,8,,0,0,2.546,0
18260103003002005101,02:13:34,02:13:34,87,9,,0,0,2.897,0
18260103003002005101,02:15:12,02:15:12,88,10,,0,0,3.317,0
18260103003002005101,02:16:15,02:16:15,89,11,,0,0,3.568,0
18260103003002005101,02:17:15,02:17:15,90,12,,0,0,3.825,0
18260103003002005101,02:18:22,02:18:22,91,13,,0,0,4.159,0
18260103003002005101,02:19:44,02:19:44,92,14,,0,0,4.576,0
18260103003002205102,02:20:00,02:20:00,92,1,,0,0,0.0,0
18260103003002205102,02:21:26,02:21:26,93,2,,0,0,0.378,0
18260103003002205102,02:22:33,02:22:33,369,3,,0,0,0.68,0
18260103003002205102,02:23:50,02:23:50,95,4,,0,0,1.017,0
18260103003002205102,02:25:10,02:25:10,65,5,,0,0,2.029,0
18260103003002205102,02:26:00,02:26:00,66,6,,0,0,2.205,0
18260103003002205102,02:26:50,02:26:50,67,7,,0,0,2.463,0
18260103003002205102,02:27:54,02:27:54,68,8,,0,0,2.731,0
18260103003002205102,02:28:54,02:28:54,69,9,,0,0,3.116,0
18260103003002205102,02:29:33,02:29:33,524,10,,0,0,3.282,0
18260103003002205102,02:30:14,02:30:14,70,11,,0,0,3.489,0
18260103003002205102,02:31:00,02:31:00,71,12,,0,0,3.751,0
18260103003002205102,02:31:41,02:31:41,72,13,,0,0,4.018,0
18260103003002205102,02:32:32,02:32:32,73,14,,0,0,4.312,0
18260103003002205102,02:33:02,02:33:02,96,15,,0,0,4.843,0
18260103003002205102,02:33:51,02:33:51,286,16,,0,0,5.172,0
18260103003002205102,02:34:35,02:34:35,97,17,,0,0,5.493,0
18260103003002205102,02:35:28,02:35:28,98,18,,0,0,5.712,0
18260103003002205102,02:36:48,02:36:48,288,19,,0,0,6.007,0
18260103003002205102,02:38:28,02:38:28,100,20,,0,0,6.321,0
18260103003002205102,02:39:44,02:39:44,101,21,,0,0,6.617,0
18260103003002205102,02:41:50,02:41:50,494,22,,0,0,7.001,0
18260103003002205102,02:43:02,02:43:02,77,23,,0,0,7.236,0
18260103003002205102,02:45:28,02:45:28,56,24,,0,0,7.725,0
18260103003003005101,03:00:00,03:00:00,56,1,,0,0,0.0,0
18260103003003005101,03:03:57,03:03:57,80,2,,0,0,0.631,0
18260103003003005101,03:06:37,03:06:37,81,3,,0,0,1.38,0
18260103003003005101,03:08:15,03:08:15,82,4,,0,0,1.659,0
18260103003003005101,03:09:16,03:09:16,83,5,,0,0,1.93,0
18260103003003005101,03:10:25,03:10:25,84,6,,0,0,2.111,0
18260103003003005101,03:11:39,03:11:39,85,7,,0,0,2.37,0
18260103003003005101,03:12:24,03:12:24,86,8,,0,0,2.546,0
18260103003003005101,03:13:34,03:13:34,87,9,,0,0,2.897,0
18260103003003005101,03:15:12,03:15:12,88,10,,0,0,3.317,0
18260103003003005101,03:16:15,03:16:15,89,11,,0,0,3.568,0
18260103003003005101,03:17:15,03:17:15,90,12,,0,0,3.825,0
18260103003003005101,03:18:22,03:18:22,91,13,,0,0,4.159,0
18260103003100205102,00:20:00,00:20:00,92,1,,0,0,0.0,0
18260103003100205102,00:21:26,00:21:26,93,2,,0,0,0.378,0
18260103003100205102,00:22:33,00:22:33,369,3,,0,0,0.68,0
18260103003100205102,00:23:50,00:23:50,95,4,,0,0,1.017,0
18260103003100205102,00:25:10,00:25:10,65,5,,0,0,2.029,0
18260103003100205102,00:26:00,00:26:00,66,6,,0,0,2.205,0
18260103003100205102,00:26:50,00:26:50,67,7,,0,0,2.463,0
18260103003100205102,00:27:54,00:27:54,68,8,,0,0,2.731,0
18260103003100205102,00:28:54,00:28:54,69,9,,0,0,3.116,0
18260103003100205102,00:29:33,00:29:33,524,10,,0,0,3.282,0
18260103003100205102,00:30:14,00:30:14,70,11,,0,0,3.489,0
18260103003100205102,00:31:00,00:31:00,71,12,,0,0,3.751,0
18260103003100205102,00:31:41,00:31:41,72,13,,0,0,4.018,0
18260103003100205102,00:32:32,00:32:32,73,14,,0,0,4.312,0
18260103003100205102,00:33:02,00:33:02,96,15,,0,0,4.843,0
18260103003100205102,00:33:51,00:33:51,286,16,,0,0,5.172,0
18260103003100205102,00:34:35,00:34:35,97,17,,0,0,5.493,0
18260103003100205102,00:35:28,00:35:28,98,18,,0,0,5.712,0
18260103003100205102,00:36:48,00:36:48,288,19,,0,0,6.007,0
18260103003100205102,00:41:50,00:41:50,494,20,,0,0,6.321,0
18260104003000305102,00:30:00,00:30:00,18,1,,0,0,0.0,0
18260104003000305102,00:31:09,00:31:09,586,2,,0,0,0.395,0
18260104003000305102,00:31:49,00:31:49,19,3,,0,0,0.64,0
18260104003000305102,00:32:39,00:32:39,20,4,,0,0,1.019,0
18260104003000305102,00:33:09,00:33:09,21,5,,0,0,1.355,0
18260104003000305102,00:33:41,00:33:41,22,6,,0,0,1.601,0
18260104003000305102,00:35:11,00:35:11,601,7,,0,0,1.983,0
18260104003000305102,00:36:14,00:36:14,23,8,,0,0,2.186,0
18260104003000305102,00:37:27,00:37:27,24,9,,0,0,2.415,0
18260104003000305102,00:38:11,00:38:11,498,10,,0,0,2.598,0
18260104003000305102,00:39:11,00:39:11,399,11,,0,0,2.92,0
18260104003000305102,00:40:00,00:40:00,284,12,,0,0,3.129,0
18260104003000305102,00:41:30,00:41:30,525,13,,0,0,3.587,0
18260104003000305102,00:43:32,00:43:32,27,14,,0,0,3.978,0
18260104003000305102,00:45:36,00:45:36,28,15,,0,0,4.382,0
18260104003000305102,00:46:49,00:46:49,29,16,,0,0,4.624,0
18260104003000305102,00:48:28,00:48:28,30,17,,0,0,5.037,0
18260104003000305102,00:51:10,00:51:10,17,18,,0,0,5.583,0
18260104003000305102,00:53:40,00:53:40,32,19,,0,0,6.236,0
18260104003000305102,00:55:36,00:55:36,1,20,,0,0,6.603,0
18260104003001005101,01:00:00,01:00:00,1,1,,0,0,0.0,0
18260104003001005101,01:02:54,01:02:54,2,2,,0,0,0.671,0
18260104003001005101,01:04:58,01:04:58,3,3,,0,0,1.142,0
18260104003001005101,01:06:43,01:06:43,4,4,,0,0,1.61,0
18260104003001005101,01:07:39,01:07:39,5,5,,0,0,1.843,0
18260104003001005101,01:09:30,01:09:30,6,6,,0,0,2.339,0
18260104003001005101,01:10:37,01:10:37,199,7,,0,0,2.575,0
18260104003001005101,01:12:48,01:12:48,8,8,,0,0,3.107,0
18260104003001005101,01:14:42,01:14:42,405,9,,0,0,3.702,0
18260104003001005101,01:15:42,01:15:42,402,10,,0,0,3.905,0
18260104003001005101,01:16:52,01:16:52,38,11,,0,0,4.14,0
18260104003001005101,01:17:32,01:17:32,9,12,,0,0,4.348,0
18260104003001005101,01:18:36,01:18:36,10,13,,0,0,4.492,0
18260104003001005101,01:19:33,01:19:33,11,14,,0,0,4.731,0
18260104003001005101,01:20:02,01:20:02,59,15,,0,0,5.182,0
18260104003001005101,01:20:53,01:20:53,13,16,,0,0,5.514,0
18260104003001005101,01:21:52,01:21:52,15,17,,0,0,6.16,0
18260104003001005101,01:23:17,01:23:17,585,18,,0,0,6.391,0
18260104003001005101,01:24:00,01:24:00,16,19,,0,0,6.633,0
18260104003001005101,01:25:12,01:25:12,18,20,,0,0,6.787,0
18260104003001305102,01:30:00,01:30:00,18,1,,0,0,0.0,0
18260104003001305102,01:31:09,01:31:09,586,2,,0,0,0.395,0
18260104003001305102,01:31:49,01:31:49,19,3,,0,0,0.64,0
18260104003001305102,01:32:39,01:32:39,20,4,,0,0,1.019,0
18260104003001305102,01:33:09,01:33:09,21,5,,0,0,1.355,0
18260104003001305102,01:33:41,01:33:41,22,6,,0,0,1.601,0
18260104003001305102,01:35:11,01:35:11,601,7,,0,0,1.983,0
18260104003001305102,01:36:14,01:36:14,23,8,,0,0,2.186,0
18260104003001305102,01:37:27,01:37:27,24,9,,0,0,2.415,0
18260104003001305102,01:38:11,01:38:11,498,10,,0,0,2.598,0
18260104003001305102,01:39:11,01:39:11,399,11,,0,0,2.92,0
18260104003001305102,01:40:00,01:40:00,284,12,,0,0,3.129,0
18260104003001305102,01:41:30,01:41:30,525,13,,0,0,3.587,0
18260104003001305102,01:43:32,01:43:32,27,14,,0,0,3.978,0
18260104003001305102,01:45:36,01:45:36,28,15,,0,0,4.382,0
18260104003001305102,01:46:49,01:46:49,29,16,,0,0,4.624,0
18260104003001305102,01:48:28,01:48:28,30,17,,0,0,5.037,0
18260104003001305102,01:51:10,01:51:10,17,18,,0,0,5.583,0
18260104003001305102,01:53:40,01:53:40,32,19,,0,0,6.236,0
18260104003001305102,01:55:36,01:55:36,1,20,,0,0,6.603,0
18260104003002005101,02:00:00,02:00:00,1,1,,0,0,0.0,0
18260104003002005101,02:02:54,02:02:54,2,2,,0,0,0.671,0
18260104003002005101,02:04:58,02:04:58,3,3,,0,0,1.142,0
18260104003002005101,02:06:43,02:06:43,4,4,,0,0,1.61,0
18260104003002005101,02:07:39,02:07:39,5,5,,0,0,1.843,0
18260104003002005101,02:09:30,02:09:30,6,6,,0,0,2.339,0
18260104003002005101,02:10:37,02:10:37,199,7,,0,0,2.575,0
18260104003002005101,02:12:48,02:12:48,8,8,,0,0,3.107,0
18260104003002005101,02:14:42,02:14:42,405,9,,0,0,3.702,0
18260104003002005101,02:15:42,02:15:42,402,10,,0,0,3.905,0
18260104003002005101,02:16:52,02:16:52,38,11,,0,0,4.14,0
18260104003002005101,02:17:32,02:17:32,9,12,,0,0,4.348,0
18260104003002005101,02:18:36,02:18:36,10,13,,0,0,4.492,0
18260104003002005101,02:19:33,02:19:33,11,14,,0,0,4.731,0
18260104003002005101,02:20:02,02:20:02,59,15,,0,0,5.182,0
18260104003002005101,02:20:53,02:20:53,13,16,,0,0,5.514,0
18260104003002005101,02:21:52,02:21:52,15,17,,0,0,6.16,0
18260104003002005101,02:23:17,02:23:17,585,18,,0,0,6.391,0
18260104003002005101,02:24:00,02:24:00,16,19,,0,0,6.633,0
18260104003002005101,02:25:12,02:25:12,18,20,,0,0,6.787,0
18260104003002305102,02:30:00,02:30:00,18,1,,0,0,0.0,0
18260104003002305102,02:31:09,02:31:09,586,2,,0,0,0.395,0
18260104003002305102,02:31:49,02:31:49,19,3,,0,0,0.64,0
18260104003002305102,02:32:39,02:32:39,20,4,,0,0,1.019,0
18260104003002305102,02:33:09,02:33:09,21,5,,0,0,1.355,0
18260104003002305102,02:33:41,02:33:41,22,6,,0,0,1.601,0
18260104003002305102,02:35:11,02:35:11,601,7,,0,0,1.983,0
18260104003002305102,02:36:14,02:36:14,23,8,,0,0,2.186,0
18260104003002305102,02:37:27,02:37:27,24,9,,0,0,2.415,0
18260104003002305102,02:38:11,02:38:11,498,10,,0,0,2.598,0
18260104003002305102,02:39:11,02:39:11,399,11,,0,0,2.92,0
18260104003002305102,02:40:00,02:40:00,284,12,,0,0,3.129,0
18260104003002305102,02:41:30,02:41:30,525,13,,0,0,3.587,0
18260104003002305102,02:43:32,02:43:32,27,14,,0,0,3.978,0
18260104003002305102,02:45:36,02:45:36,28,15,,0,0,4.382,0
18260104003002305102,02:46:49,02:46:49,29,16,,0,0,4.624,0
18260104003002305102,02:48:28,02:48:28,30,17,,0,0,5.037,0
18260104003002305102,02:51:10,02:51:10,17,18,,0,0,5.583,0
18260104003002305102,02:53:40,02:53:40,32,19,,0,0,6.236,0
18260104003002305102,02:55:36,02:55:36,1,20,,0,0,6.603,0
18260104003003005101,03:00:00,03:00:00,1,1,,0,0,0.0,0
18260104003003005101,03:02:54,03:02:54,2,2,,0,0,0.671,0
18260104003003005101,03:04:58,03:04:58,3,3,,0,0,1.142,0
18260104003003005101,03:06:43,03:06:43,4,4,,0,0,1.61,0
18260104003003005101,03:07:39,03:07:39,5,5,,0,0,1.843,0
18260104003003005101,03:09:30,03:09:30,6,6,,0,0,2.339,0
18260104003003005101,03:10:37,03:10:37,199,7,,0,0,2.575,0
18260104003003005101,03:12:48,03:12:48,8,8,,0,0,3.107,0
18260104003003005101,03:14:42,03:14:42,405,9,,0,0,3.702,0
18260104003003005101,03:15:42,03:15:42,402,10,,0,0,3.905,0
18260104003003005101,03:16:52,03:16:52,38,11,,0,0,4.14,0
18260104003003005101,03:17:32,03:17:32,9,12,,0,0,4.348,0
18260104003003005101,03:18:36,03:18:36,10,13,,0,0,4.492,0
18260104003003005101,03:19:33,03:19:33,11,14,,0,0,4.731,0
18260104003003005101,03:20:02,03:20:02,59,15,,0,0,5.182,0
18260104003003005101,03:20:53,03:20:53,13,16,,0,0,5.514,0
18260106003000155102,00:15:00,00:15:00,120,1,,0,0,0.0,0
18260106003000155102,00:16:07,00:16:07,121,2,,0,0,0.361,0
18260106003000155102,00:17:18,00:17:18,122,3,,0,0,0.761,0
18260106003000155102,00:17:54,00:17:54,123,4,,0,0,0.924,0
18260106003000155102,00:18:24,00:18:24,603,5,,0,0,1.088,0
18260106003000155102,00:18:54,00:18:54,124,6,,0,0,1.343,0
18260106003000155102,00:19:38,00:19:38,413,7,,0,0,1.504,0
18260106003000155102,00:20:29,00:20:29,125,8,,0,0,1.778,0
18260106003000155102,00:21:29,00:21:29,144,9,,0,0,2.207,0
18260106003000155102,00:22:17,00:22:17,142,10,,0,0,2.578,0
18260106003000155102,00:23:04,00:23:04,140,11,,0,0,2.927,0
18260106003000155102,00:24:39,00:24:39,138,12,,0,0,3.764,0
18260106003000155102,00:25:57,00:25:57,129,13,,0,0,4.415,0
18260106003000155102,00:27:10,00:27:10,130,14,,0,0,4.818,0
18260106003000155102,00:29:09,00:29:09,539,15,,0,0,5.55,0
18260106003000155102,00:30:04,00:30:04,161,16,,0,0,5.972,0
18260106003000155102,00:31:15,00:31:15,159,17,,0,0,6.251,0
18260106003000155102,00:32:24,00:32:24,131,18,,0,0,6.67,0
18260106003000155102,00:33:22,00:33:22,132,19,,0,0,6.935,0
18260106003000155102,00:33:59,00:33:59,94,20,,0,0,7.204,0
18260106003000155102,00:34:36,00:34:36,133,21,,0,0,7.402,0
18260106003000155102,00:36:19,00:36:19,134,22,,0,0,8.136,0
18260106003000155102,00:37:33,00:37:33,135,23,,0,0,8.54,0
18260106003000155102,00:39:10,00:39:10,136,24,,0,0,9.096,0
18260106003000155102,00:40:53,00:40:53,102,25,,0,0,9.622,0
18260106003001005101,01:00:00,01:00:00,102,1,,0,0,0.0,0
18260106003001005101,01:03:16,01:03:16,103,2,,0,0,0.648,0
18260106003001005101,01:05:40,01:05:40,104,3,,0,0,1.304,0
18260106003001005101,01:06:43,01:06:43,105,4,,0,0,1.541,0
18260106003001005101,01:07:43,01:07:43,106,5,,0,0,1.932,0
18260106003001005101,01:09:26,01:09:26,107,6,,0,0,2.485,0
18260106003001005101,01:10:10,01:10:10,78,7,,0,0,2.737,0
18260106003001005101,01:10:47,01:10:47,108,8,,0,0,3.052,0
18260106003001005101,01:11:35,01:11:35,109,9,,0,0,3.326,0
18260106003001005101,01:12:53,01:12:53,158,10,,0,0,3.728,0
18260106003001005101,01:13:53,01:13:53,110,11,,0,0,3.879,0
18260106003001005101,01:14:56,01:14:56,111,12,,0,0,4.304,0
18260106003001005101,01:16:13,01:16:13,112,13,,0,0,4.68,0
18260106003001005101,01:17:00,01:17:00,113,14,,0,0,5.026,0
18260106003001005101,01:17:54,01:17:54,114,15,,0,0,5.413,0
18260106003001005101,01:18:36,01:18:36,115,16,,0,0,5.675,0
18260106003001005101,01:19:24,01:19:24,411,17,,0,0,5.891,0
18260106003001005101,01:20:06,01:20:06,116,18,,0,0,6.065,0
18260106003001005101,01:20:47,01:20:47,604,19,,0,0,6.284,0
18260106003001005101,01:21:20,01:21:20,117,20,,0,0,6.478,0
18260106003001005101,01:21:58,01:21:58,118,21,,0,0,6.662,0
18260106003001005101,01:22:24,01:22:24,410,22,,0,0,6.82,0
18260106003001005101,01:23:00,01:23:00,119,23,,0,0,7.02,0
18260106003001005101,01:23:51,01:23:51,120,24,,0,0,7.324,0
18260106003001305102,01:30:00,01:30:00,120,1,,0,0,0.0,0
18260106003001305102,01:31:07,01:31:07,121,2,,0,0,0.361,0
18260106003001305102,01:32:18,01:32:18,122,3,,0,0,0.761,0
18260106003001305102,01:32:54,01:32:54,123,4,,0,0,0.924,0
18260106003001305102,01:33:24,01:33:24,603,5,,0,0,1.088,0
18260106003001305102,01:33:54,01:33:54,124,6,,0,0,1.343,0
18260106003001305102,01:34:38,01:34:38,413,7,,0,0,1.504,0
18260106003001305102,01:35:29,01:35:29,125,8,,0,0,1.778,0
18260106003001305102,01:36:29,01:36:29,144,9,,0,0,2.207,0
18260106003001305102,01:37:17,01:37:17,142,10,,0,0,2.578,0
18260106003001305102,01:38:04,01:38:04,140,11,,0,0,2.927,0
18260106003001305102,01:39:39,01:39:39,138,12,,0,0,3.764,0
18260106003001305102,01:40:57,01:40:57,129,13,,0,0,4.415,0
18260106003001305102,01:42:10,01:42:10,130,14,,0,0,4.818,0
18260106003001305102,01:44:09,01:44:09,539,15,,0,0,5.55,0
18260106003001305102,01:45:04,01:45:04,161,16,,0,0,5.972,0
18260106003001305102,01:46:15,01:46:15,159,17,,0,0,6.251,0
18260106003001305102,01:47:24,01:47:24,131,18,,0,0,6.67,0
18260106003001305102,01:48:22,01:48:22,132,19,,0,0,6.935,0
18260106003001305102,01:48:59,01:48:59,94,20,,0,0,7.204,0
18260106003001305102,01:49:36,01:49:36,133,21,,0,0,7.402,0
18260106003001305102,01:51:19,01:51:19,134,22,,0,0,8.136,0
18260106003001305102,01:52:33,01:52:33,135,23,,0,0,8.54,0
18260106003001305102,01:54:10,01:54:10,136,24,,0,0,9.096,0
18260106003001305102,01:55:53,01:55:53,102,25,,0,0,9.622,0
18260106003002005101,02:00:00,02:00:00,102,1,,0,0,0.0,0
18260106003002005101,02:03:16,02:03:16,103,2,,0,0,0.648,0
18260106003002005101,02:05:40,02:05:40,104,3,,0,0,1.304,0
18260106003002005101,02:06:43,02:06:43,105,4,,0,0,1.541,0
18260106003002005101,02:07:43,02:07:43,106,5,,0,0,1.932,0
18260106003002005101,02:09:26,02:09:26,107,6,,0,0,2.485,0
18260106003002005101,02:10:10,02:10:10,78,7,,0,0,2.737,0
18260106003002005101,02:10:47,02:10:47,108,8,,0,0,3.052,0
18260106003002005101,02:11:35,02:11:35,109,9,,0,0,3.326,0
18260106003002005101,02:12:53,02:12:53,158,10,,0,0,3.728,0
18260106003002005101,02:13:53,02:13:53,110,11,,0,0,3.879,0
18260106003002005101,02:14:56,02:14:56,111,12,,0,0,4.304,0
18260106003002005101,02:16:13,02:16:13,112,13,,0,0,4.68,0
18260106003002005101,02:17:00,02:17:00,113,14,,0,0,5.026,0
18260106003002005101,02:17:54,02:17:54,114,15,,0,0,5.413,0
18260106003002005101,02:18:36,02:18:36,115,16,,0,0,5.675,0
18260106003002005101,02:19:24,02:19:24,411,17,,0,0,5.891,0
18260106003002005101,02:20:06,02:20:06,116,18,,0,0,6.065,0
18260106003002005101,02:20:47,02:20:47,604,19,,0,0,6.284,0
18260106003002005101,02:21:20,02:21:20,117,20,,0,0,6.478,0
18260106003002005101,02:21:58,02:21:58,118,21,,0,0,6.662,0
18260106003002005101,02:22:24,02:22:24,410,22,,0,0,6.82,0
18260106003002005101,02:23:00,02:23:00,119,23,,0,0,7.02,0
18260106003002005101,02:23:51,02:23:51,120,24,,0,0,7.324,0
18260106003002305102,02:30:00,02:30:00,120,1,,0,0,0.0,0
18260106003002305102,02:31:07,02:31:07,121,2,,0,0,0.361,0
18260106003002305102,02:32:18,02:32:18,122,3,,0,0,0.761,0
18260106003002305102,02:32:54,02:32:54,123,4,,0,0,0.924,0
18260106003002305102,02:33:24,02:33:24,603,5,,0,0,1.088,0
18260106003002305102,02:33:54,02:33:54,124,6,,0,0,1.343,0
18260106003002305102,02:34:38,02:34:38,413,7,,0,0,1.504,0
18260106003002305102,02:35:29,02:35:29,125,8,,0,0,1.778,0
18260106003002305102,02:36:29,02:36:29,144,9,,0,0,2.207,0
18260106003002305102,02:37:17,02:37:17,142,10,,0,0,2.578,0
18260106003002305102,02:38:04,02:38:04,140,11,,0,0,2.927,0
18260106003002305102,02:39:39,02:39:39,138,12,,0,0,3.764,0
18260106003002305102,02:40:57,02:40:57,129,13,,0,0,4.415,0
18260106003002305102,02:42:10,02:42:10,130,14,,0,0,4.818,0
18260106003002305102,02:44:09,02:44:09,539,15,,0,0,5.55,0
18260106003002305102,02:45:04,02:45:04,161,16,,0,0,5.972,0
18260106003002305102,02:46:15,02:46:15,159,17,,0,0,6.251,0
18260106003002305102,02:47:24,02:47:24,131,18,,0,0,6.67,0
18260106003002305102,02:48:22,02:48:22,132,19,,0,0,6.935,0
18260106003002305102,02:48:59,02:48:59,94,20,,0,0,7.204,0
18260106003002305102,02:49:36,02:49:36,133,21,,0,0,7.402,0
18260106003002305102,02:51:19,02:51:19,134,22,,0,0,8.136,0
18260106003002305102,02:52:33,02:52:33,135,23,,0,0,8.54,0
18260106003002305102,02:54:10,02:54:10,136,24,,0,0,9.096,0
18260106003002305102,02:55:53,02:55:53,102,25,,0,0,9.622,0
18260106003003005101,03:00:00,03:00:00,102,1,,0,0,0.0,0
18260106003003005101,03:03:16,03:03:16,103,2,,0,0,0.648,0
18260106003003005101,03:05:40,03:05:40,104,3,,0,0,1.304,0
18260106003003005101,03:06:43,03:06:43,105,4,,0,0,1.541,0
18260106003003005101,03:07:43,03:07:43,106,5,,0,0,1.932,0
18260106003003005101,03:09:26,03:09:26,107,6,,0,0,2.485,0
18260106003003005101,03:10:10,03:10:10,78,7,,0,0,2.737,0
18260106003003005101,03:10:47,03:10:47,108,8,,0,0,3.052,0
18260106003003005101,03:11:35,03:11:35,109,9,,0,0,3.326,0
18260106003003005101,03:12:53,03:12:53,158,10,,0,0,3.728,0
18260106003003005101,03:13:53,03:13:53,110,11,,0,0,3.879,0
18260106003003005101,03:14:56,03:14:56,111,12,,0,0,4.304,0
18260106003003005101,03:16:13,03:16:13,112,13,,0,0,4.68,0
18260106003003005101,03:17:00,03:17:00,113,14,,0,0,5.026,0
18260106003003005101,03:17:54,03:17:54,114,15,,0,0,5.413,0
18260106003003005101,03:18:36,03:18:36,115,16,,0,0,5.675,0
18260106003003005101,03:19:24,03:19:24,411,17,,0,0,5.891,0
18260106003003005101,03:20:06,03:20:06,116,18,,0,0,6.065,0
18260106003003005101,03:20:47,03:20:47,604,19,,0,0,6.284,0
18260106003003005101,03:21:20,03:21:20,117,20,,0,0,6.478,0
18260106003003005101,03:21:58,03:21:58,118,21,,0,0,6.662,0
18260108003000055102,00:05:00,00:05:00,331,1,,0,0,0.0,0
18260108003000055102,00:06:12,00:06:12,332,2,,0,0,0.345,0
18260108003000055102,00:06:50,00:06:50,333,3,,0,0,0.634,0
18260108003000055102,00:07:16,00:07:16,334,4,,0,0,0.844,0
18260108003000055102,00:07:48,00:07:48,335,5,,0,0,1.008,0
18260108003000055102,00:08:35,00:08:35,336,6,,0,0,1.292,0
18260108003000055102,00:09:49,00:09:49,337,7,,0,0,1.561,0
18260108003000055102,00:10:25,00:10:25,338,8,,0,0,1.75,0
18260108003000055102,00:10:55,00:10:55,276,9,,0,0,1.99,0
18260108003000055102,00:11:34,00:11:34,274,10,,0,0,2.336,0
18260108003000055102,00:13:54,00:13:54,39,11,,0,0,3.623,0
18260108003000055102,00:15:55,00:15:55,225,12,,0,0,4.142,0
18260108003000055102,00:18:15,00:18:15,37,13,,0,0,4.523,0
18260108003000055102,00:20:22,00:20:22,34,14,,0,0,4.941,0
18260108003000305101,00:30:00,00:30:00,34,1,,0,0,0.0,0
18260108003000305101,00:32:36,00:32:36,35,2,,0,0,0.67,0
18260108003000305101,00:34:56,00:34:56,36,3,,0,0,1.095,0
18260108003000305101,00:36:00,00:36:00,298,4,,0,0,1.532,0
18260108003000305101,00:36:34,00:36:34,299,5,,0,0,1.847,0
18260108003000305101,00:37:11,00:37:11,300,6,,0,0,2.04,0
18260108003000305101,00:37:49,00:37:49,301,7,,0,0,2.361,0
18260108003000305101,00:38:31,00:38:31,302,8,,0,0,2.628,0
18260108003000305101,00:39:25,00:39:25,344,9,,0,0,2.933,0
18260108003000305101,00:40:28,00:40:28,345,10,,0,0,3.361,0
18260108003000305101,00:41:33,00:41:33,55,11,,0,0,3.895,0
18260108003000305101,00:42:55,00:42:55,54,12,,0,0,4.229,0
18260108003000305101,00:44:22,00:44:22,53,13,,0,0,4.546,0
18260108003000305101,00:45:46,00:45:46,52,14,,0,0,4.875,0
18260108003000305101,00:46:53,00:46:53,51,15,,0,0,5.28,0
18260108003000305101,00:48:24,00:48:24,269,16,,0,0,5.619,0
18260108003000305101,00:48:54,00:48:54,433,17,,0,0,6.013,0
18260108003000305101,00:49:31,00:49:31,313,18,,0,0,6.218,0
18260108003000305101,00:50:24,00:50:24,566,19,,0,0,6.986,0
18260108003000305101,00:51:14,00:51:14,328,20,,0,0,7.289,0
18260108003000305101,00:51:43,00:51:43,329,21,,0,0,7.415,0
18260108003000305101,00:52:20,00:52:20,330,22,,0,0,7.742,0
18260108003000305101,00:53:11,00:53:11,375,23,,0,0,7.99,0
18260108003000305101,00:53:39,00:53:39,331,24,,0,0,8.077,0
18260108003000555102,00:55:00,00:55:00,331,1,,0,0,0.0,0
18260108003000555102,00:56:12,00:56:12,332,2,,0,0,0.345,0
18260108003000555102,00:56:50,00:56:50,333,3,,0,0,0.634,0
18260108003000555102,00:57:16,00:57:16,334,4,,0,0,0.844,0
18260108003000555102,00:57:48,00:57:48,335,5,,0,0,1.008,0
18260108003000555102,00:58:35,00:58:35,336,6,,0,0,1.292,0
18260108003000555102,00:59:49,00:59:49,337,7,,0,0,1.561,0
18260108003000555102,01:00:25,01:00:25,338,8,,0,0,1.75,0
18260108003000555102,01:00:55,01:00:55,276,9,,0,0,1.99,0
18260108003000555102,01:01:34,01:01:34,274,10,,0,0,2.336,0
18260108003000555102,01:03:54,01:03:54,39,11,,0,0,3.623,0
18260108003000555102,01:05:55,01:05:55,225,12,,0,0,4.142,0
18260108003000555102,01:08:15,01:08:15,37,13,,0,0,4.523,0
18260108003000555102,01:10:22,01:10:22,34,14,,0,0,4.941,0
18260108003001305101,01:30:00,01:30:00,34,1,,0,0,0.0,0
18260108003001305101,01:32:36,01:32:36,35,2,,0,0,0.67,0
18260108003001305101,01:34:56,01:34:56,36,3,,0,0,1.095,0
18260108003001305101,01:36:00,01:36:00,298,4,,0,0,1.532,0
18260108003001305101,01:36:34,01:36:34,299,5,,0,0,1.847,0
18260108003001305101,01:37:11,01:37:11,300,6,,0,0,2.04,0
18260108003001305101,01:37:49,01:37:49,301,7,,0,0,2.361,0
18260108003001305101,01:38:31,01:38:31,302,8,,0,0,2.628,0
18260108003001305101,01:39:25,01:39:25,344,9,,0,0,2.933,0
18260108003001305101,01:40:28,01:40:28,345,10,,0,0,3.361,0
18260108003001305101,01:41:33,01:41:33,55,11,,0,0,3.895,0
18260108003001305101,01:42:55,01:42:55,54,12,,0,0,4.229,0
18260108003001305101,01:44:22,01:44:22,53,13,,0,0,4.546,0
18260108003001305101,01:45:46,01:45:46,52,14,,0,0,4.875,0
18260108003001305101,01:46:53,01:46:53,51,15,,0,0,5.28,0
18260108003001305101,01:48:24,01:48:24,269,16,,0,0,5.619,0
18260108003001305101,01:48:54,01:48:54,433,17,,0,0,6.013,0
18260108003001305101,01:49:31,01:49:31,313,18,,0,0,6.218,0
18260108003001305101,01:50:24,01:50:24,566,19,,0,0,6.986,0
18260108003001305101,01:51:14,01:51:14,328,20,,0,0,7.289,0
18260108003001305101,01:51:43,01:51:43,329,21,,0,0,7.415,0
18260108003001305101,01:52:20,01:52:20,330,22,,0,0,7.742,0
18260108003001305101,01:53:11,01:53:11,375,23,,0,0,7.99,0
18260108003001305101,01:53:39,01:53:39,331,24,,0,0,8.077,0
18260108003001555102,01:55:00,01:55:00,331,1,,0,0,0.0,0
18260108003001555102,01:56:12,01:56:12,332,2,,0,0,0.345,0
18260108003001555102,01:56:50,01:56:50,333,3,,0,0,0.634,0
18260108003001555102,01:57:16,01:57:16,334,4,,0,0,0.844,0
18260108003001555102,01:57:48,01:57:48,335,5,,0,0,1.008,0
18260108003001555102,01:58:35,01:58:35,336,6,,0,0,1.292,0
18260108003001555102,01:59:49,01:59:49,337,7,,0,0,1.561,0
18260108003001555102,02:00:25,02:00:25,338,8,,0,0,1.75,0
18260108003001555102,02:00:55,02:00:55,276,9,,0,0,1.99,0
18260108003001555102,02:01:34,02:01:34,274,10,,0,0,2.336,0
18260108003001555102,02:03:54,02:03:54,39,11,,0,0,3.623,0
18260108003001555102,02:05:55,02:05:55,225,12,,0,0,4.142,0
18260108003001555102,02:08:15,02:08:15,37,13,,0,0,4.523,0
18260108003001555102,02:10:22,02:10:22,34,14,,0,0,4.941,0
18260108003002305101,02:30:00,02:30:00,34,1,,0,0,0.0,0
18260108003002305101,02:32:36,02:32:36,35,2,,0,0,0.67,0
18260108003002305101,02:34:56,02:34:56,36,3,,0,0,1.095,0
18260108003002305101,02:36:00,02:36:00,298,4,,0,0,1.532,0
18260108003002305101,02:36:34,02:36:34,299,5,,0,0,1.847,0
18260108003002305101,02:37:11,02:37:11,300,6,,0,0,2.04,0
18260108003002305101,02:37:49,02:37:49,301,7,,0,0,2.361,0
18260108003002305101,02:38:31,02:38:31,302,8,,0,0,2.628,0
18260108003002305101,02:39:25,02:39:25,344,9,,0,0,2.933,0
18260108003002305101,02:40:28,02:40:28,345,10,,0,0,3.361,0
18260108003002305101,02:41:33,02:41:33,55,11,,0,0,3.895,0
18260108003002305101,02:42:55,02:42:55,54,12,,0,0,4.229,0
18260108003002305101,02:44:22,02:44:22,53,13,,0,0,4.546,0
18260108003002305101,02:45:46,02:45:46,52,14,,0,0,4.875,0
18260108003002305101,02:46:53,02:46:53,51,15,,0,0,5.28,0
18260108003002305101,02:48:24,02:48:24,269,16,,0,0,5.619,0
18260108003002305101,02:48:54,02:48:54,433,17,,0,0,6.013,0
18260108003002305101,02:49:31,02:49:31,313,18,,0,0,6.218,0
18260108003002305101,02:50:24,02:50:24,566,19,,0,0,6.986,0
18260108003002305101,02:51:14,02:51:14,328,20,,0,0,7.289,0
18260108003002305101,02:51:43,02:51:43,329,21,,0,0,7.415,0
18260109003000305101,00:30:00,00:30:00,1,1,,0,0,0.0,0
18260109003000305101,00:32:33,00:32:33,2,2,,0,0,0.67,0
18260109003000305101,00:34:23,00:34:23,3,3,,0,0,1.141,0
18260109003000305101,00:35:55,00:35:55,4,4,,0,0,1.609,0
18260109003000305101,00:36:45,00:36:45,5,5,,0,0,1.842,0
18260109003000305101,00:38:23,00:38:23,6,6,,0,0,2.339,0
18260109003000305101,00:39:22,00:39:22,199,7,,0,0,2.575,0
18260109003000305101,00:40:49,00:40:49,420,8,,0,0,3.146,0
18260109003000305101,00:41:36,00:41:36,212,9,,0,0,3.537,0
18260109003000305101,00:42:54,00:42:54,214,10,,0,0,3.893,0
18260109003000305101,00:44:47,00:44:47,215,11,,0,0,4.748,0
18260109003000305101,00:45:50,00:45:50,497,12,,0,0,5.125,0
18260109003000305101,00:46:29,00:46:29,216,13,,0,0,5.481,0
18260109003000305101,00:47:27,00:47:27,394,14,,0,0,5.657,0
18260109003000305101,00:48:00,00:48:00,512,15,,0,0,5.808,0
18260109003000485102,00:48:00,00:48:00,512,1,,0,0,0.0,0
18260109003000485102,00:49:18,00:49:18,437,2,,0,0,0.28,0
18260109003000485102,00:49:57,00:49:57,380,3,,0,0,0.441,0
18260109003000485102,00:50:37,00:50:37,423,4,,0,0,0.623,0
18260109003000485102,00:51:28,00:51:28,209,5,,0,0,1.219,0
18260109003101305101,01:30:00,01:30:00,1,1,,0,0,0.0,0
18260109003101305101,01:32:33,01:32:33,2,2,,0,0,0.67,0
18260109003101305101,01:34:23,01:34:23,3,3,,0,0,1.141,0
18260109003101305101,01:35:55,01:35:55,4,4,,0,0,1.609,0
18260109003101305101,01:36:45,01:36:45,5,5,,0,0,1.842,0
18260109003101305101,01:38:23,01:38:23,6,6,,0,0,2.339,0
18260109003101305101,01:39:22,01:39:22,199,7,,0,0,2.575,0
18260109003101305101,01:40:49,01:40:49,420,8,,0,0,3.146,0
18260109003101305101,01:41:36,01:41:36,212,9,,0,0,3.537,0
18260109003101305101,01:42:54,01:42:54,214,10,,0,0,3.893,0
18260109003101305101,01:44:47,01:44:47,215,11,,0,0,4.748,0
18260109003101305101,01:45:50,01:45:50,497,12,,0,0,5.125,0
18260109003101305101,01:46:29,01:46:29,216,13,,0,0,5.481,0
18260109003101305101,01:47:27,01:47:27,394,14,,0,0,5.657,0
18260109003101305101,01:48:00,01:48:00,512,15,,0,0,5.808,0
18260109003101485102,01:48:00,01:48:00,512,1,,0,0,0.0,0
18260109003101485102,01:49:18,01:49:18,437,2,,0,0,0.28,0
18260109003101485102,01:49:57,01:49:57,380,3,,0,0,0.441,0
18260109003101485102,01:50:37,01:50:37,423,4,,0,0,0.623,0
18260109003101485102,01:51:28,01:51:28,209,5,,0,0,1.219,0
18260109003101485102,01:55:38,01:55:38,32,6,,0,0,3.008,0
18260109003101485102,01:57:34,01:57:34,1,7,,0,0,3.378,0
18260109003102305101,02:30:00,02:30:00,1,1,,0,0,0.0,0
18260109003102305101,02:32:33,02:32:33,2,2,,0,0,0.67,0
18260109003102305101,02:34:23,02:34:23,3,3,,0,0,1.141,0
18260109003102305101,02:35:55,02:35:55,4,4,,0,0,1.609,0
18260109003102305101,02:36:45,02:36:45,5,5,,0,0,1.842,0
18260109003102305101,02:38:23,02:38:23,6,6,,0,0,2.339,0
18260109003102305101,02:39:22,02:39:22,199,7,,0,0,2.575,0
18260109003102305101,02:40:49,02:40:49,420,8,,0,0,3.146,0
18260109003102305101,02:41:36,02:41:36,212,9,,0,0,3.537,0
18260109003102305101,02:42:54,02:42:54,214,10,,0,0,3.893,0
18260109003102305101,02:44:47,02:44:47,215,11,,0,0,4.748,0
18260109003102305101,02:45:50,02:45:50,497,12,,0,0,5.125,0
18260109003102305101,02:46:29,02:46:29,216,13,,0,0,5.481,0
18260109003102305101,02:47:27,02:47:27,394,14,,0,0,5.657,0
18260109003102305101,02:48:00,02:48:00,512,15,,0,0,5.808,0
18260109003102485102,02:48:00,02:48:00,512,1,,0,0,0.0,0
18260109003102485102,02:49:18,02:49:18,437,2,,0,0,0.28,0
18260109003102485102,02:49:57,02:49:57,380,3,,0,0,0.441,0
18260109003102485102,02:50:37,02:50:37,423,4,,0,0,0.623,0
18260109003102485102,02:51:28,02:51:28,209,5,,0,0,1.219,0
18260110003000105202,00:10:00,00:10:00,164,1,,0,0,0.0,0
18260110003000105202,00:11:34,00:11:34,161,2,,0,0,0.39,0
18260110003000105202,00:12:45,00:12:45,159,3,,0,0,0.666,0
18260110003000105202,00:13:54,00:13:54,131,4,,0,0,1.085,0
18260110003000105202,00:14:52,00:14:52,132,5,,0,0,1.35,0
18260110003000105202,00:15:29,00:15:29,94,6,,0,0,1.619,0
18260110003000105202,00:16:06,00:16:06,133,7,,0,0,1.817,0
18260110003000105202,00:17:49,00:17:49,134,8,,0,0,2.551,0
18260110003000105202,00:19:03,00:19:03,135,9,,0,0,2.953,0
18260110003000105202,00:20:40,00:20:40,136,10,,0,0,3.51,0
18260110003000105202,00:22:23,00:22:23,102,11,,0,0,4.036,0
18260110003000305101,00:30:00,00:30:00,102,1,,0,0,0.0,0
18260110003000305101,00:32:52,00:32:52,103,2,,0,0,0.648,0
18260110003000305101,00:34:58,00:34:58,104,3,,0,0,1.304,0
18260110003000305101,00:35:53,00:35:53,105,4,,0,0,1.542,0
18260110003000305101,00:36:42,00:36:42,507,5,,0,0,1.887,0
18260110003000305101,00:37:33,00:37:33,61,6,,0,0,2.119,0
18260110003000305101,00:38:15,00:38:15,63,7,,0,0,2.487,0
18260110003000305101,00:39:20,00:39:20,533,8,,0,0,2.813,0
18260110003000305101,00:39:51,00:39:51,58,9,,0,0,3.073,0
18260110003000305101,00:40:18,00:40:18,421,10,,0,0,3.222,0
18260110003000305101,00:41:46,00:41:46,217,11,,0,0,3.665,0
18260110003000305101,00:42:17,00:42:17,158,12,,0,0,3.928,0
18260110003000305101,00:43:56,00:43:56,539,13,,0,0,4.653,0
18260110003000305101,00:44:33,00:44:33,160,14,,0,0,4.883,0
18260110003000305101,00:45:16,00:45:16,162,15,,0,0,5.084,0
18260110003000305101,00:46:05,00:46:05,163,16,,0,0,5.334,0
18260110003000305101,00:47:00,00:47:00,164,17,,0,0,5.67,0
18260110003000305101,00:47:57,00:47:57,161,18,,0,0,6.061,0
18260110003000305101,00:49:43,00:49:43,110,19,,0,0,6.453,0
18260110003000305101,00:50:39,00:50:39,111,20,,0,0,6.879,0
18260110003000305101,00:51:37,00:51:37,137,21,,0,0,7.516,0
18260110003000305101,00:53:04,00:53:04,139,22,,0,0,8.404,0
18260110003000305101,00:53:39,00:53:39,141,23,,0,0,8.685,0
18260110003000305101,00:54:17,00:54:17,143,24,,0,0,9.062,0
18260110003000305101,00:54:53,00:54:53,145,25,,0,0,9.375,0
18260110003000305101,00:55:24,00:55:24,115,26,,0,0,9.556,0
18260110003000305101,00:56:06,00:56:06,411,27,,0,0,9.772,0
18260110003000305101,00:56:43,00:56:43,116,28,,0,0,9.941,0
18260110003000305101,00:57:19,00:57:19,604,29,,0,0,10.162,0
18260110003000305101,00:57:48,00:57:48,117,30,,0,0,10.352,0
18260110003000305101,00:58:21,00:58:21,118,31,,0,0,10.535,0
18260110003000305101,00:58:44,00:58:44,410,32,,0,0,10.692,0
18260110003000305101,00:59:15,00:59:15,119,33,,0,0,10.891,0
18260110003000305101,01:00:00,01:00:00,120,34,,0,0,11.192,0
18260110003001005102,01:00:00,01:00:00,120,1,,0,0,0.0,0
18260110003001005102,01:01:07,01:01:07,121,2,,0,0,0.325,0
18260110003001005102,01:02:18,01:02:18,122,3,,0,0,0.726,0
18260110003001005102,01:02:54,01:02:54,123,4,,0,0,0.89,0
18260110003001005102,01:03:24,01:03:24,603,5,,0,0,1.055,0
18260110003001005102,01:03:54,01:03:54,124,6,,0,0,1.311,0
18260110003001005102,01:04:38,01:04:38,413,7,,0,0,1.474,0
18260110003001005102,01:05:29,01:05:29,125,8,,0,0,1.754,0
18260110003001005102,01:05:58,01:05:58,126,9,,0,0,1.962,0
18260110003001005102,01:06:41,01:06:41,127,10,,0,0,2.281,0
18260110003001005102,01:07:42,01:07:42,128,11,,0,0,2.754,0
18260110003001005102,01:09:05,01:09:05,129,12,,0,0,3.18,0
18260110003001005102,01:10:18,01:10:18,130,13,,0,0,3.576,0
18260110003001005102,01:11:57,01:11:57,131,14,,0,0,4.14,0
18260110003001005102,01:12:55,01:12:55,132,15,,0,0,4.405,0
18260110003001005102,01:13:32,01:13:32,94,16,,0,0,4.674,0
18260110003001005102,01:14:09,01:14:09,133,17,,0,0,4.872,0
18260110003001005102,01:15:52,01:15:52,134,18,,0,0,5.606,0
18260110003001005102,01:17:06,01:17:06,135,19,,0,0,6.008,0
18260110003001005102,01:18:43,01:18:43,136,20,,0,0,6.565,0
18260110003001005102,01:20:26,01:20:26,102,21,,0,0,7.091,0
18260110003001305101,01:30:00,01:30:00,102,1,,0,0,0.0,0
18260110003001305101,01:32:52,01:32:52,103,2,,0,0,0.648,0
18260110003001305101,01:34:58,01:34:58,104,3,,0,0,1.304,0
18260110003001305101,01:35:53,01:35:53,105,4,,0,0,1.542,0
18260110003001305101,01:36:42,01:36:42,507,5,,0,0,1.887,0
18260110003001305101,01:37:33,01:37:33,61,6,,0,0,2.119,0
18260110003001305101,01:38:15,01:38:15,63,7,,0,0,2.487,0
18260110003001305101,01:39:20,01:39:20,533,8,,0,0,2.813,0
18260110003001305101,01:39:51,01:39:51,58,9,,0,0,3.073,0
18260110003001305101,01:40:18,01:40:18,421,10,,0,0,3.222,0
18260110003001305101,01:41:46,01:41:46,217,11,,0,0,3.665,0
18260110003001305101,01:42:17,01:42:17,158,12,,0,0,3.928,0
18260110003001305101,01:43:56,01:43:56,539,13,,0,0,4.653,0
18260110003001305101,01:44:33,01:44:33,160,14,,0,0,4.883,0
18260110003001305101,01:45:16,01:45:16,162,15,,0,0,5.084,0
18260110003001305101,01:46:05,01:46:05,163,16,,0,0,5.334,0
18260110003001305101,01:47:00,01:47:00,164,17,,0,0,5.67,0
18260110003001305101,01:47:57,01:47:57,161,18,,0,0,6.061,0
18260110003001305101,01:49:43,01:49:43,110,19,,0,0,6.453,0
18260110003001305101,01:50:39,01:50:39,111,20,,0,0,6.879,0
18260110003001305101,01:51:37,01:51:37,137,21,,0,0,7.516,0
18260110003001305101,01:53:04,01:53:04,139,22,,0,0,8.404,0
18260110003001305101,01:53:39,01:53:39,141,23,,0,0,8.685,0
18260110003001305101,01:54:17,01:54:17,143,24,,0,0,9.062,0
18260110003001305101,01:54:53,01:54:53,145,25,,0,0,9.375,0
18260110003001305101,01:55:24,01:55:24,115,26,,0,0,9.556,0
18260110003001305101,01:56:06,01:56:06,411,27,,0,0,9.772,0
18260110003001305101,01:56:43,01:56:43,116,28,,0,0,9.941,0
18260110003001305101,01:57:19,01:57:19,604,29,,0,0,10.162,0
18260110003001305101,01:57:48,01:57:48,117,30,,0,0,10.352,0
18260110003001305101,01:58:21,01:58:21,118,31,,0,0,10.535,0
18260110003001305101,01:58:44,01:58:44,410,32,,0,0,10.692,0
18260110003001305101,01:59:15,01:59:15,119,33,,0,0,10.891,0
18260110003001305101,02:00:00,02:00:00,120,34,,0,0,11.192,0
18260110003002005102,02:00:00,02:00:00,120,1,,0,0,0.0,0
18260110003002005102,02:01:07,02:01:07,121,2,,0,0,0.325,0
18260110003002005102,02:02:18,02:02:18,122,3,,0,0,0.726,0
18260110003002005102,02:02:54,02:02:54,123,4,,0,0,0.89,0
18260110003002005102,02:03:24,02:03:24,603,5,,0,0,1.055,0
18260110003002005102,02:03:54,02:03:54,124,6,,0,0,1.311,0
18260110003002005102,02:04:38,02:04:38,413,7,,0,0,1.474,0
18260110003002005102,02:05:29,02:05:29,125,8,,0,0,1.754,0
18260110003002005102,02:05:58,02:05:58,126,9,,0,0,1.962,0
18260110003002005102,02:06:41,02:06:41,127,10,,0,0,2.281,0
18260110003002005102,02:07:42,02:07:42,128,11,,0,0,2.754,0
18260110003002005102,02:09:05,02:09:05,129,12,,0,0,3.18,0
18260110003002005102,02:10:18,02:10:18,130,13,,0,0,3.576,0
18260110003002005102,02:11:57,02:11:57,131,14,,0,0,4.14,0
18260110003002005102,02:12:55,02:12:55,132,15,,0,0,4.405,0
18260110003002005102,02:13:32,02:13:32,94,16,,0,0,4.674,0
18260110003002005102,02:14:09,02:14:09,133,17,,0,0,4.872,0
18260110003002005102,02:15:52,02:15:52,134,18,,0,0,5.606,0
18260110003002005102,02:17:06,02:17:06,135,19,,0,0,6.008,0
18260110003002005102,02:18:43,02:18:43,136,20,,0,0,6.565,0
18260110003002005102,02:20:26,02:20:26,102,21,,0,0,7.091,0
18260110003002305101,02:30:00,02:30:00,102,1,,0,0,0.0,0
18260110003002305101,02:32:52,02:32:52,103,2,,0,0,0.648,0
18260110003002305101,02:34:58,02:34:58,104,3,,0,0,1.304,0
18260110003002305101,02:35:53,02:35:53,105,4,,0,0,1.542,0
18260110003002305101,02:36:42,02:36:42,507,5,,0,0,1.887,0
18260110003002305101,02:37:33,02:37:33,61,6,,0,0,2.119,0
18260110003002305101,02:38:15,02:38:15,63,7,,0,0,2.487,0
18260110003002305101,02:39:20,02:39:20,533,8,,0,0,2.813,0
18260110003002305101,02:39:51,02:39:51,58,9,,0,0,3.073,0
18260110003002305101,02:40:18,02:40:18,421,10,,0,0,3.222,0
18260110003002305101,02:41:46,02:41:46,217,11,,0,0,3.665,0
18260110003002305101,02:42:17,02:42:17,158,12,,0,0,3.928,0
18260110003002305101,02:43:56,02:43:56,539,13,,0,0,4.653,0
18260110003002305101,02:44:33,02:44:33,160,14,,0,0,4.883,0
18260110003002305101,02:45:16,02:45:16,162,15,,0,0,5.084,0
18260110003002305101,02:46:05,02:46:05,163,16,,0,0,5.334,0
18260110003002305101,02:47:00,02:47:00,164,17,,0,0,5.67,0
18260110003002305101,02:47:57,02:47:57,161,18,,0,0,6.061,0
18260110003002305101,02:49:43,02:49:43,110,19,,0,0,6.453,0
18260110003002305101,02:50:39,02:50:39,111,20,,0,0,6.879,0
18260110003002305101,02:51:37,02:51:37,137,21,,0,0,7.516,0
18260110003002305101,02:53:04,02:53:04,139,22,,0,0,8.404,0
18260110003002305101,02:53:39,02:53:39,141,23,,0,0,8.685,0
18260110003002305101,02:54:17,02:54:17,143,24,,0,0,9.062,0
18260110003002305101,02:54:53,02:54:53,145,25,,0,0,9.375,0
18260110003002305101,02:55:24,02:55:24,115,26,,0,0,9.556,0
18260110003002305101,02:56:06,02:56:06,411,27,,0,0,9.772,0
18260110003002305101,02:56:43,02:56:43,116,28,,0,0,9.941,0
18260110003002305101,02:57:19,02:57:19,604,29,,0,0,10.162,0
18260110003002305101,02:57:48,02:57:48,117,30,,0,0,10.352,0
18300101003000305102,00:30:00,00:30:00,287,1,,0,0,0.0,0
18300101003000305102,00:31:00,00:31:00,362,2,,0,0,0.25,0
18300101003000305102,00:32:50,00:32:50,588,3,,0,0,1.004,0
18300101003000305102,00:33:20,00:33:20,364,4,,0,0,1.322,0
18300101003000305102,00:34:14,00:34:14,365,5,,0,0,1.755,0
18300101003000305102,00:37:08,00:37:08,46,6,,0,0,3.554,0
18300101003000305102,00:38:28,00:38:28,45,7,,0,0,3.961,0
18300101003000305102,00:39:43,00:39:43,44,8,,0,0,4.268,0
18300101003000305102,00:41:19,00:41:19,43,9,,0,0,4.863,0
18300101003000305102,00:42:51,00:42:51,42,10,,0,0,5.203,0
18300101003000305102,00:44:01,00:44:01,41,11,,0,0,5.397,0
18300101003000305102,00:45:09,00:45:09,40,12,,0,0,5.625,0
18300101003000305102,00:47:38,00:47:38,39,13,,0,0,6.741,0
18300101003000305102,00:49:39,00:49:39,225,14,,0,0,7.26,0
18300101003000305102,00:51:59,00:51:59,37,15,,0,0,7.644,0
18300101003000305102,00:54:06,00:54:06,34,16,,0,0,8.063,0
18300101003001005101,01:00:00,01:00:00,34,1,,0,0,0.0,0
18300101003001005101,01:02:36,01:02:36,35,2,,0,0,0.672,0
18300101003001005101,01:04:56,01:04:56,36,3,,0,0,1.097,0
18300101003001005101,01:08:07,01:08:07,239,4,,0,0,2.397,0
18300101003001005101,01:09:28,01:09:28,240,5,,0,0,2.646,0
18300101003001005101,01:10:50,01:10:50,241,6,,0,0,3.038,0
18300101003001005101,01:12:25,01:12:25,242,7,,0,0,3.462,0
18300101003001005101,01:13:37,01:13:37,244,8,,0,0,3.921,0
18300101003001005101,01:14:19,01:14:19,246,9,,0,0,4.141,0
18300101003001005101,01:15:12,01:15:12,248,10,,0,0,4.406,0
18300101003001005101,01:15:36,01:15:36,635,11,,0,0,4.623,0
18300101003001005101,01:16:02,01:16:02,373,12,,0,0,4.772,0
18300101003001005101,01:17:00,01:17:00,281,13,,0,0,5.194,0
18300101003001005101,01:17:53,01:17:53,50,14,,0,0,5.556,0
18300101003001005101,01:19:01,01:19:01,279,15,,0,0,6.031,0
18300101003001005101,01:20:36,01:20:36,353,16,,0,0,7.217,0
18300101003001005101,01:22:01,01:22:01,354,17,,0,0,7.781,0
18300101003001005101,01:23:01,01:23:01,599,18,,0,0,8.031,0
18300101003001005101,01:23:52,01:23:52,355,19,,0,0,8.402,0
18300101003001005101,01:24:41,01:24:41,356,20,,0,0,8.704,0
18300101003001005101,01:25:32,01:25:32,360,21,,0,0,8.996,0
18300101003001005101,01:26:37,01:26:37,361,22,,0,0,9.443,0
18300101003001005101,01:27:13,01:27:13,358,23,,0,0,9.622,0
18300101003001005101,01:28:26,01:28:26,287,24,,0,0,10.435,0
18300101003001305102,01:30:00,01:30:00,287,1,,0,0,0.0,0
18300101003001305102,01:31:00,01:31:00,362,2,,0,0,0.25,0
18300101003001305102,01:32:50,01:32:50,588,3,,0,0,1.004,0
18300101003001305102,01:33:20,01:33:20,364,4,,0,0,1.322,0
18300101003001305102,01:34:14,01:34:14,365,5,,0,0,1.755,0
18300101003001305102,01:37:08,01:37:08,46,6,,0,0,3.554,0
18300101003001305102,01:38:28,01:38:28,45,7,,0,0,3.961,0
18300101003001305102,01:39:43,01:39:43,44,8,,0,0,4.268,0
18300101003001305102,01:41:19,01:41:19,43,9,,0,0,4.863,0
18300101003001305102,01:42:51,01:42:51,42,10,,0,0,5.203,0
18300101003001305102,01:44:01,01:44:01,41,11,,0,0,5.397,0
18300101003001305102,01:45:09,01:45:09,40,12,,0,0,5.625,0
18300101003001305102,01:47:38,01:47:38,39,13,,0,0,6.741,0
18300101003001305102,01:49:39,01:49:39,225,14,,0,0,7.26,0
18300101003001305102,01:51:59,01:51:59,37,15,,0,0,7.644,0
18300101003001305102,01:54:06,01:54:06,34,16,,0,0,8.063,0
18300101003002005101,02:00:00,02:00:00,34,1,,0,0,0.0,0
18300101003002005101,02:02:36,02:02:36,35,2,,0,0,0.672,0
18300101003002005101,02:04:56,02:04:56,36,3,,0,0,1.097,0
18300101003002005101,02:08:07,02:08:07,239,4,,0,0,2.397,0
18300101003002005101,02:09:28,02:09:28,240,5,,0,0,2.646,0
18300101003002005101,02:10:50,02:10:50,241,6,,0,0,3.038,0
18300101003002005101,02:12:25,02:12:25,242,7,,0,0,3.462,0
18300101003002005101,02:13:37,02:13:37,244,8,,0,0,3.921,0
18300101003002005101,02:14:19,02:14:19,246,9,,0,0,4.141,0
18300101003002005101,02:15:12,02:15:12,248,10,,0,0,4.406,0
18300101003002005101,02:15:36,02:15:36,635,11,,0,0,4.623,0
18300101003002005101,02:16:02,02:16:02,373,12,,0,0,4.772,0
18300101003002005101,02:17:00,02:17:00,281,13,,0,0,5.194,0
18300101003002005101,02:17:53,02:17:53,50,14,,0,0,5.556,0
18300101003002005101,02:19:01,02:19:01,279,15,,0,0,6.031,0
18300101003002005101,02:20:36,02:20:36,353,16,,0,0,7.217,0
18300101003002005101,02:22:01,02:22:01,354,17,,0,0,7.781,0
18300101003002005101,02:23:01,02:23:01,599,18,,0,0,8.031,0
18300101003002005101,02:23:52,02:23:52,355,19,,0,0,8.402,0
18300101003002005101,02:24:41,02:24:41,356,20,,0,0,8.704,0
18300101003002005101,02:25:32,02:25:32,360,21,,0,0,8.996,0
18300101003002005101,02:26:37,02:26:37,361,22,,0,0,9.443,0
18300101003002005101,02:27:13,02:27:13,358,23,,0,0,9.622,0
18300101003002005101,02:28:26,02:28:26,287,24,,0,0,10.435,0
18300101003002305102,02:30:00,02:30:00,287,1,,0,0,0.0,0
18300101003002305102,02:31:00,02:31:00,362,2,,0,0,0.25,0
18300101003002305102,02:32:50,02:32:50,588,3,,0,0,1.004,0
18300101003002305102,02:33:20,02:33:20,364,4,,0,0,1.322,0
18300101003002305102,02:34:14,02:34:14,365,5,,0,0,1.755,0
18300101003002305102,02:37:08,02:37:08,46,6,,0,0,3.554,0
18300101003002305102,02:38:28,02:38:28,45,7,,0,0,3.961,0
18300101003002305102,02:39:43,02:39:43,44,8,,0,0,4.268,0
18300101003002305102,02:41:19,02:41:19,43,9,,0,0,4.863,0
18300101003002305102,02:42:51,02:42:51,42,10,,0,0,5.203,0
18300101003002305102,02:44:01,02:44:01,41,11,,0,0,5.397,0
18300101003002305102,02:45:09,02:45:09,40,12,,0,0,5.625,0
18300101003002305102,02:47:38,02:47:38,39,13,,0,0,6.741,0
18300101003002305102,02:49:39,02:49:39,225,14,,0,0,7.26,0
18300101003002305102,02:51:59,02:51:59,37,15,,0,0,7.644,0
18300101003002305102,02:54:06,02:54:06,34,16,,0,0,8.063,0
18300101003003005101,03:00:00,03:00:00,34,1,,0,0,0.0,0
18300101003003005101,03:02:36,03:02:36,35,2,,0,0,0.672,0
18300101003003005101,03:04:56,03:04:56,36,3,,0,0,1.097,0
18300101003003005101,03:08:07,03:08:07,239,4,,0,0,2.397,0
18300101003003005101,03:09:28,03:09:28,240,5,,0,0,2.646,0
18300101003003005101,03:10:50,03:10:50,241,6,,0,0,3.038,0
18300101003003005101,03:12:25,03:12:25,242,7,,0,0,3.462,0
18300101003003005101,03:13:37,03:13:37,244,8,,0,0,3.921,0
18300101003003005101,03:14:19,03:14:19,246,9,,0,0,4.141,0
18300101003003005101,03:15:12,03:15:12,248,10,,0,0,4.406,0
18300101003003005101,03:15:36,03:15:36,635,11,,0,0,4.623,0
18300101003003005101,03:16:02,03:16:02,373,12,,0,0,4.772,0
18300101003003005101,03:17:00,03:17:00,281,13,,0,0,5.194,0
18300101003003005101,03:17:53,03:17:53,50,14,,0,0,5.556,0
18300101003003005101,03:19:01,03:19:01,279,15,,0,0,6.031,0
18300101003003005101,03:20:36,03:20:36,353,16,,0,0,7.217,0
18300101003003005101,03:22:01,03:22:01,354,17,,0,0,7.781,0
18300101003003005101,03:23:01,03:23:01,599,18,,0,0,8.031,0
18300101003003005101,03:23:52,03:23:52,355,19,,0,0,8.402,0
18300101003003005101,03:24:41,03:24:41,356,20,,0,0,8.704,0
18300101003003005101,03:25:32,03:25:32,360,21,,0,0,8.996,0
18300101003003005101,03:26:37,03:26:37,361,22,,0,0,9.443,0
18300101003003005101,03:27:13,03:27:13,358,23,,0,0,9.622,0
18300101003003005101,03:28:26,03:28:26,287,24,,0,0,10.435,0
18300101003003305102,03:30:00,03:30:00,287,1,,0,0,0.0,0
18300101003003305102,03:31:00,03:31:00,362,2,,0,0,0.25,0
18300101003003305102,03:32:50,03:32:50,588,3,,0,0,1.004,0
18300101003003305102,03:33:20,03:33:20,364,4,,0,0,1.322,0
18300101003003305102,03:34:14,03:34:14,365,5,,0,0,1.755,0
18300101003003305102,03:37:08,03:37:08,46,6,,0,0,3.554,0
18300101003003305102,03:38:28,03:38:28,45,7,,0,0,3.961,0
18300101003003305102,03:39:43,03:39:43,44,8,,0,0,4.268,0
18300101003003305102,03:41:19,03:41:19,43,9,,0,0,4.863,0
18300101003003305102,03:42:51,03:42:51,42,10,,0,0,5.203,0
18300101003003305102,03:44:01,03:44:01,41,11,,0,0,5.397,0
18300101003003305102,03:45:09,03:45:09,40,12,,0,0,5.625,0
18300101003003305102,03:47:38,03:47:38,39,13,,0,0,6.741,0
18300101003003305102,03:49:39,03:49:39,225,14,,0,0,7.26,0
18300101003003305102,03:51:59,03:51:59,37,15,,0,0,7.644,0
18300101003003305102,03:54:06,03:54:06,34,16,,0,0,8.063,0
18300101003004005101,04:00:00,04:00:00,34,1,,0,0,0.0,0
18300101003004005101,04:02:36,04:02:36,35,2,,0,0,0.672,0
18300101003004005101,04:04:56,04:04:56,36,3,,0,0,1.097,0
18300101003004005101,04:08:07,04:08:07,239,4,,0,0,2.397,0
18300101003004005101,04:09:28,04:09:28,240,5,,0,0,2.646,0
18300101003004005101,04:10:50,04:10:50,241,6,,0,0,3.038,0
18300101003004005101,04:12:25,04:12:25,242,7,,0,0,3.462,0
18300101003004005101,04:13:37,04:13:37,244,8,,0,0,3.921,0
18300101003004005101,04:14:19,04:14:19,246,9,,0,0,4.141,0
18300101003004005101,04:15:12,04:15:12,248,10,,0,0,4.406,0
18300101003004005101,04:15:36,04:15:36,635,11,,0,0,4.623,0
18300101003004005101,04:16:02,04:16:02,373,12,,0,0,4.772,0
18300101003004005101,04:17:00,04:17:00,281,13,,0,0,5.194,0
18300101003004005101,04:17:53,04:17:53,50,14,,0,0,5.556,0
18300101003004005101,04:19:01,04:19:01,279,15,,0,0,6.031,0
18300101003004005101,04:20:36,04:20:36,353,16,,0,0,7.217,0
18300101003004005101,04:22:01,04:22:01,354,17,,0,0,7.781,0
18300101003004005101,04:23:01,04:23:01,599,18,,0,0,8.031,0
18300101003004005101,04:23:52,04:23:52,355,19,,0,0,8.402,0
18300101003004005101,04:24:41,04:24:41,356,20,,0,0,8.704,0
18300101003004005101,04:25:32,04:25:32,360,21,,0,0,8.996,0
18300101003004005101,04:26:37,04:26:37,361,22,,0,0,9.443,0
18300101003004005101,04:27:13,04:27:13,358,23,,0,0,9.622,0
18300101003004005101,04:28:26,04:28:26,287,24,,0,0,10.435,0
18300101003004305102,04:30:00,04:30:00,287,1,,0,0,0.0,0
18300101003004305102,04:31:00,04:31:00,362,2,,0,0,0.25,0
18300101003004305102,04:32:50,04:32:50,588,3,,0,0,1.004,0
18300101003004305102,04:33:20,04:33:20,364,4,,0,0,1.322,0
18300101003004305102,04:34:14,04:34:14,365,5,,0,0,1.755,0
18300101003004305102,04:37:08,04:37:08,46,6,,0,0,3.554,0
18300101003004305102,04:38:28,04:38:28,45,7,,0,0,3.961,0
18300101003004305102,04:39:43,04:39:43,44,8,,0,0,4.268,0
18300101003004305102,04:41:19,04:41:19,43,9,,0,0,4.863,0
18300101003004305102,04:42:51,04:42:51,42,10,,0,0,5.203,0
18300101003004305102,04:44:01,04:44:01,41,11,,0,0,5.397,0
18300101003004305102,04:45:09,04:45:09,40,12,,0,0,5.625,0
18300101003004305102,04:47:38,04:47:38,39,13,,0,0,6.741,0
18300101003004305102,04:49:39,04:49:39,225,14,,0,0,7.26,0
18300101003004305102,04:51:59,04:51:59,37,15,,0,0,7.644,0
18300101003004305102,04:54:06,04:54:06,34,16,,0,0,8.063,0
18300101003005005101,05:00:00,05:00:00,34,1,,0,0,0.0,0
18300101003005005101,05:02:36,05:02:36,35,2,,0,0,0.672,0
18300101003005005101,05:04:56,05:04:56,36,3,,0,0,1.097,0
18300101003005005101,05:08:07,05:08:07,239,4,,0,0,2.397,0
18300101003005005101,05:09:28,05:09:28,240,5,,0,0,2.646,0
18300101003005005101,05:10:50,05:10:50,241,6,,0,0,3.038,0
18300101003005005101,05:12:25,05:12:25,242,7,,0,0,3.462,0
18300101003005005101,05:13:37,05:13:37,244,8,,0,0,3.921,0
18300101003005005101,05:14:19,05:14:19,246,9,,0,0,4.141,0
18300101003005005101,05:15:12,05:15:12,248,10,,0,0,4.406,0
18300101003005005101,05:15:36,05:15:36,635,11,,0,0,4.623,0
18300101003005005101,05:16:02,05:16:02,373,12,,0,0,4.772,0
18300101003005005101,05:17:00,05:17:00,281,13,,0,0,5.194,0
18300101003005005101,05:17:53,05:17:53,50,14,,0,0,5.556,0
18300101003005005101,05:19:01,05:19:01,279,15,,0,0,6.031,0
18300101003005005101,05:20:36,05:20:36,353,16,,0,0,7.217,0
18300101003005005101,05:22:01,05:22:01,354,17,,0,0,7.781,0
18300101003005005101,05:23:01,05:23:01,599,18,,0,0,8.031,0
18300101003005005101,05:27:13,05:27:13,358,19,,0,0,8.402,0
18300101003005005101,05:28:26,05:28:26,287,20,,0,0,9.215,0
18300102003000305102,00:30:00,00:30:00,221,1,,0,0,0.0,0
18300102003000305102,00:30:50,00:30:50,222,2,,0,0,0.181,0
18300102003000305102,00:31:19,00:31:19,223,3,,0,0,0.415,0
18300102003000305102,00:31:57,00:31:57,224,4,,0,0,0.739,0
18300102003000305102,00:32:28,00:32:28,596,5,,0,0,0.924,0
18300102003000305102,00:33:39,00:33:39,597,6,,0,0,1.243,0
18300102003000305102,00:34:47,00:34:47,430,7,,0,0,1.5,0
18300102003000305102,00:35:56,00:35:56,432,8,,0,0,1.804,0
18300102003000305102,00:36:37,00:36:37,569,9,,0,0,2.133,0
18300102003000305102,00:37:16,00:37:16,226,10,,0,0,2.463,0
18300102003000305102,00:37:56,00:37:56,227,11,,0,0,2.783,0
18300102003000305102,00:38:31,00:38:31,228,12,,0,0,2.928,0
18300102003000305102,00:39:54,00:39:54,229,13,,0,0,3.554,0
18300102003000305102,00:42:08,00:42:08,297,14,,0,0,3.965,0
18300102003101005101,01:00:00,01:00:00,79,1,,0,0,0.0,0
18300102003101005101,01:02:54,01:02:54,208,2,,0,0,0.579,0
18300102003101005101,01:04:45,01:04:45,341,3,,0,0,1.022,0
18300102003101005101,01:05:57,01:05:57,213,4,,0,0,1.359,0
18300102003101005101,01:06:47,01:06:47,291,5,,0,0,1.718,0
18300102003101005101,01:07:54,01:07:54,292,6,,0,0,2.198,0
18300102003101005101,01:08:37,01:08:37,307,7,,0,0,2.328,0
18300102003101005101,01:09:08,01:09:08,293,8,,0,0,2.5,0
18300102003101005101,01:09:46,01:09:46,294,9,,0,0,2.646,0
18300102003101005101,01:10:38,01:10:38,295,10,,0,0,2.949,0
18300102003101005101,01:11:20,01:11:20,296,11,,0,0,3.164,0
18300102003101005101,01:12:19,01:12:19,218,12,,0,0,3.441,0
18300102003101005101,01:13:03,01:13:03,219,13,,0,0,3.738,0
18300102003101005101,01:13:40,01:13:40,220,14,,0,0,3.966,0
18300102003101005101,01:14:31,01:14:31,221,15,,0,0,4.258,0
18300102003101155102,01:15:00,01:15:00,221,1,,0,0,0.0,0
18300102003101155102,01:15:50,01:15:50,222,2,,0,0,0.181,0
18300102003101155102,01:16:19,01:16:19,223,3,,0,0,0.415,0
18300102003101155102,01:16:57,01:16:57,224,4,,0,0,0.739,0
18300102003101155102,01:17:28,01:17:28,596,5,,0,0,0.924,0
18300102003101155102,01:18:39,01:18:39,597,6,,0,0,1.243,0
18300102003101155102,01:19:47,01:19:47,430,7,,0,0,1.5,0
18300102003101155102,01:20:56,01:20:56,432,8,,0,0,1.804,0
18300102003101155102,01:21:37,01:21:37,569,9,,0,0,2.133,0
18300102003101155102,01:22:16,01:22:16,226,10,,0,0,2.463,0
18300102003101155102,01:22:56,01:22:56,227,11,,0,0,2.783,0
18300102003101155102,01:23:31,01:23:31,228,12,,0,0,2.928,0
18300102003101155102,01:24:54,01:24:54,229,13,,0,0,3.554,0
18300102003101155102,01:27:08,01:27:08,297,14,,0,0,3.965,0
18300102003101155102,01:28:42,01:28:42,37,15,,0,0,4.727,0
18300102003101155102,01:30:00,01:30:00,79,16,,0,0,5.099,0
18300102003102005101,02:00:00,02:00:00,79,1,,0,0,0.0,0
18300102003102005101,02:02:54,02:02:54,208,2,,0,0,0.579,0
18300102003102005101,02:04:45,02:04:45,341,3,,0,0,1.022,0
18300102003102005101,02:05:57,02:05:57,213,4,,0,0,1.359,0
18300102003102005101,02:06:47,02:06:47,291,5,,0,0,1.718,0
18300102003102005101,02:07:54,02:07:54,292,6,,0,0,2.198,0
18300102003102005101,02:08:37,02:08:37,307,7,,0,0,2.328,0
18300102003102005101,02:09:08,02:09:08,293,8,,0,0,2.5,0
18300102003102005101,02:09:46,02:09:46,294,9,,0,0,2.646,0
18300102003102005101,02:10:38,02:10:38,295,10,,0,0,2.949,0
18300102003102005101,02:11:20,02:11:20,296,11,,0,0,3.164,0
18300102003102005101,02:12:19,02:12:19,218,12,,0,0,3.441,0
18300102003102005101,02:13:03,02:13:03,219,13,,0,0,3.738,0
18300102003102005101,02:13:40,02:13:40,220,14,,0,0,3.966,0
18300102003102005101,02:14:31,02:14:31,221,15,,0,0,4.258,0
18300102003102155102,02:15:00,02:15:00,221,1,,0,0,0.0,0
18300102003102155102,02:15:50,02:15:50,222,2,,0,0,0.181,0
18300102003102155102,02:16:19,02:16:19,223,3,,0,0,0.415,0
18300102003102155102,02:16:57,02:16:57,224,4,,0,0,0.739,0
18300102003102155102,02:17:28,02:17:28,596,5,,0,0,0.924,0
18300102003102155102,02:18:39,02:18:39,597,6,,0,0,1.243,0
18300102003102155102,02:19:47,02:19:47,430,7,,0,0,1.5,0
18300102003102155102,02:20:56,02:20:56,432,8,,0,0,1.804,0
18300102003102155102,02:21:37,02:21:37,569,9,,0,0,2.133,0
18300102003102155102,02:22:16,02:22:16,226,10,,0,0,2.463,0
18300102003102155102,02:22:56,02:22:56,227,11,,0,0,2.783,0
18300102003102155102,02:23:31,02:23:31,228,12,,0,0,2.928,0
18300102003102155102,02:24:54,02:24:54,229,13,,0,0,3.554,0
18300102003102155102,02:27:08,02:27:08,297,14,,0,0,3.965,0
18300102003203005101,03:00:00,03:00:00,79,1,,0,0,0.0,0
18300102003203005101,03:02:54,03:02:54,208,2,,0,0,0.579,0
18300102003203005101,03:04:45,03:04:45,341,3,,0,0,1.022,0
18300102003203005101,03:05:57,03:05:57,213,4,,0,0,1.359,0
18300102003203005101,03:06:47,03:06:47,291,5,,0,0,1.718,0
18300102003203005101,03:07:54,03:07:54,292,6,,0,0,2.198,0
18300102003203005101,03:08:37,03:08:37,307,7,,0,0,2.328,0
18300102003203005101,03:09:08,03:09:08,293,8,,0,0,2.5,0
18300102003203005101,03:09:46,03:09:46,294,9,,0,0,2.646,0
18300102003203005101,03:10:38,03:10:38,295,10,,0,0,2.949,0
18300102003203005101,03:11:20,03:11:20,296,11,,0,0,3.164,0
18300102003203005101,03:12:19,03:12:19,218,12,,0,0,3.441,0
18300102003203005101,03:13:03,03:13:03,219,13,,0,0,3.738,0
18300102003203005101,03:13:40,03:13:40,220,14,,0,0,3.966,0
18300102003203005101,03:14:31,03:14:31,221,15,,0,0,4.258,0
18300102003203155102,03:15:00,03:15:00,221,1,,0,0,0.0,0
18300102003203155102,03:15:50,03:15:50,222,2,,0,0,0.181,0
18300102003203155102,03:16:19,03:16:19,223,3,,0,0,0.415,0
18300102003203155102,03:16:57,03:16:57,224,4,,0,0,0.739,0
18300102003203155102,03:17:28,03:17:28,596,5,,0,0,0.924,0
18300102003203155102,03:18:39,03:18:39,597,6,,0,0,1.243,0
18300102003203155102,03:19:47,03:19:47,430,7,,0,0,1.5,0
18300102003203155102,03:20:56,03:20:56,432,8,,0,0,1.804,0
18300102003203155102,03:21:37,03:21:37,569,9,,0,0,2.133,0
18300102003203155102,03:22:16,03:22:16,226,10,,0,0,2.463,0
18300102003203155102,03:22:56,03:22:56,227,11,,0,0,2.783,0
18300102003203155102,03:23:31,03:23:31,228,12,,0,0,2.928,0
18300102003203155102,03:24:54,03:24:54,229,13,,0,0,3.554,0
18300102003203155102,03:27:08,03:27:08,297,14,,0,0,3.965,0
18300102003203155102,03:28:42,03:28:42,37,15,,0,0,4.727,0
18300102003203155102,03:30:00,03:30:00,79,16,,0,0,5.099,0
18300102003204005101,04:00:00,04:00:00,79,1,,0,0,0.0,0
18300102003204005101,04:02:54,04:02:54,208,2,,0,0,0.579,0
18300102003204005101,04:04:45,04:04:45,341,3,,0,0,1.022,0
18300102003204005101,04:05:57,04:05:57,213,4,,0,0,1.359,0
18300102003204005101,04:06:47,04:06:47,291,5,,0,0,1.718,0
18300102003204005101,04:07:54,04:07:54,292,6,,0,0,2.198,0
18300102003204005101,04:08:37,04:08:37,307,7,,0,0,2.328,0
18300102003204005101,04:09:08,04:09:08,293,8,,0,0,2.5,0
18300102003204005101,04:09:46,04:09:46,294,9,,0,0,2.646,0
18300102003204005101,04:10:38,04:10:38,295,10,,0,0,2.949,0
18300102003204005101,04:11:20,04:11:20,296,11,,0,0,3.164,0
18300102003204005101,04:12:19,04:12:19,218,12,,0,0,3.441,0
18300102003204005101,04:13:03,04:13:03,219,13,,0,0,3.738,0
18300102003204005101,04:13:40,04:13:40,220,14,,0,0,3.966,0
18300102003204005101,04:14:31,04:14:31,221,15,,0,0,4.258,0
18300102003204155102,04:15:00,04:15:00,221,1,,0,0,0.0,0
18300102003204155102,04:15:50,04:15:50,222,2,,0,0,0.181,0
18300102003204155102,04:16:19,04:16:19,223,3,,0,0,0.415,0
18300102003204155102,04:16:57,04:16:57,224,4,,0,0,0.739,0
18300102003204155102,04:17:28,04:17:28,596,5,,0,0,0.924,0
18300102003204155102,04:18:39,04:18:39,597,6,,0,0,1.243,0
18300102003204155102,04:19:47,04:19:47,430,7,,0,0,1.5,0
18300102003204155102,04:20:56,04:20:56,432,8,,0,0,1.804,0
18300102003204155102,04:21:37,04:21:37,569,9,,0,0,2.133,0
18300102003204155102,04:22:16,04:22:16,226,10,,0,0,2.463,0
18300102003204155102,04:22:56,04:22:56,227,11,,0,0,2.783,0
18300102003204155102,04:23:31,04:23:31,228,12,,0,0,2.928,0
18300102003204155102,04:24:54,04:24:54,229,13,,0,0,3.554,0
18300102003204155102,04:27:08,04:27:08,297,14,,0,0,3.965,0
18300102003204155102,04:28:42,04:28:42,37,15,,0,0,4.727,0
18300102003204155102,04:30:00,04:30:00,79,16,,0,0,5.099,0
18300102003205005101,05:00:00,05:00:00,79,1,,0,0,0.0,0
18300102003205005101,05:02:54,05:02:54,208,2,,0,0,0.579,0
18300102003205005101,05:04:45,05:04:45,341,3,,0,0,1.022,0
18300102003205005101,05:05:57,05:05:57,213,4,,0,0,1.359,0
18300102003205005101,05:06:47,05:06:47,291,5,,0,0,1.718,0
18300102003205005101,05:07:54,05:07:54,292,6,,0,0,2.198,0
18300102003205005101,05:08:37,05:08:37,307,7,,0,0,2.328,0
18300102003205005101,05:09:08,05:09:08,293,8,,0,0,2.5,0
18300102003205005101,05:09:46,05:09:46,294,9,,0,0,2.646,0
18300102003205005101,05:10:38,05:10:38,295,10,,0,0,2.949,0
18300102003205005101,05:11:20,05:11:20,296,11,,0,0,3.164,0
18300103003000305102,00:30:00,00:30:00,92,1,,0,0,0.0,0
18300103003000305102,00:31:26,00:31:26,93,2,,0,0,0.378,0
18300103003000305102,00:32:33,00:32:33,369,3,,0,0,0.68,0
18300103003000305102,00:33:50,00:33:50,95,4,,0,0,1.017,0
18300103003000305102,00:35:10,00:35:10,65,5,,0,0,2.029,0
18300103003000305102,00:36:00,00:36:00,66,6,,0,0,2.205,0
18300103003000305102,00:36:50,00:36:50,67,7,,0,0,2.463,0
18300103003000305102,00:37:54,00:37:54,68,8,,0,0,2.731,0
18300103003000305102,00:38:54,00:38:54,69,9,,0,0,3.116,0
18300103003000305102,00:39:33,00:39:33,524,10,,0,0,3.282,0
18300103003000305102,00:40:14,00:40:14,70,11,,0,0,3.489,0
18300103003000305102,00:41:00,00:41:00,71,12,,0,0,3.751,0
18300103003000305102,00:41:41,00:41:41,72,13,,0,0,4.018,0
18300103003000305102,00:42:32,00:42:32,73,14,,0,0,4.312,0
18300103003000305102,00:43:02,00:43:02,96,15,,0,0,4.843,0
18300103003000305102,00:43:51,00:43:51,286,16,,0,0,5.172,0
18300103003000305102,00:44:35,00:44:35,97,17,,0,0,5.493,0
18300103003000305102,00:45:28,00:45:28,98,18,,0,0,5.712,0
18300103003000305102,00:46:48,00:46:48,288,19,,0,0,6.007,0
18300103003000305102,00:48:28,00:48:28,100,20,,0,0,6.321,0
18300103003000305102,00:49:44,00:49:44,101,21,,0,0,6.617,0
18300103003000305102,00:51:50,00:51:50,494,22,,0,0,7.001,0
18300103003000305102,00:53:02,00:53:02,77,23,,0,0,7.236,0
18300103003000305102,00:55:28,00:55:28,56,24,,0,0,7.725,0
18300103003001005101,01:00:00,01:00:00,56,1,,0,0,0.0,0
18300103003001005101,01:03:57,01:03:57,80,2,,0,0,0.631,0
18300103003001005101,01:06:37,01:06:37,81,3,,0,0,1.38,0
18300103003001005101,01:08:15,01:08:15,82,4,,0,0,1.659,0
18300103003001005101,01:09:16,01:09:16,83,5,,0,0,1.93,0
18300103003001005101,01:10:25,01:10:25,84,6,,0,0,2.111,0
18300103003001005101,01:11:39,01:11:39,85,7,,0,0,2.37,0
18300103003001005101,01:12:24,01:12:24,86,8,,0,0,2.546,0
18300103003001005101,01:13:34,01:13:34,87,9,,0,0,2.897,0
18300103003001005101,01:15:12,01:15:12,88,10,,0,0,3.317,0
18300103003001005101,01:16:15,01:16:15,89,11,,0,0,3.568,0
18300103003001005101,01:17:15,01:17:15,90,12,,0,0,3.825,0
18300103003001005101,01:18:22,01:18:22,91,13,,0,0,4.159,0
18300103003001005101,01:19:44,01:19:44,92,14,,0,0,4.576,0
18300103003001305102,01:30:00,01:30:00,92,1,,0,0,0.0,0
18300103003001305102,01:31:26,01:31:26,93,2,,0,0,0.378,0
18300103003001305102,01:32:33,01:32:33,369,3,,0,0,0.68,0
18300103003001305102,01:33:50,01:33:50,95,4,,0,0,1.017,0
18300103003001305102,01:35:10,01:35:10,65,5,,0,0,2.029,0
18300103003001305102,01:36:00,01:36:00,66,6,,0,0,2.205,0
18300103003001305102,01:36:50,01:36:50,67,7,,0,0,2.463,0
18300103003001305102,01:37:54,01:37:54,68,8,,0,0,2.731,0
18300103003001305102,01:38:54,01:38:54,69,9,,0,0,3.116,0
18300103003001305102,01:39:33,01:39:33,524,10,,0,0,3.282,0
18300103003001305102,01:40:14,01:40:14,70,11,,0,0,3.489,0
18300103003001305102,01:41:00,01:41:00,71,12,,0,0,3.751,0
18300103003001305102,01:41:41,01:41:41,72,13,,0,0,4.018,0
18300103003001305102,01:42:32,01:42:32,73,14,,0,0,4.312,0
18300103003001305102,01:43:02,01:43:02,96,15,,0,0,4.843,0
18300103003001305102,01:43:51,01:43:51,286,16,,0,0,5.172,0
18300103003001305102,01:44:35,01:44:35,97,17,,0,0,5.493,0
18300103003001305102,01:45:28,01:45:28,98,18,,0,0,5.712,0
18300103003001305102,01:46:48,01:46:48,288,19,,0,0,6.007,0
18300103003001305102,01:48:28,01:48:28,100,20,,0,0,6.321,0
18300103003001305102,01:49:44,01:49:44,101,21,,0,0,6.617,0
18300103003001305102,01:51:50,01:51:50,494,22,,0,0,7.001,0
18300103003001305102,01:53:02,01:53:02,77,23,,0,0,7.236,0
18300103003001305102,01:55:28,01:55:28,56,24,,0,0,7.725,0
18300103003002005101,02:00:00,02:00:00,56,1,,0,0,0.0,0
18300103003002005101,02:03:57,02:03:57,80,2,,0,0,0.631,0
18300103003002005101,02:06:37,02:06:37,81,3,,0,0,1.38,0
18300103003002005101,02:08:15,02:08:15,82,4,,0,0,1.659,0
18300103003002005101,02:09:16,02:09:16,83,5,,0,0,1.93,0
18300103003002005101,02:10:25,02:10:25,84,6,,0,0,2.111,0
18300103003002005101,02:11:39,02:11:39,85,7,,0,0,2.37,0
18300103003002005101,02:12:24,02:12:24,86,8,,0,0,2.546,0
18300103003002005101,02:13:34,02:13:34,87,9,,0,0,2.897,0
18300103003002005101,02:15:12,02:15:12,88,10,,0,0,3.317,0
18300103003002005101,02:16:15,02:16:15,89,11,,0,0,3.568,0
18300103003002005101,02:17:15,02:17:15,90,12,,0,0,3.825,0
18300103003002005101,02:18:22,02:18:22,91,13,,0,0,4.159,0
18300103003002005101,02:19:44,02:19:44,92,14,,0,0,4.576,0
18300103003002305102,02:30:00,02:30:00,92,1,,0,0,0.0,0
18300103003002305102,02:31:26,02:31:26,93,2,,0,0,0.378,0
18300103003002305102,02:32:33,02:32:33,369,3,,0,0,0.68,0
18300103003002305102,02:33:50,02:33:50,95,4,,0,0,1.017,0
18300103003002305102,02:35:10,02:35:10,65,5,,0,0,2.029,0
18300103003002305102,02:36:00,02:36:00,66,6,,0,0,2.205,0
18300103003002305102,02:36:50,02:36:50,67,7,,0,0,2.463,0
18300103003002305102,02:37:54,02:37:54,68,8,,0,0,2.731,0
18300103003002305102,02:38:54,02:38:54,69,9,,0,0,3.116,0
18300103003002305102,02:39:33,02:39:33,524,10,,0,0,3.282,0
18300103003002305102,02:40:14,02:40:14,70,11,,0,0,3.489,0
18300103003002305102,02:41:00,02:41:00,71,12,,0,0,3.751,0
18300103003002305102,02:41:41,02:41:41,72,13,,0,0,4.018,0
18300103003002305102,02:42:32,02:42:32,73,14,,0,0,4.312,0
18300103003002305102,02:43:02,02:43:02,96,15,,0,0,4.843,0
18300103003002305102,02:43:51,02:43:51,286,16,,0,0,5.172,0
18300103003002305102,02:44:35,02:44:35,97,17,,0,0,5.493,0
18300103003002305102,02:45:28,02:45:28,98,18,,0,0,5.712,0
18300103003002305102,02:46:48,02:46:48,288,19,,0,0,6.007,0
18300103003002305102,02:51:50,02:51:50,494,20,,0,0,6.321,0
18300103003101005102,01:00:00,01:00:00,92,1,,0,0,0.0,0
18300103003101005102,01:01:26,01:01:26,93,2,,0,0,0.378,0
18300103003101005102,01:02:33,01:02:33,369,3,,0,0,0.68,0
18300103003101005102,01:03:50,01:03:50,95,4,,0,0,1.017,0
18300103003101005102,01:05:10,01:05:10,65,5,,0,0,2.029,0
18300103003101005102,01:06:00,01:06:00,66,6,,0,0,2.205,0
18300103003101005102,01:06:50,01:06:50,67,7,,0,0,2.463,0
18300103003101005102,01:07:54,01:07:54,68,8,,0,0,2.731,0
18300103003101005102,01:08:54,01:08:54,69,9,,0,0,3.116,0
18300103003101005102,01:09:33,01:09:33,524,10,,0,0,3.282,0
18300103003101005102,01:10:14,01:10:14,70,11,,0,0,3.489,0
18300103003101005102,01:11:00,01:11:00,71,12,,0,0,3.751,0
18300103003101005102,01:11:41,01:11:41,72,13,,0,0,4.018,0
18300103003101005102,01:12:32,01:12:32,73,14,,0,0,4.312,0
18300103003101005102,01:13:02,01:13:02,96,15,,0,0,4.843,0
18300103003101005102,01:13:51,01:13:51,286,16,,0,0,5.172,0
18300103003101005102,01:14:35,01:14:35,97,17,,0,0,5.493,0
18300103003101005102,01:15:28,01:15:28,98,18,,0,0,5.712,0
18300103003101005102,01:16:48,01:16:48,288,19,,0,0,6.007,0
18300103003101005102,01:18:28,01:18:28,100,20,,0,0,6.321,0
18300103003101005102,01:19:44,01:19:44,101,21,,0,0,6.617,0
18300103003101005102,01:21:50,01:21:50,494,22,,0,0,7.001,0
18300103003101005102,01:23:02,01:23:02,77,23,,0,0,7.236,0
18300103003101005102,01:25:28,01:25:28,56,24,,0,0,7.725,0
18300103003101305101,01:30:00,01:30:00,56,1,,0,0,0.0,0
18300103003101305101,01:33:57,01:33:57,80,2,,0,0,0.631,0
18300103003101305101,01:36:37,01:36:37,81,3,,0,0,1.38,0
18300103003101305101,01:38:15,01:38:15,82,4,,0,0,1.659,0
18300103003101305101,01:39:16,01:39:16,83,5,,0,0,1.93,0
18300103003101305101,01:40:25,01:40:25,84,6,,0,0,2.111,0
18300103003101305101,01:41:39,01:41:39,85,7,,0,0,2.37,0
18300103003101305101,01:42:24,01:42:24,86,8,,0,0,2.546,0
18300103003101305101,01:43:34,01:43:34,87,9,,0,0,2.897,0
18300103003101305101,01:45:12,01:45:12,88,10,,0,0,3.317,0
18300103003101305101,01:46:15,01:46:15,89,11,,0,0,3.568,0
18300103003101305101,01:47:15,01:47:15,90,12,,0,0,3.825,0
18300103003101305101,01:48:22,01:48:22,91,13,,0,0,4.159,0
18300103003101305101,01:49:44,01:49:44,92,14,,0,0,4.576,0
18300103003102005102,02:00:00,02:00:00,92,1,,0,0,0.0,0
18300103003102005102,02:01:26,02:01:26,93,2,,0,0,0.378,0
18300103003102005102,02:02:33,02:02:33,369,3,,0,0,0.68,0
18300103003102005102,02:03:50,02:03:50,95,4,,0,0,1.017,0
18300103003102005102,02:05:10,02:05:10,65,5,,0,0,2.029,0
18300103003102005102,02:06:00,02:06:00,66,6,,0,0,2.205,0
18300103003102005102,02:06:50,02:06:50,67,7,,0,0,2.463,0
18300103003102005102,02:07:54,02:07:54,68,8,,0,0,2.731,0
18300103003102005102,02:08:54,02:08:54,69,9,,0,0,3.116,0
18300103003102005102,02:09:33,02:09:33,524,10,,0,0,3.282,0
18300103003102005102,02:10:14,02:10:14,70,11,,0,0,3.489,0
18300103003102005102,02:11:00,02:11:00,71,12,,0,0,3.751,0
18300103003102005102,02:11:41,02:11:41,72,13,,0,0,4.018,0
18300103003102005102,02:12:32,02:12:32,73,14,,0,0,4.312,0
18300103003102005102,02:13:02,02:13:02,96,15,,0,0,4.843,0
18300103003102005102,02:13:51,02:13:51,286,16,,0,0,5.172,0
18300103003102005102,02:14:35,02:14:35,97,17,,0,0,5.493,0
18300103003102005102,02:15:28,02:15:28,98,18,,0,0,5.712,0
18300103003102005102,02:16:48,02:16:48,288,19,,0,0,6.007,0
18300103003102005102,02:18:28,02:18:28,100,20,,0,0,6.321,0
18300103003102005102,02:19:44,02:19:44,101,21,,0,0,6.617,0
18300103003102005102,02:21:50,02:21:50,494,22,,0,0,7.001,0
18300103003102005102,02:23:02,02:23:02,77,23,,0,0,7.236,0
18300103003102005102,02:25:28,02:25:28,56,24,,0,0,7.725,0
18300103003102305101,02:30:00,02:30:00,56,1,,0,0,0.0,0
18300103003102305101,02:33:57,02:33:57,80,2,,0,0,0.631,0
18300103003102305101,02:36:37,02:36:37,81,3,,0,0,1.38,0
18300103003102305101,02:38:15,02:38:15,82,4,,0,0,1.659,0
18300103003102305101,02:39:16,02:39:16,83,5,,0,0,1.93,0
18300103003102305101,02:40:25,02:40:25,84,6,,0,0,2.111,0
18300103003102305101,02:41:39,02:41:39,85,7,,0,0,2.37,0
18300103003102305101,02:42:24,02:42:24,86,8,,0,0,2.546,0
18300103003102305101,02:43:34,02:43:34,87,9,,0,0,2.897,0
18300103003102305101,02:45:12,02:45:12,88,10,,0,0,3.317,0
18300103003102305101,02:46:15,02:46:15,89,11,,0,0,3.568,0
18300103003102305101,02:47:15,02:47:15,90,12,,0,0,3.825,0
18300103003102305101,02:48:22,02:48:22,91,13,,0,0,4.159,0
18300103003102305101,02:49:44,02:49:44,92,14,,0,0,4.576,0
18300103003103005102,03:00:00,03:00:00,92,1,,0,0,0.0,0
18300103003103005102,03:01:26,03:01:26,93,2,,0,0,0.378,0
18300103003103005102,03:02:33,03:02:33,369,3,,0,0,0.68,0
18300103003103005102,03:03:50,03:03:50,95,4,,0,0,1.017,0
18300103003103005102,03:05:10,03:05:10,65,5,,0,0,2.029,0
18300103003103005102,03:06:00,03:06:00,66,6,,0,0,2.205,0
18300103003103005102,03:06:50,03:06:50,67,7,,0,0,2.463,0
18300103003103005102,03:07:54,03:07:54,68,8,,0,0,2.731,0
18300103003103005102,03:08:54,03:08:54,69,9,,0,0,3.116,0
18300103003103005102,03:09:33,03:09:33,524,10,,0,0,3.282,0
18300103003103005102,03:10:14,03:10:14,70,11,,0,0,3.489,0
18300103003103005102,03:11:00,03:11:00,71,12,,0,0,3.751,0
18300103003103005102,03:11:41,03:11:41,72,13,,0,0,4.018,0
18300103003103005102,03:12:32,03:12:32,73,14,,0,0,4.312,0
18300103003103005102,03:13:02,03:13:02,96,15,,0,0,4.843,0
18300103003103005102,03:13:51,03:13:51,286,16,,0,0,5.172,0
18300103003103005102,03:14:35,03:14:35,97,17,,0,0,5.493,0
18300103003103005102,03:15:28,03:15:28,98,18,,0,0,5.712,0
18300103003103005102,03:16:48,03:16:48,288,19,,0,0,6.007,0
18300103003103005102,03:18:28,03:18:28,100,20,,0,0,6.321,0
18300103003103005102,03:19:44,03:19:44,101,21,,0,0,6.617,0
18300103003103005102,03:21:50,03:21:50,494,22,,0,0,7.001,0
18300103003103005102,03:23:02,03:23:02,77,23,,0,0,7.236,0
18300103003103005102,03:25:28,03:25:28,56,24,,0,0,7.725,0
18300103003103305101,03:30:00,03:30:00,56,1,,0,0,0.0,0
18300103003103305101,03:33:57,03:33:57,80,2,,0,0,0.631,0
18300103003103305101,03:36:37,03:36:37,81,3,,0,0,1.38,0
18300103003103305101,03:38:15,03:38:15,82,4,,0,0,1.659,0
18300103003103305101,03:39:16,03:39:16,83,5,,0,0,1.93,0
18300103003103305101,03:40:25,03:40:25,84,6,,0,0,2.111,0
18300103003103305101,03:41:39,03:41:39,85,7,,0,0,2.37,0
18300103003103305101,03:42:24,03:42:24,86,8,,0,0,2.546,0
18300103003103305101,03:43:34,03:43:34,87,9,,0,0,2.897,0
18300103003103305101,03:45:12,03:45:12,88,10,,0,0,3.317,0
18300103003103305101,03:46:15,03:46:15,89,11,,0,0,3.568,0
18300103003103305101,03:47:15,03:47:15,90,12,,0,0,3.825,0
18300103003103305101,03:48:22,03:48:22,91,13,,0,0,4.159,0
18300103003103305101,03:49:44,03:49:44,92,14,,0,0,4.576,0
18300103003104005102,04:00:00,04:00:00,92,1,,0,0,0.0,0
18300103003104005102,04:01:26,04:01:26,93,2,,0,0,0.378,0
18300103003104005102,04:02:33,04:02:33,369,3,,0,0,0.68,0
18300103003104005102,04:03:50,04:03:50,95,4,,0,0,1.017,0
18300103003104005102,04:05:10,04:05:10,65,5,,0,0,2.029,0
18300103003104005102,04:06:00,04:06:00,66,6,,0,0,2.205,0
18300103003104005102,04:06:50,04:06:50,67,7,,0,0,2.463,0
18300103003104005102,04:07:54,04:07:54,68,8,,0,0,2.731,0
18300103003104005102,04:08:54,04:08:54,69,9,,0,0,3.116,0
18300103003104005102,04:09:33,04:09:33,524,10,,0,0,3.282,0
18300103003104005102,04:10:14,04:10:14,70,11,,0,0,3.489,0
18300103003104005102,04:11:00,04:11:00,71,12,,0,0,3.751,0
18300103003104005102,04:11:41,04:11:41,72,13,,0,0,4.018,0
18300103003104005102,04:12:32,04:12:32,73,14,,0,0,4.312,0
18300103003104005102,04:13:02,04:13:02,96,15,,0,0,4.843,0
18300103003104005102,04:13:51,04:13:51,286,16,,0,0,5.172,0
18300103003104005102,04:14:35,04:14:35,97,17,,0,0,5.493,0
18300103003104005102,04:15:28,04:15:28,98,18,,0,0,5.712,0
18300103003104005102,04:16:48,04:16:48,288,19,,0,0,6.007,0
18300103003104005102,04:21:50,04:21:50,494,20,,0,0,6.321,0
18300103003104305101,04:30:00,04:30:00,56,1,,0,0,0.0,0
18300103003104305101,04:33:57,04:33:57,80,2,,0,0,0.631,0
18300103003104305101,04:36:37,04:36:37,81,3,,0,0,1.38,0
18300103003104305101,04:38:15,04:38:15,82,4,,0,0,1.659,0
18300103003104305101,04:39:16,04:39:16,83,5,,0,0,1.93,0
18300103003104305101,04:40:25,04:40:25,84,6,,0,0,2.111,0
18300103003104305101,04:41:39,04:41:39,85,7,,0,0,2.37,0
18300103003104305101,04:42:24,04:42:24,86,8,,0,0,2.546,0
18300103003104305101,04:43:34,04:43:34,87,9,,0,0,2.897,0
18300103003104305101,04:45:12,04:45:12,88,10,,0,0,3.317,0
18300103003104305101,04:46:15,04:46:15,89,11,,0,0,3.568,0
18300103003104305101,04:47:15,04:47:15,90,12,,0,0,3.825,0
18300103003104305101,04:48:22,04:48:22,91,13,,0,0,4.159,0
18300103003104305101,04:49:44,04:49:44,92,14,,0,0,4.576,0
18300103003203005101,03:00:00,03:00:00,56,1,,0,0,0.0,0
18300103003203005101,03:03:57,03:03:57,80,2,,0,0,0.631,0
18300103003203005101,03:06:37,03:06:37,81,3,,0,0,1.38,0
18300103003203005101,03:08:15,03:08:15,82,4,,0,0,1.659,0
18300103003203005101,03:09:16,03:09:16,83,5,,0,0,1.93,0
18300103003203005101,03:10:25,03:10:25,84,6,,0,0,2.111,0
18300103003203005101,03:11:39,03:11:39,85,7,,0,0,2.37,0
18300103003203005101,03:12:24,03:12:24,86,8,,0,0,2.546,0
18300103003203005101,03:13:34,03:13:34,87,9,,0,0,2.897,0
18300103003203005101,03:15:12,03:15:12,88,10,,0,0,3.317,0
18300103003203005101,03:16:15,03:16:15,89,11,,0,0,3.568,0
18300103003203005101,03:17:15,03:17:15,90,12,,0,0,3.825,0
18300103003203005101,03:18:22,03:18:22,91,13,,0,0,4.159,0
18300103003203005101,03:19:44,03:19:44,92,14,,0,0,4.576,0
18300103003203305102,03:30:00,03:30:00,92,1,,0,0,0.0,0
18300103003203305102,03:31:26,03:31:26,93,2,,0,0,0.378,0
18300103003203305102,03:32:33,03:32:33,369,3,,0,0,0.68,0
18300103003203305102,03:33:50,03:33:50,95,4,,0,0,1.017,0
18300103003203305102,03:35:10,03:35:10,65,5,,0,0,2.029,0
18300103003203305102,03:36:00,03:36:00,66,6,,0,0,2.205,0
18300103003203305102,03:36:50,03:36:50,67,7,,0,0,2.463,0
18300103003203305102,03:37:54,03:37:54,68,8,,0,0,2.731,0
18300103003203305102,03:38:54,03:38:54,69,9,,0,0,3.116,0
18300103003203305102,03:39:33,03:39:33,524,10,,0,0,3.282,0
18300103003203305102,03:40:14,03:40:14,70,11,,0,0,3.489,0
18300103003203305102,03:41:00,03:41:00,71,12,,0,0,3.751,0
18300103003203305102,03:41:41,03:41:41,72,13,,0,0,4.018,0
18300103003203305102,03:42:32,03:42:32,73,14,,0,0,4.312,0
18300103003203305102,03:43:02,03:43:02,96,15,,0,0,4.843,0
18300103003203305102,03:43:51,03:43:51,286,16,,0,0,5.172,0
18300103003203305102,03:44:35,03:44:35,97,17,,0,0,5.493,0
18300103003203305102,03:45:28,03:45:28,98,18,,0,0,5.712,0
18300103003203305102,03:46:48,03:46:48,288,19,,0,0,6.007,0
18300103003203305102,03:48:28,03:48:28,100,20,,0,0,6.321,0
18300103003203305102,03:49:44,03:49:44,101,21,,0,0,6.617,0
18300103003203305102,03:51:50,03:51:50,494,22,,0,0,7.001,0
18300103003203305102,03:53:02,03:53:02,77,23,,0,0,7.236,0
18300103003203305102,03:55:28,03:55:28,56,24,,0,0,7.725,0
18300103003204005101,04:00:00,04:00:00,56,1,,0,0,0.0,0
18300103003204005101,04:03:57,04:03:57,80,2,,0,0,0.631,0
18300103003204005101,04:06:37,04:06:37,81,3,,0,0,1.38,0
18300103003204005101,04:08:15,04:08:15,82,4,,0,0,1.659,0
18300103003204005101,04:09:16,04:09:16,83,5,,0,0,1.93,0
18300103003204005101,04:10:25,04:10:25,84,6,,0,0,2.111,0
18300103003204005101,04:11:39,04:11:39,85,7,,0,0,2.37,0
18300103003204005101,04:12:24,04:12:24,86,8,,0,0,2.546,0
18300103003204005101,04:13:34,04:13:34,87,9,,0,0,2.897,0
18300103003204005101,04:15:12,04:15:12,88,10,,0,0,3.317,0
18300103003204005101,04:16:15,04:16:15,89,11,,0,0,3.568,0
18300103003204005101,04:17:15,04:17:15,90,12,,0,0,3.825,0
18300103003204005101,04:18:22,04:18:22,91,13,,0,0,4.159,0
18300103003204005101,04:19:44,04:19:44,92,14,,0,0,4.576,0
18300103003204305102,04:30:00,04:30:00,92,1,,0,0,0.0,0
18300103003204305102,04:31:26,04:31:26,93,2,,0,0,0.378,0
18300103003204305102,04:32:33,04:32:33,369,3,,0,0,0.68,0
18300103003204305102,04:33:50,04:33:50,95,4,,0,0,1.017,0
18300103003204305102,04:35:10,04:35:10,65,5,,0,0,2.029,0
18300103003204305102,04:36:00,04:36:00,66,6,,0,0,2.205,0
18300103003204305102,04:36:50,04:36:50,67,7,,0,0,2.463,0
18300103003204305102,04:37:54,04:37:54,68,8,,0,0,2.731,0
18300103003204305102,04:38:54,04:38:54,69,9,,0,0,3.116,0
18300103003204305102,04:39:33,04:39:33,524,10,,0,0,3.282,0
18300103003204305102,04:40:14,04:40:14,70,11,,0,0,3.489,0
18300103003204305102,04:41:00,04:41:00,71,12,,0,0,3.751,0
18300103003204305102,04:41:41,04:41:41,72,13,,0,0,4.018,0
18300103003204305102,04:42:32,04:42:32,73,14,,0,0,4.312,0
18300103003204305102,04:43:02,04:43:02,96,15,,0,0,4.843,0
18300103003204305102,04:43:51,04:43:51,286,16,,0,0,5.172,0
18300103003204305102,04:44:35,04:44:35,97,17,,0,0,5.493,0
18300103003204305102,04:45:28,04:45:28,98,18,,0,0,5.712,0
18300103003204305102,04:46:48,04:46:48,288,19,,0,0,6.007,0
18300103003204305102,04:51:50,04:51:50,494,20,,0,0,6.321,0
18300103003205005101,05:00:00,05:00:00,56,1,,0,0,0.0,0
18300103003205005101,05:03:57,05:03:57,80,2,,0,0,0.631,0
18300103003205005101,05:06:37,05:06:37,81,3,,0,0,1.38,0
18300103003205005101,05:08:15,05:08:15,82,4,,0,0,1.659,0
18300103003205005101,05:09:16,05:09:16,83,5,,0,0,1.93,0
18300103003205005101,05:10:25,05:10:25,84,6,,0,0,2.111,0
18300103003205005101,05:11:39,05:11:39,85,7,,0,0,2.37,0
18300103003205005101,05:12:24,05:12:24,86,8,,0,0,2.546,0
18300103003205005101,05:13:34,05:13:34,87,9,,0,0,2.897,0
18300103003205005101,05:15:12,05:15:12,88,10,,0,0,3.317,0
18300103003205005101,05:16:15,05:16:15,89,11,,0,0,3.568,0
18300103003205005101,05:17:15,05:17:15,90,12,,0,0,3.825,0
18300103003205005101,05:18:22,05:18:22,91,13,,0,0,4.159,0
18300103003205005101,05:19:44,05:19:44,92,14,,0,0,4.576,0
18300104003000305102,00:30:00,00:30:00,18,1,,0,0,0.0,0
18300104003000305102,00:31:09,00:31:09,586,2,,0,0,0.395,0
18300104003000305102,00:31:49,00:31:49,19,3,,0,0,0.64,0
18300104003000305102,00:32:39,00:32:39,20,4,,0,0,1.019,0
18300104003000305102,00:33:09,00:33:09,21,5,,0,0,1.355,0
18300104003000305102,00:33:41,00:33:41,22,6,,0,0,1.601,0
18300104003000305102,00:35:11,00:35:11,601,7,,0,0,1.983,0
18300104003000305102,00:36:14,00:36:14,23,8,,0,0,2.186,0
18300104003000305102,00:37:27,00:37:27,24,9,,0,0,2.415,0
18300104003000305102,00:38:11,00:38:11,498,10,,0,0,2.598,0
18300104003000305102,00:39:11,00:39:11,399,11,,0,0,2.92,0
18300104003000305102,00:40:00,00:40:00,284,12,,0,0,3.129,0
18300104003000305102,00:41:30,00:41:30,525,13,,0,0,3.587,0
18300104003000305102,00:43:32,00:43:32,27,14,,0,0,3.978,0
18300104003000305102,00:45:36,00:45:36,28,15,,0,0,4.382,0
18300104003000305102,00:46:49,00:46:49,29,16,,0,0,4.624,0
18300104003000305102,00:48:28,00:48:28,30,17,,0,0,5.037,0
18300104003000305102,00:51:10,00:51:10,17,18,,0,0,5.583,0
18300104003000305102,00:53:40,00:53:40,32,19,,0,0,6.236,0
18300104003000305102,00:55:36,00:55:36,1,20,,0,0,6.603,0
18300104003001005101,01:00:00,01:00:00,1,1,,0,0,0.0,0
18300104003001005101,01:02:54,01:02:54,2,2,,0,0,0.671,0
18300104003001005101,01:04:58,01:04:58,3,3,,0,0,1.142,0
18300104003001005101,01:06:43,01:06:43,4,4,,0,0,1.61,0
18300104003001005101,01:07:39,01:07:39,5,5,,0,0,1.843,0
18300104003001005101,01:09:30,01:09:30,6,6,,0,0,2.339,0
18300104003001005101,01:10:37,01:10:37,199,7,,0,0,2.575,0
18300104003001005101,01:12:48,01:12:48,8,8,,0,0,3.107,0
18300104003001005101,01:14:42,01:14:42,405,9,,0,0,3.702,0
18300104003001005101,01:15:42,01:15:42,402,10,,0,0,3.905,0
18300104003001005101,01:16:52,01:16:52,38,11,,0,0,4.14,0
18300104003001005101,01:17:32,01:17:32,9,12,,0,0,4.348,0
18300104003001005101,01:18:36,01:18:36,10,13,,0,0,4.492,0
18300104003001005101,01:19:33,01:19:33,11,14,,0,0,4.731,0
18300104003001005101,01:20:02,01:20:02,59,15,,0,0,5.182,0
18300104003001005101,01:20:53,01:20:53,13,16,,0,0,5.514,0
18300104003001005101,01:21:52,01:21:52,15,17,,0,0,6.16,0
18300104003001005101,01:23:17,01:23:17,585,18,,0,0,6.391,0
18300104003001005101,01:24:00,01:24:00,16,19,,0,0,6.633,0
18300104003001005101,01:25:12,01:25:12,18,20,,0,0,6.787,0
18300104003001305102,01:30:00,01:30:00,18,1,,0,0,0.0,0
18300104003001305102,01:31:09,01:31:09,586,2,,0,0,0.395,0
18300104003001305102,01:31:49,01:31:49,19,3,,0,0,0.64,0
18300104003001305102,01:32:39,01:32:39,20,4,,0,0,1.019,0
18300104003001305102,01:33:09,01:33:09,21,5,,0,0,1.355,0
18300104003001305102,01:33:41,01:33:41,22,6,,0,0,1.601,0
18300104003001305102,01:35:11,01:35:11,601,7,,0,0,1.983,0
18300104003001305102,01:36:14,01:36:14,23,8,,0,0,2.186,0
18300104003001305102,01:37:27,01:37:27,24,9,,0,0,2.415,0
18300104003001305102,01:38:11,01:38:11,498,10,,0,0,2.598,0
18300104003001305102,01:39:11,01:39:11,399,11,,0,0,2.92,0
18300104003001305102,01:40:00,01:40:00,284,12,,0,0,3.129,0
18300104003001305102,01:41:30,01:41:30,525,13,,0,0,3.587,0
18300104003001305102,01:43:32,01:43:32,27,14,,0,0,3.978,0
18300104003001305102,01:45:36,01:45:36,28,15,,0,0,4.382,0
18300104003001305102,01:46:49,01:46:49,29,16,,0,0,4.624,0
18300104003001305102,01:48:28,01:48:28,30,17,,0,0,5.037,0
18300104003001305102,01:51:10,01:51:10,17,18,,0,0,5.583,0
18300104003001305102,01:53:40,01:53:40,32,19,,0,0,6.236,0
18300104003001305102,01:55:36,01:55:36,1,20,,0,0,6.603,0
18300104003002005101,02:00:00,02:00:00,1,1,,0,0,0.0,0
18300104003002005101,02:02:54,02:02:54,2,2,,0,0,0.671,0
18300104003002005101,02:04:58,02:04:58,3,3,,0,0,1.142,0
18300104003002005101,02:06:43,02:06:43,4,4,,0,0,1.61,0
18300104003002005101,02:07:39,02:07:39,5,5,,0,0,1.843,0
18300104003002005101,02:09:30,02:09:30,6,6,,0,0,2.339,0
18300104003002005101,02:10:37,02:10:37,199,7,,0,0,2.575,0
18300104003002005101,02:12:48,02:12:48,8,8,,0,0,3.107,0
18300104003002005101,02:14:42,02:14:42,405,9,,0,0,3.702,0
18300104003002005101,02:15:42,02:15:42,402,10,,0,0,3.905,0
18300104003002005101,02:16:52,02:16:52,38,11,,0,0,4.14,0
18300104003002005101,02:17:32,02:17:32,9,12,,0,0,4.348,0
18300104003002005101,02:18:36,02:18:36,10,13,,0,0,4.492,0
18300104003002005101,02:19:33,02:19:33,11,14,,0,0,4.731,0
18300104003002005101,02:20:02,02:20:02,59,15,,0,0,5.182,0
18300104003002005101,02:20:53,02:20:53,13,16,,0,0,5.514,0
18300104003002005101,02:21:52,02:21:52,15,17,,0,0,6.16,0
18300104003002005101,02:23:17,02:23:17,585,18,,0,0,6.391,0
18300104003002005101,02:24:00,02:24:00,16,19,,0,0,6.633,0
18300104003002005101,02:25:12,02:25:12,18,20,,0,0,6.787,0
18300104003002305102,02:30:00,02:30:00,18,1,,0,0,0.0,0
18300104003002305102,02:31:09,02:31:09,586,2,,0,0,0.395,0
18300104003002305102,02:31:49,02:31:49,19,3,,0,0,0.64,0
18300104003002305102,02:32:39,02:32:39,20,4,,0,0,1.019,0
18300104003002305102,02:33:09,02:33:09,21,5,,0,0,1.355,0
18300104003002305102,02:33:41,02:33:41,22,6,,0,0,1.601,0
18300104003002305102,02:35:11,02:35:11,601,7,,0,0,1.983,0
18300104003002305102,02:36:14,02:36:14,23,8,,0,0,2.186,0
18300104003002305102,02:37:27,02:37:27,24,9,,0,0,2.415,0
18300104003002305102,02:38:11,02:38:11,498,10,,0,0,2.598,0
18300104003002305102,02:39:11,02:39:11,399,11,,0,0,2.92,0
18300104003002305102,02:40:00,02:40:00,284,12,,0,0,3.129,0
18300104003002305102,02:41:30,02:41:30,525,13,,0,0,3.587,0
18300104003002305102,02:43:32,02:43:32,27,14,,0,0,3.978,0
18300104003002305102,02:45:36,02:45:36,28,15,,0,0,4.382,0
18300104003002305102,02:46:49,02:46:49,29,16,,0,0,4.624,0
18300104003002305102,02:48:28,02:48:28,30,17,,0,0,5.037,0
18300104003002305102,02:51:10,02:51:10,17,18,,0,0,5.583,0
18300104003002305102,02:53:40,02:53:40,32,19,,0,0,6.236,0
18300104003002305102,02:55:36,02:55:36,1,20,,0,0,6.603,0
18300104003003005101,03:00:00,03:00:00,1,1,,0,0,0.0,0
18300104003003005101,03:02:54,03:02:54,2,2,,0,0,0.671,0
18300104003003005101,03:04:58,03:04:58,3,3,,0,0,1.142,0
18300104003003005101,03:06:43,03:06:43,4,4,,0,0,1.61,0
18300104003003005101,03:07:39,03:07:39,5,5,,0,0,1.843,0
18300104003003005101,03:09:30,03:09:30,6,6,,0,0,2.339,0
18300104003003005101,03:10:37,03:10:37,199,7,,0,0,2.575,0
18300104003003005101,03:12:48,03:12:48,8,8,,0,0,3.107,0
18300104003003005101,03:14:42,03:14:42,405,9,,0,0,3.702,0
18300104003003005101,03:15:42,03:15:42,402,10,,0,0,3.905,0
18300104003003005101,03:16:52,03:16:52,38,11,,0,0,4.14,0
18300104003003005101,03:17:32,03:17:32,9,12,,0,0,4.348,0
18300104003003005101,03:18:36,03:18:36,10,13,,0,0,4.492,0
18300104003003005101,03:19:33,03:19:33,11,14,,0,0,4.731,0
18300104003003005101,03:20:02,03:20:02,59,15,,0,0,5.182,0
18300104003003005101,03:20:53,03:20:53,13,16,,0,0,5.514,0
18300104003003005101,03:21:52,03:21:52,15,17,,0,0,6.16,0
18300104003003005101,03:23:17,03:23:17,585,18,,0,0,6.391,0
18300104003003005101,03:24:00,03:24:00,16,19,,0,0,6.633,0
18300104003003005101,03:25:12,03:25:12,18,20,,0,0,6.787,0
18300104003003305102,03:30:00,03:30:00,18,1,,0,0,0.0,0
18300104003003305102,03:31:09,03:31:09,586,2,,0,0,0.395,0
18300104003003305102,03:31:49,03:31:49,19,3,,0,0,0.64,0
18300104003003305102,03:32:39,03:32:39,20,4,,0,0,1.019,0
18300104003003305102,03:33:09,03:33:09,21,5,,0,0,1.355,0
18300104003003305102,03:33:41,03:33:41,22,6,,0,0,1.601,0
18300104003003305102,03:35:11,03:35:11,601,7,,0,0,1.983,0
18300104003003305102,03:36:14,03:36:14,23,8,,0,0,2.186,0
18300104003003305102,03:37:27,03:37:27,24,9,,0,0,2.415,0
18300104003003305102,03:38:11,03:38:11,498,10,,0,0,2.598,0
18300104003003305102,03:39:11,03:39:11,399,11,,0,0,2.92,0
18300104003003305102,03:40:00,03:40:00,284,12,,0,0,3.129,0
18300104003003305102,03:41:30,03:41:30,525,13,,0,0,3.587,0
18300104003003305102,03:43:32,03:43:32,27,14,,0,0,3.978,0
18300104003003305102,03:45:36,03:45:36,28,15,,0,0,4.382,0
18300104003003305102,03:46:49,03:46:49,29,16,,0,0,4.624,0
18300104003003305102,03:48:28,03:48:28,30,17,,0,0,5.037,0
18300104003003305102,03:51:10,03:51:10,17,18,,0,0,5.583,0
18300104003003305102,03:53:40,03:53:40,32,19,,0,0,6.236,0
18300104003003305102,03:55:36,03:55:36,1,20,,0,0,6.603,0
18300104003004005101,04:00:00,04:00:00,1,1,,0,0,0.0,0
18300104003004005101,04:02:54,04:02:54,2,2,,0,0,0.671,0
18300104003004005101,04:04:58,04:04:58,3,3,,0,0,1.142,0
18300104003004005101,04:06:43,04:06:43,4,4,,0,0,1.61,0
18300104003004005101,04:07:39,04:07:39,5,5,,0,0,1.843,0
18300104003004005101,04:09:30,04:09:30,6,6,,0,0,2.339,0
18300104003004005101,04:10:37,04:10:37,199,7,,0,0,2.575,0
18300104003004005101,04:12:48,04:12:48,8,8,,0,0,3.107,0
18300104003004005101,04:14:42,04:14:42,405,9,,0,0,3.702,0
18300104003004005101,04:15:42,04:15:42,402,10,,0,0,3.905,0
18300104003004005101,04:16:52,04:16:52,38,11,,0,0,4.14,0
18300104003004005101,04:17:32,04:17:32,9,12,,0,0,4.348,0
18300104003004005101,04:18:36,04:18:36,10,13,,0,0,4.492,0
18300104003004005101,04:19:33,04:19:33,11,14,,0,0,4.731,0
18300104003004005101,04:20:02,04:20:02,59,15,,0,0,5.182,0
18300104003004005101,04:20:53,04:20:53,13,16,,0,0,5.514,0
18300104003004005101,04:21:52,04:21:52,15,17,,0,0,6.16,0
18300104003004005101,04:23:17,04:23:17,585,18,,0,0,6.391,0
18300104003004005101,04:24:00,04:24:00,16,19,,0,0,6.633,0
18300104003004005101,04:25:12,04:25:12,18,20,,0,0,6.787,0
18300104003004305102,04:30:00,04:30:00,18,1,,0,0,0.0,0
18300104003004305102,04:31:09,04:31:09,586,2,,0,0,0.395,0
18300104003004305102,04:31:49,04:31:49,19,3,,0,0,0.64,0
18300104003004305102,04:32:39,04:32:39,20,4,,0,0,1.019,0
18300104003004305102,04:33:09,04:33:09,21,5,,0,0,1.355,0
18300104003004305102,04:33:41,04:33:41,22,6,,0,0,1.601,0
18300104003004305102,04:35:11,04:35:11,601,7,,0,0,1.983,0
18300104003004305102,04:36:14,04:36:14,23,8,,0,0,2.186,0
18300104003004305102,04:37:27,04:37:27,24,9,,0,0,2.415,0
18300104003004305102,04:38:11,04:38:11,498,10,,0,0,2.598,0
18300104003004305102,04:39:11,04:39:11,399,11,,0,0,2.92,0
18300104003004305102,04:40:00,04:40:00,284,12,,0,0,3.129,0
18300104003004305102,04:41:30,04:41:30,525,13,,0,0,3.587,0
18300104003004305102,04:43:32,04:43:32,27,14,,0,0,3.978,0
18300104003004305102,04:45:36,04:45:36,28,15,,0,0,4.382,0
18300104003004305102,04:46:49,04:46:49,29,16,,0,0,4.624,0
18300104003004305102,04:48:28,04:48:28,30,17,,0,0,5.037,0
18300104003004305102,04:51:10,04:51:10,17,18,,0,0,5.583,0
18300104003004305102,04:53:40,04:53:40,32,19,,0,0,6.236,0
18300104003004305102,04:55:36,04:55:36,1,20,,0,0,6.603,0
18300104003005005101,05:00:00,05:00:00,1,1,,0,0,0.0,0
18300104003005005101,05:02:54,05:02:54,2,2,,0,0,0.671,0
18300104003005005101,05:04:58,05:04:58,3,3,,0,0,1.142,0
18300104003005005101,05:06:43,05:06:43,4,4,,0,0,1.61,0
18300104003005005101,05:07:39,05:07:39,5,5,,0,0,1.843,0
18300104003005005101,05:09:30,05:09:30,6,6,,0,0,2.339,0
18300104003005005101,05:10:37,05:10:37,199,7,,0,0,2.575,0
18300104003005005101,05:12:48,05:12:48,8,8,,0,0,3.107,0
18300104003005005101,05:14:42,05:14:42,405,9,,0,0,3.702,0
18300104003005005101,05:15:42,05:15:42,402,10,,0,0,3.905,0
18300104003005005101,05:16:52,05:16:52,38,11,,0,0,4.14,0
18300104003005005101,05:17:32,05:17:32,9,12,,0,0,4.348,0
18300104003005005101,05:18:36,05:18:36,10,13,,0,0,4.492,0
18300104003005005101,05:19:33,05:19:33,11,14,,0,0,4.731,0
18300104003005005101,05:20:02,05:20:02,59,15,,0,0,5.182,0
18300104003005005101,05:20:53,05:20:53,13,16,,0,0,5.514,0
18300106003000305102,00:30:00,00:30:00,120,1,,0,0,0.0,0
18300106003000305102,00:31:07,00:31:07,121,2,,0,0,0.361,0
18300106003000305102,00:32:18,00:32:18,122,3,,0,0,0.761,0
18300106003000305102,00:32:54,00:32:54,123,4,,0,0,0.924,0
18300106003000305102,00:33:24,00:33:24,603,5,,0,0,1.088,0
18300106003000305102,00:33:54,00:33:54,124,6,,0,0,1.343,0
18300106003000305102,00:34:38,00:34:38,413,7,,0,0,1.504,0
18300106003000305102,00:35:29,00:35:29,125,8,,0,0,1.778,0
18300106003000305102,00:36:29,00:36:29,144,9,,0,0,2.207,0
18300106003000305102,00:37:17,00:37:17,142,10,,0,0,2.578,0
18300106003000305102,00:38:04,00:38:04,140,11,,0,0,2.927,0
18300106003000305102,00:39:39,00:39:39,138,12,,0,0,3.764,0
18300106003000305102,00:40:57,00:40:57,129,13,,0,0,4.415,0
18300106003000305102,00:42:10,00:42:10,130,14,,0,0,4.818,0
18300106003000305102,00:44:09,00:44:09,539,15,,0,0,5.55,0
18300106003000305102,00:45:04,00:45:04,161,16,,0,0,5.972,0
18300106003000305102,00:46:15,00:46:15,159,17,,0,0,6.251,0
18300106003000305102,00:47:24,00:47:24,131,18,,0,0,6.67,0
18300106003000305102,00:48:22,00:48:22,132,19,,0,0,6.935,0
18300106003000305102,00:48:59,00:48:59,94,20,,0,0,7.204,0
18300106003000305102,00:49:36,00:49:36,133,21,,0,0,7.402,0
18300106003000305102,00:51:19,00:51:19,134,22,,0,0,8.136,0
18300106003000305102,00:52:33,00:52:33,135,23,,0,0,8.54,0
18300106003000305102,00:54:10,00:54:10,136,24,,0,0,9.096,0
18300106003000305102,00:55:53,00:55:53,102,25,,0,0,9.622,0
18300106003001005101,01:00:00,01:00:00,102,1,,0,0,0.0,0
18300106003001005101,01:03:16,01:03:16,103,2,,0,0,0.648,0
18300106003001005101,01:05:40,01:05:40,104,3,,0,0,1.304,0
18300106003001005101,01:06:43,01:06:43,105,4,,0,0,1.541,0
18300106003001005101,01:07:43,01:07:43,106,5,,0,0,1.932,0
18300106003001005101,01:09:26,01:09:26,107,6,,0,0,2.485,0
18300106003001005101,01:10:10,01:10:10,78,7,,0,0,2.737,0
18300106003001005101,01:10:47,01:10:47,108,8,,0,0,3.052,0
18300106003001005101,01:11:35,01:11:35,109,9,,0,0,3.326,0
18300106003001005101,01:12:53,01:12:53,158,10,,0,0,3.728,0
18300106003001005101,01:13:53,01:13:53,110,11,,0,0,3.879,0
18300106003001005101,01:14:56,01:14:56,111,12,,0,0,4.304,0
18300106003001005101,01:16:13,01:16:13,112,13,,0,0,4.68,0
18300106003001005101,01:17:00,01:17:00,113,14,,0,0,5.026,0
18300106003001005101,01:17:54,01:17:54,114,15,,0,0,5.413,0
18300106003001005101,01:18:36,01:18:36,115,16,,0,0,5.675,0
18300106003001005101,01:19:24,01:19:24,411,17,,0,0,5.891,0
18300106003001005101,01:20:06,01:20:06,116,18,,0,0,6.065,0
18300106003001005101,01:20:47,01:20:47,604,19,,0,0,6.284,0
18300106003001005101,01:21:20,01:21:20,117,20,,0,0,6.478,0
18300106003001005101,01:21:58,01:21:58,118,21,,0,0,6.662,0
18300106003001005101,01:22:24,01:22:24,410,22,,0,0,6.82,0
18300106003001005101,01:23:00,01:23:00,119,23,,0,0,7.02,0
18300106003001005101,01:23:51,01:23:51,120,24,,0,0,7.324,0
18300106003001305102,01:30:00,01:30:00,120,1,,0,0,0.0,0
18300106003001305102,01:31:07,01:31:07,121,2,,0,0,0.361,0
18300106003001305102,01:32:18,01:32:18,122,3,,0,0,0.761,0
18300106003001305102,01:32:54,01:32:54,123,4,,0,0,0.924,0
18300106003001305102,01:33:24,01:33:24,603,5,,0,0,1.088,0
18300106003001305102,01:33:54,01:33:54,124,6,,0,0,1.343,0
18300106003001305102,01:34:38,01:34:38,413,7,,0,0,1.504,0
18300106003001305102,01:35:29,01:35:29,125,8,,0,0,1.778,0
18300106003001305102,01:36:29,01:36:29,144,9,,0,0,2.207,0
18300106003001305102,01:37:17,01:37:17,142,10,,0,0,2.578,0
18300106003001305102,01:38:04,01:38:04,140,11,,0,0,2.927,0
18300106003001305102,01:39:39,01:39:39,138,12,,0,0,3.764,0
18300106003001305102,01:40:57,01:40:57,129,13,,0,0,4.415,0
18300106003001305102,01:42:10,01:42:10,130,14,,0,0,4.818,0
18300106003001305102,01:44:09,01:44:09,539,15,,0,0,5.55,0
18300106003001305102,01:45:04,01:45:04,161,16,,0,0,5.972,0
18300106003001305102,01:46:15,01:46:15,159,17,,0,0,6.251,0
18300106003001305102,01:47:24,01:47:24,131,18,,0,0,6.67,0
18300106003001305102,01:48:22,01:48:22,132,19,,0,0,6.935,0
18300106003001305102,01:48:59,01:48:59,94,20,,0,0,7.204,0
18300106003001305102,01:49:36,01:49:36,133,21,,0,0,7.402,0
18300106003001305102,01:51:19,01:51:19,134,22,,0,0,8.136,0
18300106003001305102,01:52:33,01:52:33,135,23,,0,0,8.54,0
18300106003001305102,01:54:10,01:54:10,136,24,,0,0,9.096,0
18300106003001305102,01:55:53,01:55:53,102,25,,0,0,9.622,0
18300106003002005101,02:00:00,02:00:00,102,1,,0,0,0.0,0
18300106003002005101,02:03:16,02:03:16,103,2,,0,0,0.648,0
18300106003002005101,02:05:40,02:05:40,104,3,,0,0,1.304,0
18300106003002005101,02:06:43,02:06:43,105,4,,0,0,1.541,0
18300106003002005101,02:07:43,02:07:43,106,5,,0,0,1.932,0
18300106003002005101,02:09:26,02:09:26,107,6,,0,0,2.485,0
18300106003002005101,02:10:10,02:10:10,78,7,,0,0,2.737,0
18300106003002005101,02:10:47,02:10:47,108,8,,0,0,3.052,0
18300106003002005101,02:11:35,02:11:35,109,9,,0,0,3.326,0
18300106003002005101,02:12:53,02:12:53,158,10,,0,0,3.728,0
18300106003002005101,02:13:53,02:13:53,110,11,,0,0,3.879,0
18300106003002005101,02:14:56,02:14:56,111,12,,0,0,4.304,0
18300106003002005101,02:16:13,02:16:13,112,13,,0,0,4.68,0
18300106003002005101,02:17:00,02:17:00,113,14,,0,0,5.026,0
18300106003002005101,02:17:54,02:17:54,114,15,,0,0,5.413,0
18300106003002005101,02:18:36,02:18:36,115,16,,0,0,5.675,0
18300106003002005101,02:19:24,02:19:24,411,17,,0,0,5.891,0
18300106003002005101,02:20:06,02:20:06,116,18,,0,0,6.065,0
18300106003002005101,02:20:47,02:20:47,604,19,,0,0,6.284,0
18300106003002005101,02:21:20,02:21:20,117,20,,0,0,6.478,0
18300106003002005101,02:21:58,02:21:58,118,21,,0,0,6.662,0
18300106003002005101,02:22:24,02:22:24,410,22,,0,0,6.82,0
18300106003002005101,02:23:00,02:23:00,119,23,,0,0,7.02,0
18300106003002005101,02:23:51,02:23:51,120,24,,0,0,7.324,0
18300106003002305102,02:30:00,02:30:00,120,1,,0,0,0.0,0
18300106003002305102,02:31:07,02:31:07,121,2,,0,0,0.361,0
18300106003002305102,02:32:18,02:32:18,122,3,,0,0,0.761,0
18300106003002305102,02:32:54,02:32:54,123,4,,0,0,0.924,0
18300106003002305102,02:33:24,02:33:24,603,5,,0,0,1.088,0
18300106003002305102,02:33:54,02:33:54,124,6,,0,0,1.343,0
18300106003002305102,02:34:38,02:34:38,413,7,,0,0,1.504,0
18300106003002305102,02:35:29,02:35:29,125,8,,0,0,1.778,0
18300106003002305102,02:36:29,02:36:29,144,9,,0,0,2.207,0
18300106003002305102,02:37:17,02:37:17,142,10,,0,0,2.578,0
18300106003002305102,02:38:04,02:38:04,140,11,,0,0,2.927,0
18300106003002305102,02:39:39,02:39:39,138,12,,0,0,3.764,0
18300106003002305102,02:40:57,02:40:57,129,13,,0,0,4.415,0
18300106003002305102,02:42:10,02:42:10,130,14,,0,0,4.818,0
18300106003002305102,02:44:09,02:44:09,539,15,,0,0,5.55,0
18300106003002305102,02:45:04,02:45:04,161,16,,0,0,5.972,0
18300106003002305102,02:46:15,02:46:15,159,17,,0,0,6.251,0
18300106003002305102,02:47:24,02:47:24,131,18,,0,0,6.67,0
18300106003002305102,02:48:22,02:48:22,132,19,,0,0,6.935,0
18300106003002305102,02:48:59,02:48:59,94,20,,0,0,7.204,0
18300106003002305102,02:49:36,02:49:36,133,21,,0,0,7.402,0
18300106003002305102,02:51:19,02:51:19,134,22,,0,0,8.136,0
18300106003002305102,02:52:33,02:52:33,135,23,,0,0,8.54,0
18300106003002305102,02:54:10,02:54:10,136,24,,0,0,9.096,0
18300106003002305102,02:55:53,02:55:53,102,25,,0,0,9.622,0
18300106003003005101,03:00:00,03:00:00,102,1,,0,0,0.0,0
18300106003003005101,03:03:16,03:03:16,103,2,,0,0,0.648,0
18300106003003005101,03:05:40,03:05:40,104,3,,0,0,1.304,0
18300106003003005101,03:06:43,03:06:43,105,4,,0,0,1.541,0
18300106003003005101,03:07:43,03:07:43,106,5,,0,0,1.932,0
18300106003003005101,03:09:26,03:09:26,107,6,,0,0,2.485,0
18300106003003005101,03:10:10,03:10:10,78,7,,0,0,2.737,0
18300106003003005101,03:10:47,03:10:47,108,8,,0,0,3.052,0
18300106003003005101,03:11:35,03:11:35,109,9,,0,0,3.326,0
18300106003003005101,03:12:53,03:12:53,158,10,,0,0,3.728,0
18300106003003005101,03:13:53,03:13:53,110,11,,0,0,3.879,0
18300106003003005101,03:14:56,03:14:56,111,12,,0,0,4.304,0
18300106003003005101,03:16:13,03:16:13,112,13,,0,0,4.68,0
18300106003003005101,03:17:00,03:17:00,113,14,,0,0,5.026,0
18300106003003005101,03:17:54,03:17:54,114,15,,0,0,5.413,0
18300106003003005101,03:18:36,03:18:36,115,16,,0,0,5.675,0
18300106003003005101,03:19:24,03:19:24,411,17,,0,0,5.891,0
18300106003003005101,03:20:06,03:20:06,116,18,,0,0,6.065,0
18300106003003005101,03:20:47,03:20:47,604,19,,0,0,6.284,0
18300106003003005101,03:21:20,03:21:20,117,20,,0,0,6.478,0
18300106003003005101,03:21:58,03:21:58,118,21,,0,0,6.662,0
18300106003003005101,03:22:24,03:22:24,410,22,,0,0,6.82,0
18300106003003005101,03:23:00,03:23:00,119,23,,0,0,7.02,0
18300106003003005101,03:23:51,03:23:51,120,24,,0,0,7.324,0
18300106003003305102,03:30:00,03:30:00,120,1,,0,0,0.0,0
18300106003003305102,03:31:07,03:31:07,121,2,,0,0,0.361,0
18300106003003305102,03:32:18,03:32:18,122,3,,0,0,0.761,0
18300106003003305102,03:32:54,03:32:54,123,4,,0,0,0.924,0
18300106003003305102,03:33:24,03:33:24,603,5,,0,0,1.088,0
18300106003003305102,03:33:54,03:33:54,124,6,,0,0,1.343,0
18300106003003305102,03:34:38,03:34:38,413,7,,0,0,1.504,0
18300106003003305102,03:35:29,03:35:29,125,8,,0,0,1.778,0
18300106003003305102,03:36:29,03:36:29,144,9,,0,0,2.207,0
18300106003003305102,03:37:17,03:37:17,142,10,,0,0,2.578,0
18300106003003305102,03:38:04,03:38:04,140,11,,0,0,2.927,0
18300106003003305102,03:39:39,03:39:39,138,12,,0,0,3.764,0
18300106003003305102,03:40:57,03:40:57,129,13,,0,0,4.415,0
18300106003003305102,03:42:10,03:42:10,130,14,,0,0,4.818,0
18300106003003305102,03:44:09,03:44:09,539,15,,0,0,5.55,0
18300106003003305102,03:45:04,03:45:04,161,16,,0,0,5.972,0
18300106003003305102,03:46:15,03:46:15,159,17,,0,0,6.251,0
18300106003003305102,03:47:24,03:47:24,131,18,,0,0,6.67,0
18300106003003305102,03:48:22,03:48:22,132,19,,0,0,6.935,0
18300106003003305102,03:48:59,03:48:59,94,20,,0,0,7.204,0
18300106003003305102,03:49:36,03:49:36,133,21,,0,0,7.402,0
18300106003003305102,03:51:19,03:51:19,134,22,,0,0,8.136,0
18300106003003305102,03:52:33,03:52:33,135,23,,0,0,8.54,0
18300106003003305102,03:54:10,03:54:10,136,24,,0,0,9.096,0
18300106003003305102,03:55:53,03:55:53,102,25,,0,0,9.622,0
18300106003004005101,04:00:00,04:00:00,102,1,,0,0,0.0,0
18300106003004005101,04:03:16,04:03:16,103,2,,0,0,0.648,0
18300106003004005101,04:05:40,04:05:40,104,3,,0,0,1.304,0
18300106003004005101,04:06:43,04:06:43,105,4,,0,0,1.541,0
18300106003004005101,04:07:43,04:07:43,106,5,,0,0,1.932,0
18300106003004005101,04:09:26,04:09:26,107,6,,0,0,2.485,0
18300106003004005101,04:10:10,04:10:10,78,7,,0,0,2.737,0
18300106003004005101,04:10:47,04:10:47,108,8,,0,0,3.052,0
18300106003004005101,04:11:35,04:11:35,109,9,,0,0,3.326,0
18300106003004005101,04:12:53,04:12:53,158,10,,0,0,3.728,0
18300106003004005101,04:13:53,04:13:53,110,11,,0,0,3.879,0
18300106003004005101,04:14:56,04:14:56,111,12,,0,0,4.304,0
18300106003004005101,04:16:13,04:16:13,112,13,,0,0,4.68,0
18300106003004005101,04:17:00,04:17:00,113,14,,0,0,5.026,0
18300106003004005101,04:17:54,04:17:54,114,15,,0,0,5.413,0
18300106003004005101,04:18:36,04:18:36,115,16,,0,0,5.675,0
18300106003004005101,04:19:24,04:19:24,411,17,,0,0,5.891,0
18300106003004005101,04:20:06,04:20:06,116,18,,0,0,6.065,0
18300106003004005101,04:20:47,04:20:47,604,19,,0,0,6.284,0
18300106003004005101,04:21:20,04:21:20,117,20,,0,0,6.478,0
18300106003004005101,04:21:58,04:21:58,118,21,,0,0,6.662,0
18300106003004005101,04:22:24,04:22:24,410,22,,0,0,6.82,0
18300106003004005101,04:23:00,04:23:00,119,23,,0,0,7.02,0
18300106003004005101,04:23:51,04:23:51,120,24,,0,0,7.324,0
18300106003004305102,04:30:00,04:30:00,120,1,,0,0,0.0,0
18300106003004305102,04:31:07,04:31:07,121,2,,0,0,0.361,0
18300106003004305102,04:32:18,04:32:18,122,3,,0,0,0.761,0
18300106003004305102,04:32:54,04:32:54,123,4,,0,0,0.924,0
18300106003004305102,04:33:24,04:33:24,603,5,,0,0,1.088,0
18300106003004305102,04:33:54,04:33:54,124,6,,0,0,1.343,0
18300106003004305102,04:34:38,04:34:38,413,7,,0,0,1.504,0
18300106003004305102,04:35:29,04:35:29,125,8,,0,0,1.778,0
18300106003004305102,04:36:29,04:36:29,144,9,,0,0,2.207,0
18300106003004305102,04:37:17,04:37:17,142,10,,0,0,2.578,0
18300106003004305102,04:38:04,04:38:04,140,11,,0,0,2.927,0
18300106003004305102,04:39:39,04:39:39,138,12,,0,0,3.764,0
18300106003004305102,04:40:57,04:40:57,129,13,,0,0,4.415,0
18300106003004305102,04:42:10,04:42:10,130,14,,0,0,4.818,0
18300106003004305102,04:44:09,04:44:09,539,15,,0,0,5.55,0
18300106003004305102,04:45:04,04:45:04,161,16,,0,0,5.972,0
18300106003004305102,04:46:15,04:46:15,159,17,,0,0,6.251,0
18300106003004305102,04:47:24,04:47:24,131,18,,0,0,6.67,0
18300106003004305102,04:48:22,04:48:22,132,19,,0,0,6.935,0
18300106003004305102,04:48:59,04:48:59,94,20,,0,0,7.204,0
18300106003004305102,04:49:36,04:49:36,133,21,,0,0,7.402,0
18300106003004305102,04:51:19,04:51:19,134,22,,0,0,8.136,0
18300106003004305102,04:52:33,04:52:33,135,23,,0,0,8.54,0
18300106003004305102,04:54:10,04:54:10,136,24,,0,0,9.096,0
18300106003004305102,04:55:53,04:55:53,102,25,,0,0,9.622,0
18300106003005005101,05:00:00,05:00:00,102,1,,0,0,0.0,0
18300106003005005101,05:03:16,05:03:16,103,2,,0,0,0.648,0
18300106003005005101,05:05:40,05:05:40,104,3,,0,0,1.304,0
18300106003005005101,05:06:43,05:06:43,105,4,,0,0,1.541,0
18300106003005005101,05:07:43,05:07:43,106,5,,0,0,1.932,0
18300106003005005101,05:09:26,05:09:26,107,6,,0,0,2.485,0
18300106003005005101,05:10:10,05:10:10,78,7,,0,0,2.737,0
18300106003005005101,05:10:47,05:10:47,108,8,,0,0,3.052,0
18300106003005005101,05:11:35,05:11:35,109,9,,0,0,3.326,0
18300106003005005101,05:12:53,05:12:53,158,10,,0,0,3.728,0
18300106003005005101,05:13:53,05:13:53,110,11,,0,0,3.879,0
18300106003005005101,05:14:56,05:14:56,111,12,,0,0,4.304,0
18300106003005005101,05:16:13,05:16:13,112,13,,0,0,4.68,0
18300106003005005101,05:17:00,05:17:00,113,14,,0,0,5.026,0
18300106003005005101,05:17:54,05:17:54,114,15,,0,0,5.413,0
18300106003005005101,05:18:36,05:18:36,115,16,,0,0,5.675,0
18300106003005005101,05:19:24,05:19:24,411,17,,0,0,5.891,0
18300106003005005101,05:20:06,05:20:06,116,18,,0,0,6.065,0
18300106003005005101,05:20:47,05:20:47,604,19,,0,0,6.284,0
18300106003005005101,05:21:20,05:21:20,117,20,,0,0,6.478,0
18300106003005005101,05:21:58,05:21:58,118,21,,0,0,6.662,0
18300108003000305102,00:30:00,00:30:00,331,1,,0,0,0.0,0
18300108003000305102,00:31:12,00:31:12,332,2,,0,0,0.345,0
18300108003000305102,00:31:50,00:31:50,333,3,,0,0,0.634,0
18300108003000305102,00:32:16,00:32:16,334,4,,0,0,0.844,0
18300108003000305102,00:32:48,00:32:48,335,5,,0,0,1.008,0
18300108003000305102,00:33:35,00:33:35,336,6,,0,0,1.292,0
18300108003000305102,00:34:49,00:34:49,337,7,,0,0,1.561,0
18300108003000305102,00:35:25,00:35:25,338,8,,0,0,1.75,0
18300108003000305102,00:35:55,00:35:55,276,9,,0,0,1.99,0
18300108003000305102,00:36:34,00:36:34,274,10,,0,0,2.336,0
18300108003000305102,00:38:54,00:38:54,39,11,,0,0,3.623,0
18300108003000305102,00:40:55,00:40:55,225,12,,0,0,4.142,0
18300108003000305102,00:45:22,00:45:22,34,13,,0,0,4.523,0
18300108003101005102,01:00:00,01:00:00,331,1,,0,0,0.0,0
18300108003101005102,01:01:12,01:01:12,332,2,,0,0,0.345,0
18300108003101005102,01:01:50,01:01:50,333,3,,0,0,0.634,0
18300108003101005102,01:02:16,01:02:16,334,4,,0,0,0.844,0
18300108003101005102,01:02:48,01:02:48,335,5,,0,0,1.008,0
18300108003101005102,01:03:35,01:03:35,336,6,,0,0,1.292,0
18300108003101005102,01:04:49,01:04:49,337,7,,0,0,1.561,0
18300108003101005102,01:05:25,01:05:25,338,8,,0,0,1.75,0
18300108003101005102,01:05:55,01:05:55,276,9,,0,0,1.99,0
18300108003101005102,01:06:34,01:06:34,274,10,,0,0,2.336,0
18300108003101005102,01:08:54,01:08:54,39,11,,0,0,3.623,0
18300108003101005102,01:10:55,01:10:55,225,12,,0,0,4.142,0
18300108003101005102,01:13:15,01:13:15,37,13,,0,0,4.523,0
18300108003101005102,01:15:22,01:15:22,34,14,,0,0,4.941,0
18300108003101305101,01:30:00,01:30:00,34,1,,0,0,0.0,0
18300108003101305101,01:32:36,01:32:36,35,2,,0,0,0.67,0
18300108003101305101,01:34:56,01:34:56,36,3,,0,0,1.095,0
18300108003101305101,01:36:00,01:36:00,298,4,,0,0,1.532,0
18300108003101305101,01:36:34,01:36:34,299,5,,0,0,1.847,0
18300108003101305101,01:37:11,01:37:11,300,6,,0,0,2.04,0
18300108003101305101,01:37:49,01:37:49,301,7,,0,0,2.361,0
18300108003101305101,01:38:31,01:38:31,302,8,,0,0,2.628,0
18300108003101305101,01:39:25,01:39:25,344,9,,0,0,2.933,0
18300108003101305101,01:40:28,01:40:28,345,10,,0,0,3.361,0
18300108003101305101,01:41:33,01:41:33,55,11,,0,0,3.895,0
18300108003101305101,01:42:55,01:42:55,54,12,,0,0,4.229,0
18300108003101305101,01:44:22,01:44:22,53,13,,0,0,4.546,0
18300108003101305101,01:45:46,01:45:46,52,14,,0,0,4.875,0
18300108003101305101,01:46:53,01:46:53,51,15,,0,0,5.28,0
18300108003101305101,01:48:24,01:48:24,269,16,,0,0,5.619,0
18300108003101305101,01:48:54,01:48:54,433,17,,0,0,6.013,0
18300108003101305101,01:49:31,01:49:31,313,18,,0,0,6.218,0
18300108003101305101,01:50:24,01:50:24,566,19,,0,0,6.986,0
18300108003101305101,01:51:14,01:51:14,328,20,,0,0,7.289,0
18300108003101305101,01:51:43,01:51:43,329,21,,0,0,7.415,0
18300108003101305101,01:52:20,01:52:20,330,22,,0,0,7.742,0
18300108003101305101,01:53:11,01:53:11,375,23,,0,0,7.99,0
18300108003101305101,01:53:39,01:53:39,331,24,,0,0,8.077,0
18300108003102005102,02:00:00,02:00:00,331,1,,0,0,0.0,0
18300108003102005102,02:01:12,02:01:12,332,2,,0,0,0.345,0
18300108003102005102,02:01:50,02:01:50,333,3,,0,0,0.634,0
18300108003102005102,02:02:16,02:02:16,334,4,,0,0,0.844,0
18300108003102005102,02:02:48,02:02:48,335,5,,0,0,1.008,0
18300108003102005102,02:03:35,02:03:35,336,6,,0,0,1.292,0
18300108003102005102,02:04:49,02:04:49,337,7,,0,0,1.561,0
18300108003102005102,02:05:25,02:05:25,338,8,,0,0,1.75,0
18300108003102005102,02:05:55,02:05:55,276,9,,0,0,1.99,0
18300108003102005102,02:06:34,02:06:34,274,10,,0,0,2.336,0
18300108003102005102,02:08:54,02:08:54,39,11,,0,0,3.623,0
18300108003102005102,02:10:55,02:10:55,225,12,,0,0,4.142,0
18300108003102005102,02:13:15,02:13:15,37,13,,0,0,4.523,0
18300108003102005102,02:15:22,02:15:22,34,14,,0,0,4.941,0
18300108003102305101,02:30:00,02:30:00,34,1,,0,0,0.0,0
18300108003102305101,02:32:36,02:32:36,35,2,,0,0,0.67,0
18300108003102305101,02:34:56,02:34:56,36,3,,0,0,1.095,0
18300108003102305101,02:36:00,02:36:00,298,4,,0,0,1.532,0
18300108003102305101,02:36:34,02:36:34,299,5,,0,0,1.847,0
18300108003102305101,02:37:11,02:37:11,300,6,,0,0,2.04,0
18300108003102305101,02:37:49,02:37:49,301,7,,0,0,2.361,0
18300108003102305101,02:38:31,02:38:31,302,8,,0,0,2.628,0
18300108003102305101,02:39:25,02:39:25,344,9,,0,0,2.933,0
18300108003102305101,02:40:28,02:40:28,345,10,,0,0,3.361,0
18300108003102305101,02:41:33,02:41:33,55,11,,0,0,3.895,0
18300108003102305101,02:42:55,02:42:55,54,12,,0,0,4.229,0
18300108003102305101,02:44:22,02:44:22,53,13,,0,0,4.546,0
18300108003102305101,02:45:46,02:45:46,52,14,,0,0,4.875,0
18300108003102305101,02:46:53,02:46:53,51,15,,0,0,5.28,0
18300108003102305101,02:48:24,02:48:24,269,16,,0,0,5.619,0
18300108003102305101,02:48:54,02:48:54,433,17,,0,0,6.013,0
18300108003102305101,02:49:31,02:49:31,313,18,,0,0,6.218,0
18300108003102305101,02:50:24,02:50:24,566,19,,0,0,6.986,0
18300108003102305101,02:51:14,02:51:14,328,20,,0,0,7.289,0
18300108003102305101,02:51:43,02:51:43,329,21,,0,0,7.415,0
18300108003102305101,02:52:20,02:52:20,330,22,,0,0,7.742,0
18300108003102305101,02:53:11,02:53:11,375,23,,0,0,7.99,0
18300108003102305101,02:53:39,02:53:39,331,24,,0,0,8.077,0
18300108003103005102,03:00:00,03:00:00,331,1,,0,0,0.0,0
18300108003103005102,03:01:12,03:01:12,332,2,,0,0,0.345,0
18300108003103005102,03:01:50,03:01:50,333,3,,0,0,0.634,0
18300108003103005102,03:02:16,03:02:16,334,4,,0,0,0.844,0
18300108003103005102,03:02:48,03:02:48,335,5,,0,0,1.008,0
18300108003103005102,03:03:35,03:03:35,336,6,,0,0,1.292,0
18300108003103005102,03:04:49,03:04:49,337,7,,0,0,1.561,0
18300108003103005102,03:05:25,03:05:25,338,8,,0,0,1.75,0
18300108003103005102,03:05:55,03:05:55,276,9,,0,0,1.99,0
18300108003103005102,03:06:34,03:06:34,274,10,,0,0,2.336,0
18300108003103005102,03:08:54,03:08:54,39,11,,0,0,3.623,0
18300108003103005102,03:10:55,03:10:55,225,12,,0,0,4.142,0
18300108003103005102,03:13:15,03:13:15,37,13,,0,0,4.523,0
18300108003103005102,03:15:22,03:15:22,34,14,,0,0,4.941,0
18300108003103305101,03:30:00,03:30:00,34,1,,0,0,0.0,0
18300108003103305101,03:32:36,03:32:36,35,2,,0,0,0.67,0
18300108003103305101,03:34:56,03:34:56,36,3,,0,0,1.095,0
18300108003103305101,03:36:00,03:36:00,298,4,,0,0,1.532,0
18300108003103305101,03:36:34,03:36:34,299,5,,0,0,1.847,0
18300108003103305101,03:37:11,03:37:11,300,6,,0,0,2.04,0
18300108003103305101,03:37:49,03:37:49,301,7,,0,0,2.361,0
18300108003103305101,03:38:31,03:38:31,302,8,,0,0,2.628,0
18300108003103305101,03:39:25,03:39:25,344,9,,0,0,2.933,0
18300108003103305101,03:40:28,03:40:28,345,10,,0,0,3.361,0
18300108003103305101,03:41:33,03:41:33,55,11,,0,0,3.895,0
18300108003103305101,03:42:55,03:42:55,54,12,,0,0,4.229,0
18300108003103305101,03:44:22,03:44:22,53,13,,0,0,4.546,0
18300108003103305101,03:45:46,03:45:46,52,14,,0,0,4.875,0
18300108003103305101,03:46:53,03:46:53,51,15,,0,0,5.28,0
18300108003103305101,03:48:24,03:48:24,269,16,,0,0,5.619,0
18300108003103305101,03:48:54,03:48:54,433,17,,0,0,6.013,0
18300108003103305101,03:49:31,03:49:31,313,18,,0,0,6.218,0
18300108003103305101,03:50:24,03:50:24,566,19,,0,0,6.986,0
18300108003103305101,03:51:14,03:51:14,328,20,,0,0,7.289,0
18300108003103305101,03:51:43,03:51:43,329,21,,0,0,7.415,0
18300108003103305101,03:52:20,03:52:20,330,22,,0,0,7.742,0
18300108003103305101,03:53:11,03:53:11,375,23,,0,0,7.99,0
18300108003103305101,03:53:39,03:53:39,331,24,,0,0,8.077,0
18300108003104005102,04:00:00,04:00:00,331,1,,0,0,0.0,0
18300108003104005102,04:01:12,04:01:12,332,2,,0,0,0.345,0
18300108003104005102,04:01:50,04:01:50,333,3,,0,0,0.634,0
18300108003104005102,04:02:16,04:02:16,334,4,,0,0,0.844,0
18300108003104005102,04:02:48,04:02:48,335,5,,0,0,1.008,0
18300108003104005102,04:03:35,04:03:35,336,6,,0,0,1.292,0
18300108003104005102,04:04:49,04:04:49,337,7,,0,0,1.561,0
18300108003104005102,04:05:25,04:05:25,338,8,,0,0,1.75,0
18300108003104005102,04:05:55,04:05:55,276,9,,0,0,1.99,0
18300108003104005102,04:06:34,04:06:34,274,10,,0,0,2.336,0
18300108003104005102,04:08:54,04:08:54,39,11,,0,0,3.623,0
18300108003104005102,04:10:55,04:10:55,225,12,,0,0,4.142,0
18300108003104005102,04:15:22,04:15:22,34,13,,0,0,4.523,0
18300108003104305101,04:30:00,04:30:00,34,1,,0,0,0.0,0
18300108003104305101,04:32:36,04:32:36,35,2,,0,0,0.67,0
18300108003104305101,04:34:56,04:34:56,36,3,,0,0,1.095,0
18300108003104305101,04:36:00,04:36:00,298,4,,0,0,1.532,0
18300108003104305101,04:36:34,04:36:34,299,5,,0,0,1.847,0
18300108003104305101,04:37:11,04:37:11,300,6,,0,0,2.04,0
18300108003104305101,04:37:49,04:37:49,301,7,,0,0,2.361,0
18300108003104305101,04:38:31,04:38:31,302,8,,0,0,2.628,0
18300108003104305101,04:39:25,04:39:25,344,9,,0,0,2.933,0
18300108003104305101,04:40:28,04:40:28,345,10,,0,0,3.361,0
18300108003104305101,04:41:33,04:41:33,55,11,,0,0,3.895,0
18300108003104305101,04:42:55,04:42:55,54,12,,0,0,4.229,0
18300108003104305101,04:44:22,04:44:22,53,13,,0,0,4.546,0
18300108003104305101,04:45:46,04:45:46,52,14,,0,0,4.875,0
18300108003104305101,04:46:53,04:46:53,51,15,,0,0,5.28,0
18300108003104305101,04:48:24,04:48:24,269,16,,0,0,5.619,0
18300108003104305101,04:48:54,04:48:54,433,17,,0,0,6.013,0
18300108003104305101,04:49:31,04:49:31,313,18,,0,0,6.218,0
18300108003104305101,04:50:24,04:50:24,566,19,,0,0,6.986,0
18300108003104305101,04:51:14,04:51:14,328,20,,0,0,7.289,0
18300108003104305101,04:51:43,04:51:43,329,21,,0,0,7.415,0
18300108003104305101,04:52:20,04:52:20,330,22,,0,0,7.742,0
18300108003104305101,04:53:11,04:53:11,375,23,,0,0,7.99,0
18300108003104305101,04:53:39,04:53:39,331,24,,0,0,8.077,0
18300109003000305102,00:30:00,00:30:00,512,1,,0,0,0.0,0
18300109003000305102,00:31:18,00:31:18,437,2,,0,0,0.28,0
18300109003000305102,00:31:57,00:31:57,380,3,,0,0,0.441,0
18300109003000305102,00:32:37,00:32:37,423,4,,0,0,0.623,0
18300109003000305102,00:33:28,00:33:28,209,5,,0,0,1.219,0
18300109003101305101,01:30:00,01:30:00,1,1,,0,0,0.0,0
18300109003101305101,01:32:33,01:32:33,2,2,,0,0,0.67,0
18300109003101305101,01:34:23,01:34:23,3,3,,0,0,1.141,0
18300109003101305101,01:35:55,01:35:55,4,4,,0,0,1.609,0
18300109003101305101,01:36:45,01:36:45,5,5,,0,0,1.842,0
18300109003101305101,01:38:23,01:38:23,6,6,,0,0,2.339,0
18300109003101305101,01:39:22,01:39:22,199,7,,0,0,2.575,0
18300109003101305101,01:40:49,01:40:49,420,8,,0,0,3.146,0
18300109003101305101,01:41:36,01:41:36,212,9,,0,0,3.537,0
18300109003101305101,01:42:54,01:42:54,214,10,,0,0,3.893,0
18300109003101305101,01:44:47,01:44:47,215,11,,0,0,4.748,0
18300109003101305101,01:45:50,01:45:50,497,12,,0,0,5.125,0
18300109003101305101,01:46:29,01:46:29,216,13,,0,0,5.481,0
18300109003101305101,01:47:27,01:47:27,394,14,,0,0,5.657,0
18300109003101305101,01:48:00,01:48:00,512,15,,0,0,5.808,0
18300109003101485102,01:48:00,01:48:00,512,1,,0,0,0.0,0
18300109003101485102,01:49:18,01:49:18,437,2,,0,0,0.28,0
18300109003101485102,01:49:57,01:49:57,380,3,,0,0,0.441,0
18300109003101485102,01:50:37,01:50:37,423,4,,0,0,0.623,0
18300109003101485102,01:51:28,01:51:28,209,5,,0,0,1.219,0
18300109003101485102,01:55:38,01:55:38,32,6,,0,0,3.008,0
18300109003101485102,01:57:34,01:57:34,1,7,,0,0,3.378,0
18300109003102305101,02:30:00,02:30:00,1,1,,0,0,0.0,0
18300109003102305101,02:32:33,02:32:33,2,2,,0,0,0.67,0
18300109003102305101,02:34:23,02:34:23,3,3,,0,0,1.141,0
18300109003102305101,02:35:55,02:35:55,4,4,,0,0,1.609,0
18300109003102305101,02:36:45,02:36:45,5,5,,0,0,1.842,0
18300109003102305101,02:38:23,02:38:23,6,6,,0,0,2.339,0
18300109003102305101,02:39:22,02:39:22,199,7,,0,0,2.575,0
18300109003102305101,02:40:49,02:40:49,420,8,,0,0,3.146,0
18300109003102305101,02:41:36,02:41:36,212,9,,0,0,3.537,0
18300109003102305101,02:42:54,02:42:54,214,10,,0,0,3.893,0
18300109003102305101,02:44:47,02:44:47,215,11,,0,0,4.748,0
18300109003102305101,02:45:50,02:45:50,497,12,,0,0,5.125,0
18300109003102485102,02:48:00,02:48:00,512,1,,0,0,0.0,0
18300109003102485102,02:49:18,02:49:18,437,2,,0,0,0.28,0
18300109003102485102,02:49:57,02:49:57,380,3,,0,0,0.441,0
18300109003102485102,02:50:37,02:50:37,423,4,,0,0,0.623,0
18300109003102485102,02:51:28,02:51:28,209,5,,0,0,1.219,0
18300109003102485102,02:55:38,02:55:38,32,6,,0,0,3.008,0
18300109003102485102,02:57:34,02:57:34,1,7,,0,0,3.378,0
18300109003203305101,03:30:00,03:30:00,1,1,,0,0,0.0,0
18300109003203305101,03:32:33,03:32:33,2,2,,0,0,0.67,0
18300109003203305101,03:34:23,03:34:23,3,3,,0,0,1.141,0
18300109003203305101,03:35:55,03:35:55,4,4,,0,0,1.609,0
18300109003203305101,03:36:45,03:36:45,5,5,,0,0,1.842,0
18300109003203305101,03:38:23,03:38:23,6,6,,0,0,2.339,0
18300109003203305101,03:39:22,03:39:22,199,7,,0,0,2.575,0
18300109003203305101,03:40:49,03:40:49,420,8,,0,0,3.146,0
18300109003203305101,03:41:36,03:41:36,212,9,,0,0,3.537,0
18300109003203305101,03:42:54,03:42:54,214,10,,0,0,3.893,0
18300109003203305101,03:44:47,03:44:47,215,11,,0,0,4.748,0
18300109003203305101,03:45:50,03:45:50,497,12,,0,0,5.125,0
18300109003203305101,03:46:29,03:46:29,216,13,,0,0,5.481,0
18300109003203305101,03:47:27,03:47:27,394,14,,0,0,5.657,0
18300109003203305101,03:48:00,03:48:00,512,15,,0,0,5.808,0
18300109003203485102,03:48:00,03:48:00,512,1,,0,0,0.0,0
18300109003203485102,03:49:18,03:49:18,437,2,,0,0,0.28,0
18300109003203485102,03:49:57,03:49:57,380,3,,0,0,0.441,0
18300109003203485102,03:50:37,03:50:37,423,4,,0,0,0.623,0
18300109003203485102,03:51:28,03:51:28,209,5,,0,0,1.219,0
18300109003203485102,03:55:38,03:55:38,32,6,,0,0,3.008,0
18300109003203485102,03:57:34,03:57:34,1,7,,0,0,3.378,0
18300109003204305101,04:30:00,04:30:00,1,1,,0,0,0.0,0
18300109003204305101,04:32:33,04:32:33,2,2,,0,0,0.67,0
18300109003204305101,04:34:23,04:34:23,3,3,,0,0,1.141,0
18300109003204305101,04:35:55,04:35:55,4,4,,0,0,1.609,0
18300109003204305101,04:36:45,04:36:45,5,5,,0,0,1.842,0
18300109003204305101,04:38:23,04:38:23,6,6,,0,0,2.339,0
18300109003204305101,04:39:22,04:39:22,199,7,,0,0,2.575,0
18300109003204305101,04:40:49,04:40:49,420,8,,0,0,3.146,0
18300109003204305101,04:41:36,04:41:36,212,9,,0,0,3.537,0
18300109003204305101,04:42:54,04:42:54,214,10,,0,0,3.893,0
18300109003204305101,04:44:47,04:44:47,215,11,,0,0,4.748,0
18300109003204305101,04:45:50,04:45:50,497,12,,0,0,5.125,0
18300109003204485102,04:48:00,04:48:00,512,1,,0,0,0.0,0
18300109003204485102,04:49:18,04:49:18,437,2,,0,0,0.28,0
18300109003204485102,04:49:57,04:49:57,380,3,,0,0,0.441,0
18300109003204485102,04:50:37,04:50:37,423,4,,0,0,0.623,0
18300109003204485102,04:51:28,04:51:28,209,5,,0,0,1.219,0
18300109003204485102,04:55:38,04:55:38,32,6,,0,0,3.008,0
18300109003204485102,04:57:34,04:57:34,1,7,,0,0,3.378,0
18300110003001005102,01:00:00,01:00:00,120,1,,0,0,0.0,0
18300110003001005102,01:01:07,01:01:07,121,2,,0,0,0.325,0
18300110003001005102,01:02:18,01:02:18,122,3,,0,0,0.726,0
18300110003001005102,01:02:54,01:02:54,123,4,,0,0,0.89,0
18300110003001005102,01:03:24,01:03:24,603,5,,0,0,1.055,0
18300110003001005102,01:03:54,01:03:54,124,6,,0,0,1.311,0
18300110003001005102,01:04:38,01:04:38,413,7,,0,0,1.474,0
18300110003001005102,01:05:29,01:05:29,125,8,,0,0,1.754,0
18300110003001005102,01:05:58,01:05:58,126,9,,0,0,1.962,0
18300110003001005102,01:06:41,01:06:41,127,10,,0,0,2.281,0
18300110003001005102,01:07:42,01:07:42,128,11,,0,0,2.754,0
18300110003001005102,01:09:05,01:09:05,129,12,,0,0,3.18,0
18300110003001005102,01:10:18,01:10:18,130,13,,0,0,3.576,0
18300110003001005102,01:11:57,01:11:57,131,14,,0,0,4.14,0
18300110003001005102,01:12:55,01:12:55,132,15,,0,0,4.405,0
18300110003001005102,01:13:32,01:13:32,94,16,,0,0,4.674,0
18300110003001005102,01:14:09,01:14:09,133,17,,0,0,4.872,0
18300110003001005102,01:15:52,01:15:52,134,18,,0,0,5.606,0
18300110003001005102,01:17:06,01:17:06,135,19,,0,0,6.008,0
18300110003001005102,01:18:43,01:18:43,136,20,,0,0,6.565,0
18300110003001005102,01:20:26,01:20:26,102,21,,0,0,7.091,0
18300110003001305101,01:30:00,01:30:00,102,1,,0,0,0.0,0
18300110003001305101,01:32:52,01:32:52,103,2,,0,0,0.648,0
18300110003001305101,01:34:58,01:34:58,104,3,,0,0,1.304,0
18300110003001305101,01:35:53,01:35:53,105,4,,0,0,1.542,0
18300110003001305101,01:36:42,01:36:42,507,5,,0,0,1.887,0
18300110003001305101,01:37:33,01:37:33,61,6,,0,0,2.119,0
18300110003001305101,01:38:15,01:38:15,63,7,,0,0,2.487,0
18300110003001305101,01:39:20,01:39:20,533,8,,0,0,2.813,0
18300110003001305101,01:39:51,01:39:51,58,9,,0,0,3.073,0
18300110003001305101,01:40:18,01:40:18,421,10,,0,0,3.222,0
18300110003001305101,01:41:46,01:41:46,217,11,,0,0,3.665,0
18300110003001305101,01:42:17,01:42:17,158,12,,0,0,3.928,0
18300110003001305101,01:43:56,01:43:56,539,13,,0,0,4.653,0
18300110003001305101,01:44:33,01:44:33,160,14,,0,0,4.883,0
18300110003001305101,01:45:16,01:45:16,162,15,,0,0,5.084,0
18300110003001305101,01:46:05,01:46:05,163,16,,0,0,5.334,0
18300110003001305101,01:47:00,01:47:00,164,17,,0,0,5.67,0
18300110003001305101,01:47:57,01:47:57,161,18,,0,0,6.061,0
18300110003001305101,01:49:43,01:49:43,110,19,,0,0,6.453,0
18300110003001305101,01:50:39,01:50:39,111,20,,0,0,6.879,0
18300110003001305101,01:51:37,01:51:37,137,21,,0,0,7.516,0
18300110003001305101,01:53:04,01:53:04,139,22,,0,0,8.404,0
18300110003001305101,01:53:39,01:53:39,141,23,,0,0,8.685,0
18300110003001305101,01:54:17,01:54:17,143,24,,0,0,9.062,0
18300110003001305101,01:54:53,01:54:53,145,25,,0,0,9.375,0
18300110003001305101,01:55:24,01:55:24,115,26,,0,0,9.556,0
18300110003001305101,01:56:06,01:56:06,411,27,,0,0,9.772,0
18300110003001305101,01:56:43,01:56:43,116,28,,0,0,9.941,0
18300110003001305101,01:57:19,01:57:19,604,29,,0,0,10.162,0
18300110003001305101,01:57:48,01:57:48,117,30,,0,0,10.352,0
18300110003001305101,01:58:21,01:58:21,118,31,,0,0,10.535,0
18300110003001305101,01:58:44,01:58:44,410,32,,0,0,10.692,0
18300110003001305101,01:59:15,01:59:15,119,33,,0,0,10.891,0
18300110003001305101,02:00:00,02:00:00,120,34,,0,0,11.192,0
18300110003002005102,02:00:00,02:00:00,120,1,,0,0,0.0,0
18300110003002005102,02:01:07,02:01:07,121,2,,0,0,0.325,0
18300110003002005102,02:02:18,02:02:18,122,3,,0,0,0.726,0
18300110003002005102,02:02:54,02:02:54,123,4,,0,0,0.89,0
18300110003002005102,02:03:24,02:03:24,603,5,,0,0,1.055,0
18300110003002005102,02:03:54,02:03:54,124,6,,0,0,1.311,0
18300110003002005102,02:04:38,02:04:38,413,7,,0,0,1.474,0
18300110003002005102,02:05:29,02:05:29,125,8,,0,0,1.754,0
18300110003002005102,02:05:58,02:05:58,126,9,,0,0,1.962,0
18300110003002005102,02:06:41,02:06:41,127,10,,0,0,2.281,0
18300110003002005102,02:07:42,02:07:42,128,11,,0,0,2.754,0
18300110003002005102,02:09:05,02:09:05,129,12,,0,0,3.18,0
18300110003002005102,02:10:18,02:10:18,130,13,,0,0,3.576,0
18300110003002005102,02:11:57,02:11:57,131,14,,0,0,4.14,0
18300110003002005102,02:12:55,02:12:55,132,15,,0,0,4.405,0
18300110003002005102,02:13:32,02:13:32,94,16,,0,0,4.674,0
18300110003002005102,02:14:09,02:14:09,133,17,,0,0,4.872,0
18300110003002005102,02:15:52,02:15:52,134,18,,0,0,5.606,0
18300110003002005102,02:17:06,02:17:06,135,19,,0,0,6.008,0
18300110003002005102,02:18:43,02:18:43,136,20,,0,0,6.565,0
18300110003002005102,02:20:26,02:20:26,102,21,,0,0,7.091,0
18300110003002305101,02:30:00,02:30:00,102,1,,0,0,0.0,0
18300110003002305101,02:32:52,02:32:52,103,2,,0,0,0.648,0
18300110003002305101,02:34:58,02:34:58,104,3,,0,0,1.304,0
18300110003002305101,02:35:53,02:35:53,105,4,,0,0,1.542,0
18300110003002305101,02:36:42,02:36:42,507,5,,0,0,1.887,0
18300110003002305101,02:37:33,02:37:33,61,6,,0,0,2.119,0
18300110003002305101,02:38:15,02:38:15,63,7,,0,0,2.487,0
18300110003002305101,02:39:20,02:39:20,533,8,,0,0,2.813,0
18300110003002305101,02:39:51,02:39:51,58,9,,0,0,3.073,0
18300110003002305101,02:40:18,02:40:18,421,10,,0,0,3.222,0
18300110003002305101,02:41:46,02:41:46,217,11,,0,0,3.665,0
18300110003002305101,02:42:17,02:42:17,158,12,,0,0,3.928,0
18300110003002305101,02:43:56,02:43:56,539,13,,0,0,4.653,0
18300110003002305101,02:44:33,02:44:33,160,14,,0,0,4.883,0
18300110003002305101,02:45:16,02:45:16,162,15,,0,0,5.084,0
18300110003002305101,02:46:05,02:46:05,163,16,,0,0,5.334,0
18300110003002305101,02:47:00,02:47:00,164,17,,0,0,5.67,0
18300110003002305101,02:47:57,02:47:57,161,18,,0,0,6.061,0
18300110003002305101,02:49:43,02:49:43,110,19,,0,0,6.453,0
18300110003002305101,02:50:39,02:50:39,111,20,,0,0,6.879,0
18300110003002305101,02:51:37,02:51:37,137,21,,0,0,7.516,0
18300110003002305101,02:53:04,02:53:04,139,22,,0,0,8.404,0
18300110003002305101,02:53:39,02:53:39,141,23,,0,0,8.685,0
18300110003002305101,02:54:17,02:54:17,143,24,,0,0,9.062,0
18300110003002305101,02:54:53,02:54:53,145,25,,0,0,9.375,0
18300110003002305101,02:55:24,02:55:24,115,26,,0,0,9.556,0
18300110003002305101,02:56:06,02:56:06,411,27,,0,0,9.772,0
18300110003002305101,02:56:43,02:56:43,116,28,,0,0,9.941,0
18300110003002305101,02:57:19,02:57:19,604,29,,0,0,10.162,0
18300110003002305101,02:57:48,02:57:48,117,30,,0,0,10.352,0
18300110003002305101,02:58:21,02:58:21,118,31,,0,0,10.535,0
18300110003002305101,02:58:44,02:58:44,410,32,,0,0,10.692,0
18300110003002305101,02:59:15,02:59:15,119,33,,0,0,10.891,0
18300110003002305101,03:00:00,03:00:00,120,34,,0,0,11.192,0
18300110003003005102,03:00:00,03:00:00,120,1,,0,0,0.0,0
18300110003003005102,03:01:07,03:01:07,121,2,,0,0,0.325,0
18300110003003005102,03:02:18,03:02:18,122,3,,0,0,0.726,0
18300110003003005102,03:02:54,03:02:54,123,4,,0,0,0.89,0
18300110003003005102,03:03:24,03:03:24,603,5,,0,0,1.055,0
18300110003003005102,03:03:54,03:03:54,124,6,,0,0,1.311,0
18300110003003005102,03:04:38,03:04:38,413,7,,0,0,1.474,0
18300110003003005102,03:05:29,03:05:29,125,8,,0,0,1.754,0
18300110003003005102,03:05:58,03:05:58,126,9,,0,0,1.962,0
18300110003003005102,03:06:41,03:06:41,127,10,,0,0,2.281,0
18300110003003005102,03:07:42,03:07:42,128,11,,0,0,2.754,0
18300110003003005102,03:09:05,03:09:05,129,12,,0,0,3.18,0
18300110003003005102,03:10:18,03:10:18,130,13,,0,0,3.576,0
18300110003003005102,03:11:57,03:11:57,131,14,,0,0,4.14,0
18300110003003005102,03:12:55,03:12:55,132,15,,0,0,4.405,0
18300110003003005102,03:13:32,03:13:32,94,16,,0,0,4.674,0
18300110003003005102,03:14:09,03:14:09,133,17,,0,0,4.872,0
18300110003003005102,03:15:52,03:15:52,134,18,,0,0,5.606,0
18300110003003005102,03:17:06,03:17:06,135,19,,0,0,6.008,0
18300110003003005102,03:18:43,03:18:43,136,20,,0,0,6.565,0
18300110003003005102,03:20:26,03:20:26,102,21,,0,0,7.091,0
18300110003003305101,03:30:00,03:30:00,102,1,,0,0,0.0,0
18300110003003305101,03:32:52,03:32:52,103,2,,0,0,0.648,0
18300110003003305101,03:34:58,03:34:58,104,3,,0,0,1.304,0
18300110003003305101,03:35:53,03:35:53,105,4,,0,0,1.542,0
18300110003003305101,03:36:42,03:36:42,507,5,,0,0,1.887,0
18300110003003305101,03:37:33,03:37:33,61,6,,0,0,2.119,0
18300110003003305101,03:38:15,03:38:15,63,7,,0,0,2.487,0
18300110003003305101,03:39:20,03:39:20,533,8,,0,0,2.813,0
18300110003003305101,03:39:51,03:39:51,58,9,,0,0,3.073,0
18300110003003305101,03:40:18,03:40:18,421,10,,0,0,3.222,0
18300110003003305101,03:41:46,03:41:46,217,11,,0,0,3.665,0
18300110003003305101,03:42:17,03:42:17,158,12,,0,0,3.928,0
18300110003003305101,03:43:56,03:43:56,539,13,,0,0,4.653,0
18300110003003305101,03:44:33,03:44:33,160,14,,0,0,4.883,0
18300110003003305101,03:45:16,03:45:16,162,15,,0,0,5.084,0
18300110003003305101,03:46:05,03:46:05,163,16,,0,0,5.334,0
18300110003003305101,03:47:00,03:47:00,164,17,,0,0,5.67,0
18300110003003305101,03:47:57,03:47:57,161,18,,0,0,6.061,0
18300110003003305101,03:49:43,03:49:43,110,19,,0,0,6.453,0
18300110003003305101,03:50:39,03:50:39,111,20,,0,0,6.879,0
18300110003003305101,03:51:37,03:51:37,137,21,,0,0,7.516,0
18300110003003305101,03:53:04,03:53:04,139,22,,0,0,8.404,0
18300110003003305101,03:53:39,03:53:39,141,23,,0,0,8.685,0
18300110003003305101,03:54:17,03:54:17,143,24,,0,0,9.062,0
18300110003003305101,03:54:53,03:54:53,145,25,,0,0,9.375,0
18300110003003305101,03:55:24,03:55:24,115,26,,0,0,9.556,0
18300110003003305101,03:56:06,03:56:06,411,27,,0,0,9.772,0
18300110003003305101,03:56:43,03:56:43,116,28,,0,0,9.941,0
18300110003003305101,03:57:19,03:57:19,604,29,,0,0,10.162,0
18300110003003305101,03:57:48,03:57:48,117,30,,0,0,10.352,0
18300110003003305101,03:58:21,03:58:21,118,31,,0,0,10.535,0
18300110003003305101,03:58:44,03:58:44,410,32,,0,0,10.692,0
18300110003003305101,03:59:15,03:59:15,119,33,,0,0,10.891,0
18300110003003305101,04:00:00,04:00:00,120,34,,0,0,11.192,0
18300110003004005102,04:00:00,04:00:00,120,1,,0,0,0.0,0
18300110003004005102,04:01:07,04:01:07,121,2,,0,0,0.325,0
18300110003004005102,04:02:18,04:02:18,122,3,,0,0,0.726,0
18300110003004005102,04:02:54,04:02:54,123,4,,0,0,0.89,0
18300110003004005102,04:03:24,04:03:24,603,5,,0,0,1.055,0
18300110003004005102,04:03:54,04:03:54,124,6,,0,0,1.311,0
18300110003004005102,04:04:38,04:04:38,413,7,,0,0,1.474,0
18300110003004005102,04:05:29,04:05:29,125,8,,0,0,1.754,0
18300110003004005102,04:05:58,04:05:58,126,9,,0,0,1.962,0
18300110003004005102,04:06:41,04:06:41,127,10,,0,0,2.281,0
18300110003004005102,04:07:42,04:07:42,128,11,,0,0,2.754,0
18300110003004005102,04:09:05,04:09:05,129,12,,0,0,3.18,0
18300110003004005102,04:10:18,04:10:18,130,13,,0,0,3.576,0
18300110003004005102,04:11:57,04:11:57,131,14,,0,0,4.14,0
18300110003004005102,04:12:55,04:12:55,132,15,,0,0,4.405,0
18300110003004005102,04:13:32,04:13:32,94,16,,0,0,4.674,0
18300110003004005102,04:14:09,04:14:09,133,17,,0,0,4.872,0
18300110003004005102,04:15:52,04:15:52,134,18,,0,0,5.606,0
18300110003004005102,04:17:06,04:17:06,135,19,,0,0,6.008,0
18300110003004005102,04:18:43,04:18:43,136,20,,0,0,6.565,0
18300110003004005102,04:20:26,04:20:26,102,21,,0,0,7.091,0
18300110003004305101,04:30:00,04:30:00,102,1,,0,0,0.0,0
18300110003004305101,04:32:52,04:32:52,103,2,,0,0,0.648,0
18300110003004305101,04:34:58,04:34:58,104,3,,0,0,1.304,0
18300110003004305101,04:35:53,04:35:53,105,4,,0,0,1.542,0
18300110003004305101,04:36:42,04:36:42,507,5,,0,0,1.887,0
18300110003004305101,04:37:33,04:37:33,61,6,,0,0,2.119,0
18300110003004305101,04:38:15,04:38:15,63,7,,0,0,2.487,0
18300110003004305101,04:39:20,04:39:20,533,8,,0,0,2.813,0
18300110003004305101,04:39:51,04:39:51,58,9,,0,0,3.073,0
18300110003004305101,04:40:18,04:40:18,421,10,,0,0,3.222,0
18300110003004305101,04:41:46,04:41:46,217,11,,0,0,3.665,0
18300110003004305101,04:42:17,04:42:17,158,12,,0,0,3.928,0
18300110003004305101,04:43:56,04:43:56,539,13,,0,0,4.653,0
18300110003004305101,04:44:33,04:44:33,160,14,,0,0,4.883,0
18300110003004305101,04:45:16,04:45:16,162,15,,0,0,5.084,0
18300110003004305101,04:46:05,04:46:05,163,16,,0,0,5.334,0
18300110003004305101,04:47:00,04:47:00,164,17,,0,0,5.67,0
18300110003004305101,04:47:57,04:47:57,161,18,,0,0,6.061,0
18300110003004305101,04:49:43,04:49:43,110,19,,0,0,6.453,0
18300110003004305101,04:50:39,04:50:39,111,20,,0,0,6.879,0
18300110003004305101,04:51:37,04:51:37,137,21,,0,0,7.516,0
18300110003004305101,04:53:04,04:53:04,139,22,,0,0,8.404,0
18300110003004305101,04:53:39,04:53:39,141,23,,0,0,8.685,0
18300110003004305101,04:54:17,04:54:17,143,24,,0,0,9.062,0
18300110003004305101,04:54:53,04:54:53,145,25,,0,0,9.375,0
18300110003004305101,04:55:24,04:55:24,115,26,,0,0,9.556,0
18300110003004305101,04:56:06,04:56:06,411,27,,0,0,9.772,0
18300110003004305101,04:56:43,04:56:43,116,28,,0,0,9.941,0
18300110003004305101,04:57:19,04:57:19,604,29,,0,0,10.162,0
18300110003004305101,04:57:48,04:57:48,117,30,,0,0,10.352,0
18310101003000305102,00:30:00,00:30:00,287,1,,0,0,0.0,0
18310101003000305102,00:31:00,00:31:00,362,2,,0,0,0.25,0
18310101003000305102,00:32:50,00:32:50,588,3,,0,0,1.004,0
18310101003000305102,00:33:20,00:33:20,364,4,,0,0,1.322,0
18310101003000305102,00:34:14,00:34:14,365,5,,0,0,1.755,0
18310101003000305102,00:37:08,00:37:08,46,6,,0,0,3.554,0
18310101003000305102,00:38:28,00:38:28,45,7,,0,0,3.961,0
18310101003000305102,00:39:43,00:39:43,44,8,,0,0,4.268,0
18310101003000305102,00:41:19,00:41:19,43,9,,0,0,4.863,0
18310101003000305102,00:42:51,00:42:51,42,10,,0,0,5.203,0
18310101003000305102,00:44:01,00:44:01,41,11,,0,0,5.397,0
18310101003000305102,00:45:09,00:45:09,40,12,,0,0,5.625,0
18310101003000305102,00:47:38,00:47:38,39,13,,0,0,6.741,0
18310101003000305102,00:49:39,00:49:39,225,14,,0,0,7.26,0
18310101003000305102,00:51:59,00:51:59,37,15,,0,0,7.644,0
18310101003000305102,00:54:06,00:54:06,34,16,,0,0,8.063,0
18310101003001005101,01:00:00,01:00:00,34,1,,0,0,0.0,0
18310101003001005101,01:02:36,01:02:36,35,2,,0,0,0.672,0
18310101003001005101,01:04:56,01:04:56,36,3,,0,0,1.097,0
18310101003001005101,01:08:07,01:08:07,239,4,,0,0,2.397,0
18310101003001005101,01:09:28,01:09:28,240,5,,0,0,2.646,0
18310101003001005101,01:10:50,01:10:50,241,6,,0,0,3.038,0
18310101003001005101,01:12:25,01:12:25,242,7,,0,0,3.462,0
18310101003001005101,01:13:37,01:13:37,244,8,,0,0,3.921,0
18310101003001005101,01:14:19,01:14:19,246,9,,0,0,4.141,0
18310101003001005101,01:15:12,01:15:12,248,10,,0,0,4.406,0
18310101003001005101,01:15:36,01:15:36,635,11,,0,0,4.623,0
18310101003001005101,01:16:02,01:16:02,373,12,,0,0,4.772,0
18310101003001005101,01:17:00,01:17:00,281,13,,0,0,5.194,0
18310101003001005101,01:17:53,01:17:53,50,14,,0,0,5.556,0
18310101003001005101,01:19:01,01:19:01,279,15,,0,0,6.031,0
18310101003001005101,01:20:36,01:20:36,353,16,,0,0,7.217,0
18310101003001005101,01:22:01,01:22:01,354,17,,0,0,7.781,0
18310101003001005101,01:23:01,01:23:01,599,18,,0,0,8.031,0
18310101003001005101,01:23:52,01:23:52,355,19,,0,0,8.402,0
18310101003001005101,01:24:41,01:24:41,356,20,,0,0,8.704,0
18310101003001005101,01:25:32,01:25:32,360,21,,0,0,8.996,0
18310101003001005101,01:26:37,01:26:37,361,22,,0,0,9.443,0
18310101003001005101,01:27:13,01:27:13,358,23,,0,0,9.622,0
18310101003001005101,01:28:26,01:28:26,287,24,,0,0,10.435,0
18310101003001305102,01:30:00,01:30:00,287,1,,0,0,0.0,0
18310101003001305102,01:31:00,01:31:00,362,2,,0,0,0.25,0
18310101003001305102,01:32:50,01:32:50,588,3,,0,0,1.004,0
18310101003001305102,01:33:20,01:33:20,364,4,,0,0,1.322,0
18310101003001305102,01:34:14,01:34:14,365,5,,0,0,1.755,0
18310101003001305102,01:37:08,01:37:08,46,6,,0,0,3.554,0
18310101003001305102,01:38:28,01:38:28,45,7,,0,0,3.961,0
18310101003001305102,01:39:43,01:39:43,44,8,,0,0,4.268,0
18310101003001305102,01:41:19,01:41:19,43,9,,0,0,4.863,0
18310101003001305102,01:42:51,01:42:51,42,10,,0,0,5.203,0
18310101003001305102,01:44:01,01:44:01,41,11,,0,0,5.397,0
18310101003001305102,01:45:09,01:45:09,40,12,,0,0,5.625,0
18310101003001305102,01:47:38,01:47:38,39,13,,0,0,6.741,0
18310101003001305102,01:49:39,01:49:39,225,14,,0,0,7.26,0
18310101003001305102,01:51:59,01:51:59,37,15,,0,0,7.644,0
18310101003001305102,01:54:06,01:54:06,34,16,,0,0,8.063,0
18310101003002005101,02:00:00,02:00:00,34,1,,0,0,0.0,0
18310101003002005101,02:02:36,02:02:36,35,2,,0,0,0.672,0
18310101003002005101,02:04:56,02:04:56,36,3,,0,0,1.097,0
18310101003002005101,02:08:07,02:08:07,239,4,,0,0,2.397,0
18310101003002005101,02:09:28,02:09:28,240,5,,0,0,2.646,0
18310101003002005101,02:10:50,02:10:50,241,6,,0,0,3.038,0
18310101003002005101,02:12:25,02:12:25,242,7,,0,0,3.462,0
18310101003002005101,02:13:37,02:13:37,244,8,,0,0,3.921,0
18310101003002005101,02:14:19,02:14:19,246,9,,0,0,4.141,0
18310101003002005101,02:15:12,02:15:12,248,10,,0,0,4.406,0
18310101003002005101,02:15:36,02:15:36,635,11,,0,0,4.623,0
18310101003002005101,02:16:02,02:16:02,373,12,,0,0,4.772,0
18310101003002005101,02:17:00,02:17:00,281,13,,0,0,5.194,0
18310101003002005101,02:17:53,02:17:53,50,14,,0,0,5.556,0
18310101003002005101,02:19:01,02:19:01,279,15,,0,0,6.031,0
18310101003002005101,02:20:36,02:20:36,353,16,,0,0,7.217,0
18310101003002005101,02:22:01,02:22:01,354,17,,0,0,7.781,0
18310101003002005101,02:23:01,02:23:01,599,18,,0,0,8.031,0
18310101003002005101,02:23:52,02:23:52,355,19,,0,0,8.402,0
18310101003002005101,02:24:41,02:24:41,356,20,,0,0,8.704,0
18310101003002005101,02:25:32,02:25:32,360,21,,0,0,8.996,0
18310101003002005101,02:26:37,02:26:37,361,22,,0,0,9.443,0
18310101003002005101,02:27:13,02:27:13,358,23,,0,0,9.622,0
18310101003002005101,02:28:26,02:28:26,287,24,,0,0,10.435,0
18310101003002305102,02:30:00,02:30:00,287,1,,0,0,0.0,0
18310101003002305102,02:31:00,02:31:00,362,2,,0,0,0.25,0
18310101003002305102,02:32:50,02:32:50,588,3,,0,0,1.004,0
18310101003002305102,02:33:20,02:33:20,364,4,,0,0,1.322,0
18310101003002305102,02:34:14,02:34:14,365,5,,0,0,1.755,0
18310101003002305102,02:37:08,02:37:08,46,6,,0,0,3.554,0
18310101003002305102,02:38:28,02:38:28,45,7,,0,0,3.961,0
18310101003002305102,02:39:43,02:39:43,44,8,,0,0,4.268,0
18310101003002305102,02:41:19,02:41:19,43,9,,0,0,4.863,0
18310101003002305102,02:42:51,02:42:51,42,10,,0,0,5.203,0
18310101003002305102,02:44:01,02:44:01,41,11,,0,0,5.397,0
18310101003002305102,02:45:09,02:45:09,40,12,,0,0,5.625,0
18310101003002305102,02:47:38,02:47:38,39,13,,0,0,6.741,0
18310101003002305102,02:49:39,02:49:39,225,14,,0,0,7.26,0
18310101003002305102,02:51:59,02:51:59,37,15,,0,0,7.644,0
18310101003002305102,02:54:06,02:54:06,34,16,,0,0,8.063,0
18310101003003005101,03:00:00,03:00:00,34,1,,0,0,0.0,0
18310101003003005101,03:02:36,03:02:36,35,2,,0,0,0.672,0
18310101003003005101,03:04:56,03:04:56,36,3,,0,0,1.097,0
18310101003003005101,03:08:07,03:08:07,239,4,,0,0,2.397,0
18310101003003005101,03:09:28,03:09:28,240,5,,0,0,2.646,0
18310101003003005101,03:10:50,03:10:50,241,6,,0,0,3.038,0
18310101003003005101,03:12:25,03:12:25,242,7,,0,0,3.462,0
18310101003003005101,03:13:37,03:13:37,244,8,,0,0,3.921,0
18310101003003005101,03:14:19,03:14:19,246,9,,0,0,4.141,0
18310101003003005101,03:15:12,03:15:12,248,10,,0,0,4.406,0
18310101003003005101,03:15:36,03:15:36,635,11,,0,0,4.623,0
18310101003003005101,03:16:02,03:16:02,373,12,,0,0,4.772,0
18310101003003005101,03:17:00,03:17:00,281,13,,0,0,5.194,0
18310101003003005101,03:17:53,03:17:53,50,14,,0,0,5.556,0
18310101003003005101,03:19:01,03:19:01,279,15,,0,0,6.031,0
18310101003003005101,03:20:36,03:20:36,353,16,,0,0,7.217,0
18310101003003005101,03:22:01,03:22:01,354,17,,0,0,7.781,0
18310101003003005101,03:23:01,03:23:01,599,18,,0,0,8.031,0
18310101003003005101,03:23:52,03:23:52,355,19,,0,0,8.402,0
18310101003003005101,03:24:41,03:24:41,356,20,,0,0,8.704,0
18310101003003005101,03:25:32,03:25:32,360,21,,0,0,8.996,0
18310101003003005101,03:26:37,03:26:37,361,22,,0,0,9.443,0
18310101003003005101,03:27:13,03:27:13,358,23,,0,0,9.622,0
18310101003003005101,03:28:26,03:28:26,287,24,,0,0,10.435,0
18310101003003305102,03:30:00,03:30:00,287,1,,0,0,0.0,0
18310101003003305102,03:31:00,03:31:00,362,2,,0,0,0.25,0
18310101003003305102,03:32:50,03:32:50,588,3,,0,0,1.004,0
18310101003003305102,03:33:20,03:33:20,364,4,,0,0,1.322,0
18310101003003305102,03:34:14,03:34:14,365,5,,0,0,1.755,0
18310101003003305102,03:37:08,03:37:08,46,6,,0,0,3.554,0
18310101003003305102,03:38:28,03:38:28,45,7,,0,0,3.961,0
18310101003003305102,03:39:43,03:39:43,44,8,,0,0,4.268,0
18310101003003305102,03:41:19,03:41:19,43,9,,0,0,4.863,0
18310101003003305102,03:42:51,03:42:51,42,10,,0,0,5.203,0
18310101003003305102,03:44:01,03:44:01,41,11,,0,0,5.397,0
18310101003003305102,03:45:09,03:45:09,40,12,,0,0,5.625,0
18310101003003305102,03:47:38,03:47:38,39,13,,0,0,6.741,0
18310101003003305102,03:49:39,03:49:39,225,14,,0,0,7.26,0
18310101003003305102,03:51:59,03:51:59,37,15,,0,0,7.644,0
18310101003003305102,03:54:06,03:54:06,34,16,,0,0,8.063,0
18310101003004005101,04:00:00,04:00:00,34,1,,0,0,0.0,0
18310101003004005101,04:02:36,04:02:36,35,2,,0,0,0.672,0
18310101003004005101,04:04:56,04:04:56,36,3,,0,0,1.097,0
18310101003004005101,04:08:07,04:08:07,239,4,,0,0,2.397,0
18310101003004005101,04:09:28,04:09:28,240,5,,0,0,2.646,0
18310101003004005101,04:10:50,04:10:50,241,6,,0,0,3.038,0
18310101003004005101,04:12:25,04:12:25,242,7,,0,0,3.462,0
18310101003004005101,04:13:37,04:13:37,244,8,,0,0,3.921,0
18310101003004005101,04:14:19,04:14:19,246,9,,0,0,4.141,0
18310101003004005101,04:15:12,04:15:12,248,10,,0,0,4.406,0
18310101003004005101,04:15:36,04:15:36,635,11,,0,0,4.623,0
18310101003004005101,04:16:02,04:16:02,373,12,,0,0,4.772,0
18310101003004005101,04:17:00,04:17:00,281,13,,0,0,5.194,0
18310101003004005101,04:17:53,04:17:53,50,14,,0,0,5.556,0
18310101003004005101,04:19:01,04:19:01,279,15,,0,0,6.031,0
18310101003004005101,04:20:36,04:20:36,353,16,,0,0,7.217,0
18310101003004005101,04:22:01,04:22:01,354,17,,0,0,7.781,0
18310101003004005101,04:23:01,04:23:01,599,18,,0,0,8.031,0
18310101003004005101,04:27:13,04:27:13,358,19,,0,0,8.402,0
18310101003004005101,04:28:26,04:28:26,287,20,,0,0,9.215,0
18310101003100305101,00:30:00,00:30:00,34,1,,0,0,0.0,0
18310101003100305101,00:32:36,00:32:36,35,2,,0,0,0.672,0
18310101003100305101,00:34:56,00:34:56,36,3,,0,0,1.097,0
18310101003100305101,00:38:07,00:38:07,239,4,,0,0,2.397,0
18310101003100305101,00:39:28,00:39:28,240,5,,0,0,2.646,0
18310101003100305101,00:40:50,00:40:50,241,6,,0,0,3.038,0
18310101003100305101,00:42:25,00:42:25,242,7,,0,0,3.462,0
18310101003100305101,00:43:37,00:43:37,244,8,,0,0,3.921,0
18310101003100305101,00:44:19,00:44:19,246,9,,0,0,4.141,0
18310101003100305101,00:45:12,00:45:12,248,10,,0,0,4.406,0
18310101003100305101,00:45:36,00:45:36,635,11,,0,0,4.623,0
18310101003100305101,00:46:02,00:46:02,373,12,,0,0,4.772,0
18310101003100305101,00:47:00,00:47:00,281,13,,0,0,5.194,0
18310101003100305101,00:47:53,00:47:53,50,14,,0,0,5.556,0
18310101003100305101,00:49:01,00:49:01,279,15,,0,0,6.031,0
18310101003100305101,00:50:36,00:50:36,353,16,,0,0,7.217,0
18310101003100305101,00:52:01,00:52:01,354,17,,0,0,7.781,0
18310101003100305101,00:53:01,00:53:01,599,18,,0,0,8.031,0
18310101003100305101,00:53:52,00:53:52,355,19,,0,0,8.402,0
18310101003100305101,00:54:41,00:54:41,356,20,,0,0,8.704,0
18310101003100305101,00:55:32,00:55:32,360,21,,0,0,8.996,0
18310101003100305101,00:56:37,00:56:37,361,22,,0,0,9.443,0
18310101003100305101,00:57:13,00:57:13,358,23,,0,0,9.622,0
18310101003100305101,00:58:26,00:58:26,287,24,,0,0,10.435,0
18310101003101005102,01:00:00,01:00:00,287,1,,0,0,0.0,0
18310101003101005102,01:01:00,01:01:00,362,2,,0,0,0.25,0
18310101003101005102,01:02:50,01:02:50,588,3,,0,0,1.004,0
18310101003101005102,01:03:20,01:03:20,364,4,,0,0,1.322,0
18310101003101005102,01:04:14,01:04:14,365,5,,0,0,1.755,0
18310101003101005102,01:07:08,01:07:08,46,6,,0,0,3.554,0
18310101003101005102,01:08:28,01:08:28,45,7,,0,0,3.961,0
18310101003101005102,01:09:43,01:09:43,44,8,,0,0,4.268,0
18310101003101005102,01:11:19,01:11:19,43,9,,0,0,4.863,0
18310101003101005102,01:12:51,01:12:51,42,10,,0,0,5.203,0
18310101003101005102,01:14:01,01:14:01,41,11,,0,0,5.397,0
18310101003101005102,01:15:09,01:15:09,40,12,,0,0,5.625,0
18310101003101005102,01:17:38,01:17:38,39,13,,0,0,6.741,0
18310101003101005102,01:19:39,01:19:39,225,14,,0,0,7.26,0
18310101003101005102,01:21:59,01:21:59,37,15,,0,0,7.644,0
18310101003101005102,01:24:06,01:24:06,34,16,,0,0,8.063,0
18310101003101305101,01:30:00,01:30:00,34,1,,0,0,0.0,0
18310101003101305101,01:32:36,01:32:36,35,2,,0,0,0.672,0
18310101003101305101,01:34:56,01:34:56,36,3,,0,0,1.097,0
18310101003101305101,01:38:07,01:38:07,239,4,,0,0,2.397,0
18310101003101305101,01:39:28,01:39:28,240,5,,0,0,2.646,0
18310101003101305101,01:40:50,01:40:50,241,6,,0,0,3.038,0
18310101003101305101,01:42:25,01:42:25,242,7,,0,0,3.462,0
18310101003101305101,01:43:37,01:43:37,244,8,,0,0,3.921,0
18310101003101305101,01:44:19,01:44:19,246,9,,0,0,4.141,0
18310101003101305101,01:45:12,01:45:12,248,10,,0,0,4.406,0
18310101003101305101,01:45:36,01:45:36,635,11,,0,0,4.623,0
18310101003101305101,01:46:02,01:46:02,373,12,,0,0,4.772,0
18310101003101305101,01:47:00,01:47:00,281,13,,0,0,5.194,0
18310101003101305101,01:47:53,01:47:53,50,14,,0,0,5.556,0
18310101003101305101,01:49:01,01:49:01,279,15,,0,0,6.031,0
18310101003101305101,01:50:36,01:50:36,353,16,,0,0,7.217,0
18310101003101305101,01:52:01,01:52:01,354,17,,0,0,7.781,0
18310101003101305101,01:53:01,01:53:01,599,18,,0,0,8.031,0
18310101003101305101,01:53:52,01:53:52,355,19,,0,0,8.402,0
18310101003101305101,01:54:41,01:54:41,356,20,,0,0,8.704,0
18310101003101305101,01:55:32,01:55:32,360,21,,0,0,8.996,0
18310101003101305101,01:56:37,01:56:37,361,22,,0,0,9.443,0
18310101003101305101,01:57:13,01:57:13,358,23,,0,0,9.622,0
18310101003101305101,01:58:26,01:58:26,287,24,,0,0,10.435,0
18310101003102005102,02:00:00,02:00:00,287,1,,0,0,0.0,0
18310101003102005102,02:01:00,02:01:00,362,2,,0,0,0.25,0
18310101003102005102,02:02:50,02:02:50,588,3,,0,0,1.004,0
18310101003102005102,02:03:20,02:03:20,364,4,,0,0,1.322,0
18310101003102005102,02:04:14,02:04:14,365,5,,0,0,1.755,0
18310101003102005102,02:07:08,02:07:08,46,6,,0,0,3.554,0
18310101003102005102,02:08:28,02:08:28,45,7,,0,0,3.961,0
18310101003102005102,02:09:43,02:09:43,44,8,,0,0,4.268,0
18310101003102005102,02:11:19,02:11:19,43,9,,0,0,4.863,0
18310101003102005102,02:12:51,02:12:51,42,10,,0,0,5.203,0
18310101003102005102,02:14:01,02:14:01,41,11,,0,0,5.397,0
18310101003102005102,02:15:09,02:15:09,40,12,,0,0,5.625,0
18310101003102005102,02:17:38,02:17:38,39,13,,0,0,6.741,0
18310101003102005102,02:19:39,02:19:39,225,14,,0,0,7.26,0
18310101003102005102,02:21:59,02:21:59,37,15,,0,0,7.644,0
18310101003102005102,02:24:06,02:24:06,34,16,,0,0,8.063,0
18310101003102305101,02:30:00,02:30:00,34,1,,0,0,0.0,0
18310101003102305101,02:32:36,02:32:36,35,2,,0,0,0.672,0
18310101003102305101,02:34:56,02:34:56,36,3,,0,0,1.097,0
18310101003102305101,02:38:07,02:38:07,239,4,,0,0,2.397,0
18310101003102305101,02:39:28,02:39:28,240,5,,0,0,2.646,0
18310101003102305101,02:40:50,02:40:50,241,6,,0,0,3.038,0
18310101003102305101,02:42:25,02:42:25,242,7,,0,0,3.462,0
18310101003102305101,02:43:37,02:43:37,244,8,,0,0,3.921,0
18310101003102305101,02:44:19,02:44:19,246,9,,0,0,4.141,0
18310101003102305101,02:45:12,02:45:12,248,10,,0,0,4.406,0
18310101003102305101,02:45:36,02:45:36,635,11,,0,0,4.623,0
18310101003102305101,02:46:02,02:46:02,373,12,,0,0,4.772,0
18310101003102305101,02:47:00,02:47:00,281,13,,0,0,5.194,0
18310101003102305101,02:47:53,02:47:53,50,14,,0,0,5.556,0
18310101003102305101,02:49:01,02:49:01,279,15,,0,0,6.031,0
18310101003102305101,02:50:36,02:50:36,353,16,,0,0,7.217,0
18310101003102305101,02:52:01,02:52:01,354,17,,0,0,7.781,0
18310101003102305101,02:53:01,02:53:01,599,18,,0,0,8.031,0
18310101003102305101,02:53:52,02:53:52,355,19,,0,0,8.402,0
18310101003102305101,02:54:41,02:54:41,356,20,,0,0,8.704,0
18310101003102305101,02:55:32,02:55:32,360,21,,0,0,8.996,0
18310101003102305101,02:56:37,02:56:37,361,22,,0,0,9.443,0
18310101003102305101,02:57:13,02:57:13,358,23,,0,0,9.622,0
18310101003102305101,02:58:26,02:58:26,287,24,,0,0,10.435,0
18310101003103005102,03:00:00,03:00:00,287,1,,0,0,0.0,0
18310101003103005102,03:01:00,03:01:00,362,2,,0,0,0.25,0
18310101003103005102,03:02:50,03:02:50,588,3,,0,0,1.004,0
18310101003103005102,03:03:20,03:03:20,364,4,,0,0,1.322,0
18310101003103005102,03:04:14,03:04:14,365,5,,0,0,1.755,0
18310101003103005102,03:07:08,03:07:08,46,6,,0,0,3.554,0
18310101003103005102,03:08:28,03:08:28,45,7,,0,0,3.961,0
18310101003103005102,03:09:43,03:09:43,44,8,,0,0,4.268,0
18310101003103005102,03:11:19,03:11:19,43,9,,0,0,4.863,0
18310101003103005102,03:12:51,03:12:51,42,10,,0,0,5.203,0
18310101003103005102,03:14:01,03:14:01,41,11,,0,0,5.397,0
18310101003103005102,03:15:09,03:15:09,40,12,,0,0,5.625,0
18310101003103005102,03:17:38,03:17:38,39,13,,0,0,6.741,0
18310101003103005102,03:19:39,03:19:39,225,14,,0,0,7.26,0
18310101003103005102,03:21:59,03:21:59,37,15,,0,0,7.644,0
18310101003103005102,03:24:06,03:24:06,34,16,,0,0,8.063,0
18310101003103305101,03:30:00,03:30:00,34,1,,0,0,0.0,0
18310101003103305101,03:32:36,03:32:36,35,2,,0,0,0.672,0
18310101003103305101,03:34:56,03:34:56,36,3,,0,0,1.097,0
18310101003103305101,03:38:07,03:38:07,239,4,,0,0,2.397,0
18310101003103305101,03:39:28,03:39:28,240,5,,0,0,2.646,0
18310101003103305101,03:40:50,03:40:50,241,6,,0,0,3.038,0
18310101003103305101,03:42:25,03:42:25,242,7,,0,0,3.462,0
18310101003103305101,03:43:37,03:43:37,244,8,,0,0,3.921,0
18310101003103305101,03:44:19,03:44:19,246,9,,0,0,4.141,0
18310101003103305101,03:45:12,03:45:12,248,10,,0,0,4.406,0
18310101003103305101,03:45:36,03:45:36,635,11,,0,0,4.623,0
18310101003103305101,03:46:02,03:46:02,373,12,,0,0,4.772,0
18310101003103305101,03:47:00,03:47:00,281,13,,0,0,5.194,0
18310101003103305101,03:47:53,03:47:53,50,14,,0,0,5.556,0
18310101003103305101,03:49:01,03:49:01,279,15,,0,0,6.031,0
18310101003103305101,03:50:36,03:50:36,353,16,,0,0,7.217,0
18310101003103305101,03:52:01,03:52:01,354,17,,0,0,7.781,0
18310101003103305101,03:53:01,03:53:01,599,18,,0,0,8.031,0
18310101003103305101,03:57:13,03:57:13,358,19,,0,0,8.402,0
18310101003103305101,03:58:26,03:58:26,287,20,,0,0,9.215,0
18310102003000305101,00:30:00,00:30:00,79,1,,0,0,0.0,0
18310102003000305101,00:32:54,00:32:54,208,2,,0,0,0.579,0
18310102003000305101,00:34:45,00:34:45,341,3,,0,0,1.022,0
18310102003000305101,00:35:57,00:35:57,213,4,,0,0,1.359,0
18310102003000305101,00:36:47,00:36:47,291,5,,0,0,1.718,0
18310102003000305101,00:37:54,00:37:54,292,6,,0,0,2.198,0
18310102003000305101,00:38:37,00:38:37,307,7,,0,0,2.328,0
18310102003000305101,00:39:08,00:39:08,293,8,,0,0,2.5,0
18310102003000305101,00:39:46,00:39:46,294,9,,0,0,2.646,0
18310102003000305101,00:40:38,00:40:38,295,10,,0,0,2.949,0
18310102003000305101,00:41:20,00:41:20,296,11,,0,0,3.164,0
18310102003000305101,00:42:19,00:42:19,218,12,,0,0,3.441,0
18310102003000305101,00:43:03,00:43:03,219,13,,0,0,3.738,0
18310102003000305101,00:43:40,00:43:40,220,14,,0,0,3.966,0
18310102003000305101,00:44:31,00:44:31,221,15,,0,0,4.258,0
18310102003000455102,00:45:00,00:45:00,221,1,,0,0,0.0,0
18310102003000455102,00:45:50,00:45:50,222,2,,0,0,0.181,0
18310102003000455102,00:46:19,00:46:19,223,3,,0,0,0.415,0
18310102003000455102,00:46:57,00:46:57,224,4,,0,0,0.739,0
18310102003000455102,00:47:28,00:47:28,596,5,,0,0,0.924,0
18310102003000455102,00:48:39,00:48:39,597,6,,0,0,1.243,0
18310102003000455102,00:49:47,00:49:47,430,7,,0,0,1.5,0
18310102003000455102,00:50:56,00:50:56,432,8,,0,0,1.804,0
18310102003000455102,00:51:37,00:51:37,569,9,,0,0,2.133,0
18310102003000455102,00:52:16,00:52:16,226,10,,0,0,2.463,0
18310102003000455102,00:52:56,00:52:56,227,11,,0,0,2.783,0
18310102003000455102,00:53:31,00:53:31,228,12,,0,0,2.928,0
18310102003000455102,00:54:54,00:54:54,229,13,,0,0,3.554,0
18310102003000455102,00:57:08,00:57:08,297,14,,0,0,3.965,0
18310102003000455102,00:58:42,00:58:42,37,15,,0,0,4.727,0
18310102003000455102,01:00:00,01:00:00,79,16,,0,0,5.099,0
18310102003001005101,01:00:00,01:00:00,79,1,,0,0,0.0,0
18310102003001005101,01:02:54,01:02:54,208,2,,0,0,0.579,0
18310102003001005101,01:04:45,01:04:45,341,3,,0,0,1.022,0
18310102003001005101,01:05:57,01:05:57,213,4,,0,0,1.359,0
18310102003001005101,01:06:47,01:06:47,291,5,,0,0,1.718,0
18310102003001005101,01:07:54,01:07:54,292,6,,0,0,2.198,0
18310102003001005101,01:08:37,01:08:37,307,7,,0,0,2.328,0
18310102003001005101,01:09:08,01:09:08,293,8,,0,0,2.5,0
18310102003001005101,01:09:46,01:09:46,294,9,,0,0,2.646,0
18310102003001005101,01:10:38,01:10:38,295,10,,0,0,2.949,0
18310102003001005101,01:11:20,01:11:20,296,11,,0,0,3.164,0
18310102003001005101,01:12:19,01:12:19,218,12,,0,0,3.441,0
18310102003001005101,01:13:03,01:13:03,219,13,,0,0,3.738,0
18310102003001005101,01:13:40,01:13:40,220,14,,0,0,3.966,0
18310102003001005101,01:14:31,01:14:31,221,15,,0,0,4.258,0
18310102003001155102,01:15:00,01:15:00,221,1,,0,0,0.0,0
18310102003001155102,01:15:50,01:15:50,222,2,,0,0,0.181,0
18310102003001155102,01:16:19,01:16:19,223,3,,0,0,0.415,0
18310102003001155102,01:16:57,01:16:57,224,4,,0,0,0.739,0
18310102003001155102,01:17:28,01:17:28,596,5,,0,0,0.924,0
18310102003001155102,01:18:39,01:18:39,597,6,,0,0,1.243,0
18310102003001155102,01:19:47,01:19:47,430,7,,0,0,1.5,0
18310102003001155102,01:20:56,01:20:56,432,8,,0,0,1.804,0
18310102003001155102,01:21:37,01:21:37,569,9,,0,0,2.133,0
18310102003001155102,01:22:16,01:22:16,226,10,,0,0,2.463,0
18310102003001155102,01:22:56,01:22:56,227,11,,0,0,2.783,0
18310102003001155102,01:23:31,01:23:31,228,12,,0,0,2.928,0
18310102003001155102,01:24:54,01:24:54,229,13,,0,0,3.554,0
18310102003001155102,01:27:08,01:27:08,297,14,,0,0,3.965,0
18310102003001155102,01:28:42,01:28:42,37,15,,0,0,4.727,0
18310102003001155102,01:30:00,01:30:00,79,16,,0,0,5.099,0
18310102003001305101,01:30:00,01:30:00,79,1,,0,0,0.0,0
18310102003001305101,01:32:54,01:32:54,208,2,,0,0,0.579,0
18310102003001305101,01:34:45,01:34:45,341,3,,0,0,1.022,0
18310102003001305101,01:35:57,01:35:57,213,4,,0,0,1.359,0
18310102003001305101,01:36:47,01:36:47,291,5,,0,0,1.718,0
18310102003001305101,01:37:54,01:37:54,292,6,,0,0,2.198,0
18310102003001305101,01:38:37,01:38:37,307,7,,0,0,2.328,0
18310102003001305101,01:39:08,01:39:08,293,8,,0,0,2.5,0
18310102003001305101,01:39:46,01:39:46,294,9,,0,0,2.646,0
18310102003001305101,01:40:38,01:40:38,295,10,,0,0,2.949,0
18310102003001305101,01:41:20,01:41:20,296,11,,0,0,3.164,0
18310102003001305101,01:42:19,01:42:19,218,12,,0,0,3.441,0
18310102003001305101,01:43:03,01:43:03,219,13,,0,0,3.738,0
18310102003001305101,01:43:40,01:43:40,220,14,,0,0,3.966,0
18310102003001305101,01:44:31,01:44:31,221,15,,0,0,4.258,0
18310102003001455102,01:45:00,01:45:00,221,1,,0,0,0.0,0
18310102003001455102,01:45:50,01:45:50,222,2,,0,0,0.181,0
18310102003001455102,01:46:19,01:46:19,223,3,,0,0,0.415,0
18310102003001455102,01:46:57,01:46:57,224,4,,0,0,0.739,0
18310102003001455102,01:47:28,01:47:28,596,5,,0,0,0.924,0
18310102003001455102,01:48:39,01:48:39,597,6,,0,0,1.243,0
18310102003001455102,01:49:47,01:49:47,430,7,,0,0,1.5,0
18310102003001455102,01:50:56,01:50:56,432,8,,0,0,1.804,0
18310102003001455102,01:51:37,01:51:37,569,9,,0,0,2.133,0
18310102003001455102,01:52:16,01:52:16,226,10,,0,0,2.463,0
18310102003001455102,01:52:56,01:52:56,227,11,,0,0,2.783,0
18310102003001455102,01:53:31,01:53:31,228,12,,0,0,2.928,0
18310102003001455102,01:54:54,01:54:54,229,13,,0,0,3.554,0
18310102003001455102,01:57:08,01:57:08,297,14,,0,0,3.965,0
18310102003001455102,01:58:42,01:58:42,37,15,,0,0,4.727,0
18310102003001455102,02:00:00,02:00:00,79,16,,0,0,5.099,0
18310102003002005101,02:00:00,02:00:00,79,1,,0,0,0.0,0
18310102003002005101,02:02:54,02:02:54,208,2,,0,0,0.579,0
18310102003002005101,02:04:45,02:04:45,341,3,,0,0,1.022,0
18310102003002005101,02:05:57,02:05:57,213,4,,0,0,1.359,0
18310102003002005101,02:06:47,02:06:47,291,5,,0,0,1.718,0
18310102003002005101,02:07:54,02:07:54,292,6,,0,0,2.198,0
18310102003002005101,02:08:37,02:08:37,307,7,,0,0,2.328,0
18310102003002005101,02:09:08,02:09:08,293,8,,0,0,2.5,0
18310102003002005101,02:09:46,02:09:46,294,9,,0,0,2.646,0
18310102003002005101,02:10:38,02:10:38,295,10,,0,0,2.949,0
18310102003002005101,02:11:20,02:11:20,296,11,,0,0,3.164,0
18310102003002005101,02:12:19,02:12:19,218,12,,0,0,3.441,0
18310102003002005101,02:13:03,02:13:03,219,13,,0,0,3.738,0
18310102003002005101,02:13:40,02:13:40,220,14,,0,0,3.966,0
18310102003002005101,02:14:31,02:14:31,221,15,,0,0,4.258,0
18310102003002155102,02:15:00,02:15:00,221,1,,0,0,0.0,0
18310102003002155102,02:15:50,02:15:50,222,2,,0,0,0.181,0
18310102003002155102,02:16:19,02:16:19,223,3,,0,0,0.415,0
18310102003002155102,02:16:57,02:16:57,224,4,,0,0,0.739,0
18310102003002155102,02:17:28,02:17:28,596,5,,0,0,0.924,0
18310102003002155102,02:18:39,02:18:39,597,6,,0,0,1.243,0
18310102003002155102,02:19:47,02:19:47,430,7,,0,0,1.5,0
18310102003002155102,02:20:56,02:20:56,432,8,,0,0,1.804,0
18310102003002155102,02:21:37,02:21:37,569,9,,0,0,2.133,0
18310102003002155102,02:22:16,02:22:16,226,10,,0,0,2.463,0
18310102003002155102,02:22:56,02:22:56,227,11,,0,0,2.783,0
18310102003002155102,02:23:31,02:23:31,228,12,,0,0,2.928,0
18310102003002155102,02:24:54,02:24:54,229,13,,0,0,3.554,0
18310102003002155102,02:27:08,02:27:08,297,14,,0,0,3.965,0
18310102003100155102,00:15:00,00:15:00,221,1,,0,0,0.0,0
18310102003100155102,00:15:50,00:15:50,222,2,,0,0,0.181,0
18310102003100155102,00:16:19,00:16:19,223,3,,0,0,0.415,0
18310102003100155102,00:16:57,00:16:57,224,4,,0,0,0.739,0
18310102003100155102,00:17:28,00:17:28,596,5,,0,0,0.924,0
18310102003100155102,00:18:39,00:18:39,597,6,,0,0,1.243,0
18310102003100155102,00:19:47,00:19:47,430,7,,0,0,1.5,0
18310102003100155102,00:20:56,00:20:56,432,8,,0,0,1.804,0
18310102003100155102,00:21:37,00:21:37,569,9,,0,0,2.133,0
18310102003100155102,00:22:16,00:22:16,226,10,,0,0,2.463,0
18310102003100155102,00:22:56,00:22:56,227,11,,0,0,2.783,0
18310102003100155102,00:23:31,00:23:31,228,12,,0,0,2.928,0
18310102003100155102,00:24:54,00:24:54,229,13,,0,0,3.554,0
18310102003100155102,00:27:08,00:27:08,297,14,,0,0,3.965,0
18310102003202305101,02:30:00,02:30:00,79,1,,0,0,0.0,0
18310102003202305101,02:32:54,02:32:54,208,2,,0,0,0.579,0
18310102003202305101,02:34:45,02:34:45,341,3,,0,0,1.022,0
18310102003202305101,02:35:57,02:35:57,213,4,,0,0,1.359,0
18310102003202305101,02:36:47,02:36:47,291,5,,0,0,1.718,0
18310102003202305101,02:37:54,02:37:54,292,6,,0,0,2.198,0
18310102003202305101,02:38:37,02:38:37,307,7,,0,0,2.328,0
18310102003202305101,02:39:08,02:39:08,293,8,,0,0,2.5,0
18310102003202305101,02:39:46,02:39:46,294,9,,0,0,2.646,0
18310102003202305101,02:40:38,02:40:38,295,10,,0,0,2.949,0
18310102003202305101,02:41:20,02:41:20,296,11,,0,0,3.164,0
18310102003202305101,02:42:19,02:42:19,218,12,,0,0,3.441,0
18310102003202305101,02:43:03,02:43:03,219,13,,0,0,3.738,0
18310102003202305101,02:43:40,02:43:40,220,14,,0,0,3.966,0
18310102003202305101,02:44:31,02:44:31,221,15,,0,0,4.258,0
18310102003202455102,02:45:00,02:45:00,221,1,,0,0,0.0,0
18310102003202455102,02:45:50,02:45:50,222,2,,0,0,0.181,0
18310102003202455102,02:46:19,02:46:19,223,3,,0,0,0.415,0
18310102003202455102,02:46:57,02:46:57,224,4,,0,0,0.739,0
18310102003202455102,02:47:28,02:47:28,596,5,,0,0,0.924,0
18310102003202455102,02:48:39,02:48:39,597,6,,0,0,1.243,0
18310102003202455102,02:49:47,02:49:47,430,7,,0,0,1.5,0
18310102003202455102,02:50:56,02:50:56,432,8,,0,0,1.804,0
18310102003202455102,02:51:37,02:51:37,569,9,,0,0,2.133,0
18310102003202455102,02:52:16,02:52:16,226,10,,0,0,2.463,0
18310102003202455102,02:52:56,02:52:56,227,11,,0,0,2.783,0
18310102003202455102,02:53:31,02:53:31,228,12,,0,0,2.928,0
18310102003202455102,02:54:54,02:54:54,229,13,,0,0,3.554,0
18310102003202455102,02:57:08,02:57:08,297,14,,0,0,3.965,0
18310102003202455102,02:58:42,02:58:42,37,15,,0,0,4.727,0
18310102003202455102,03:00:00,03:00:00,79,16,,0,0,5.099,0
18310102003203005101,03:00:00,03:00:00,79,1,,0,0,0.0,0
18310102003203005101,03:02:54,03:02:54,208,2,,0,0,0.579,0
18310102003203005101,03:04:45,03:04:45,341,3,,0,0,1.022,0
18310102003203005101,03:05:57,03:05:57,213,4,,0,0,1.359,0
18310102003203005101,03:06:47,03:06:47,291,5,,0,0,1.718,0
18310102003203005101,03:07:54,03:07:54,292,6,,0,0,2.198,0
18310102003203005101,03:08:37,03:08:37,307,7,,0,0,2.328,0
18310102003203005101,03:09:08,03:09:08,293,8,,0,0,2.5,0
18310102003203005101,03:09:46,03:09:46,294,9,,0,0,2.646,0
18310102003203005101,03:10:38,03:10:38,295,10,,0,0,2.949,0
18310102003203005101,03:11:20,03:11:20,296,11,,0,0,3.164,0
18310102003203005101,03:12:19,03:12:19,218,12,,0,0,3.441,0
18310102003203005101,03:13:03,03:13:03,219,13,,0,0,3.738,0
18310102003203005101,03:13:40,03:13:40,220,14,,0,0,3.966,0
18310102003203005101,03:14:31,03:14:31,221,15,,0,0,4.258,0
18310102003203155102,03:15:00,03:15:00,221,1,,0,0,0.0,0
18310102003203155102,03:15:50,03:15:50,222,2,,0,0,0.181,0
18310102003203155102,03:16:19,03:16:19,223,3,,0,0,0.415,0
18310102003203155102,03:16:57,03:16:57,224,4,,0,0,0.739,0
18310102003203155102,03:17:28,03:17:28,596,5,,0,0,0.924,0
18310102003203155102,03:18:39,03:18:39,597,6,,0,0,1.243,0
18310102003203155102,03:19:47,03:19:47,430,7,,0,0,1.5,0
18310102003203155102,03:20:56,03:20:56,432,8,,0,0,1.804,0
18310102003203155102,03:21:37,03:21:37,569,9,,0,0,2.133,0
18310102003203155102,03:22:16,03:22:16,226,10,,0,0,2.463,0
18310102003203155102,03:22:56,03:22:56,227,11,,0,0,2.783,0
18310102003203155102,03:23:31,03:23:31,228,12,,0,0,2.928,0
18310102003203155102,03:24:54,03:24:54,229,13,,0,0,3.554,0
18310102003203155102,03:27:08,03:27:08,297,14,,0,0,3.965,0
18310102003203155102,03:28:42,03:28:42,37,15,,0,0,4.727,0
18310102003203155102,03:30:00,03:30:00,79,16,,0,0,5.099,0
18310102003203305101,03:30:00,03:30:00,79,1,,0,0,0.0,0
18310102003203305101,03:32:54,03:32:54,208,2,,0,0,0.579,0
18310102003203305101,03:34:45,03:34:45,341,3,,0,0,1.022,0
18310102003203305101,03:35:57,03:35:57,213,4,,0,0,1.359,0
18310102003203305101,03:36:47,03:36:47,291,5,,0,0,1.718,0
18310102003203305101,03:37:54,03:37:54,292,6,,0,0,2.198,0
18310102003203305101,03:38:37,03:38:37,307,7,,0,0,2.328,0
18310102003203305101,03:39:08,03:39:08,293,8,,0,0,2.5,0
18310102003203305101,03:39:46,03:39:46,294,9,,0,0,2.646,0
18310102003203305101,03:40:38,03:40:38,295,10,,0,0,2.949,0
18310102003203305101,03:41:20,03:41:20,296,11,,0,0,3.164,0
18310102003203305101,03:42:19,03:42:19,218,12,,0,0,3.441,0
18310102003203305101,03:43:03,03:43:03,219,13,,0,0,3.738,0
18310102003203305101,03:43:40,03:43:40,220,14,,0,0,3.966,0
18310102003203305101,03:44:31,03:44:31,221,15,,0,0,4.258,0
18310102003203455102,03:45:00,03:45:00,221,1,,0,0,0.0,0
18310102003203455102,03:45:50,03:45:50,222,2,,0,0,0.181,0
18310102003203455102,03:46:19,03:46:19,223,3,,0,0,0.415,0
18310102003203455102,03:46:57,03:46:57,224,4,,0,0,0.739,0
18310102003203455102,03:47:28,03:47:28,596,5,,0,0,0.924,0
18310102003203455102,03:48:39,03:48:39,597,6,,0,0,1.243,0
18310102003203455102,03:49:47,03:49:47,430,7,,0,0,1.5,0
18310102003203455102,03:50:56,03:50:56,432,8,,0,0,1.804,0
18310102003203455102,03:51:37,03:51:37,569,9,,0,0,2.133,0
18310102003203455102,03:52:16,03:52:16,226,10,,0,0,2.463,0
18310102003203455102,03:52:56,03:52:56,227,11,,0,0,2.783,0
18310102003203455102,03:53:31,03:53:31,228,12,,0,0,2.928,0
18310102003203455102,03:54:54,03:54:54,229,13,,0,0,3.554,0
18310102003203455102,03:57:08,03:57:08,297,14,,0,0,3.965,0
18310102003203455102,03:58:42,03:58:42,37,15,,0,0,4.727,0
18310102003203455102,04:00:00,04:00:00,79,16,,0,0,5.099,0
18310102003204005101,04:00:00,04:00:00,79,1,,0,0,0.0,0
18310102003204005101,04:02:54,04:02:54,208,2,,0,0,0.579,0
18310102003204005101,04:04:45,04:04:45,341,3,,0,0,1.022,0
18310102003204005101,04:05:57,04:05:57,213,4,,0,0,1.359,0
18310102003204005101,04:06:47,04:06:47,291,5,,0,0,1.718,0
18310102003204005101,04:07:54,04:07:54,292,6,,0,0,2.198,0
18310102003204005101,04:08:37,04:08:37,307,7,,0,0,2.328,0
18310102003204005101,04:09:08,04:09:08,293,8,,0,0,2.5,0
18310102003204005101,04:09:46,04:09:46,294,9,,0,0,2.646,0
18310102003204005101,04:10:38,04:10:38,295,10,,0,0,2.949,0
18310102003204005101,04:11:20,04:11:20,296,11,,0,0,3.164,0
18310103003000205102,00:20:00,00:20:00,92,1,,0,0,0.0,0
18310103003000205102,00:21:26,00:21:26,93,2,,0,0,0.378,0
18310103003000205102,00:22:33,00:22:33,369,3,,0,0,0.68,0
18310103003000205102,00:23:50,00:23:50,95,4,,0,0,1.017,0
18310103003000205102,00:25:10,00:25:10,65,5,,0,0,2.029,0
18310103003000205102,00:26:00,00:26:00,66,6,,0,0,2.205,0
18310103003000205102,00:26:50,00:26:50,67,7,,0,0,2.463,0
18310103003000205102,00:27:54,00:27:54,68,8,,0,0,2.731,0
18310103003000205102,00:28:54,00:28:54,69,9,,0,0,3.116,0
18310103003000205102,00:29:33,00:29:33,524,10,,0,0,3.282,0
18310103003000205102,00:30:14,00:30:14,70,11,,0,0,3.489,0
18310103003000205102,00:31:00,00:31:00,71,12,,0,0,3.751,0
18310103003000205102,00:31:41,00:31:41,72,13,,0,0,4.018,0
18310103003000205102,00:32:32,00:32:32,73,14,,0,0,4.312,0
18310103003000205102,00:33:02,00:33:02,96,15,,0,0,4.843,0
18310103003000205102,00:33:51,00:33:51,286,16,,0,0,5.172,0
18310103003000205102,00:34:35,00:34:35,97,17,,0,0,5.493,0
18310103003000205102,00:35:28,00:35:28,98,18,,0,0,5.712,0
18310103003000205102,00:36:48,00:36:48,288,19,,0,0,6.007,0
18310103003000205102,00:38:28,00:38:28,100,20,,0,0,6.321,0
18310103003000205102,00:39:44,00:39:44,101,21,,0,0,6.617,0
18310103003000205102,00:41:50,00:41:50,494,22,,0,0,7.001,0
18310103003000205102,00:43:02,00:43:02,77,23,,0,0,7.236,0
18310103003000205102,00:45:28,00:45:28,56,24,,0,0,7.725,0
18310103003001005101,01:00:00,01:00:00,56,1,,0,0,0.0,0
18310103003001005101,01:03:57,01:03:57,80,2,,0,0,0.631,0
18310103003001005101,01:06:37,01:06:37,81,3,,0,0,1.38,0
18310103003001005101,01:08:15,01:08:15,82,4,,0,0,1.659,0
18310103003001005101,01:09:16,01:09:16,83,5,,0,0,1.93,0
18310103003001005101,01:10:25,01:10:25,84,6,,0,0,2.111,0
18310103003001005101,01:11:39,01:11:39,85,7,,0,0,2.37,0
18310103003001005101,01:12:24,01:12:24,86,8,,0,0,2.546,0
18310103003001005101,01:13:34,01:13:34,87,9,,0,0,2.897,0
18310103003001005101,01:15:12,01:15:12,88,10,,0,0,3.317,0
18310103003001005101,01:16:15,01:16:15,89,11,,0,0,3.568,0
18310103003001005101,01:17:15,01:17:15,90,12,,0,0,3.825,0
18310103003001005101,01:18:22,01:18:22,91,13,,0,0,4.159,0
18310103003001005101,01:19:44,01:19:44,92,14,,0,0,4.576,0
18310103003001205102,01:20:00,01:20:00,92,1,,0,0,0.0,0
18310103003001205102,01:21:26,01:21:26,93,2,,0,0,0.378,0
18310103003001205102,01:22:33,01:22:33,369,3,,0,0,0.68,0
18310103003001205102,01:23:50,01:23:50,95,4,,0,0,1.017,0
18310103003001205102,01:25:10,01:25:10,65,5,,0,0,2.029,0
18310103003001205102,01:26:00,01:26:00,66,6,,0,0,2.205,0
18310103003001205102,01:26:50,01:26:50,67,7,,0,0,2.463,0
18310103003001205102,01:27:54,01:27:54,68,8,,0,0,2.731,0
18310103003001205102,01:28:54,01:28:54,69,9,,0,0,3.116,0
18310103003001205102,01:29:33,01:29:33,524,10,,0,0,3.282,0
18310103003001205102,01:30:14,01:30:14,70,11,,0,0,3.489,0
18310103003001205102,01:31:00,01:31:00,71,12,,0,0,3.751,0
18310103003001205102,01:31:41,01:31:41,72,13,,0,0,4.018,0
18310103003001205102,01:32:32,01:32:32,73,14,,0,0,4.312,0
18310103003001205102,01:33:02,01:33:02,96,15,,0,0,4.843,0
18310103003001205102,01:33:51,01:33:51,286,16,,0,0,5.172,0
18310103003001205102,01:34:35,01:34:35,97,17,,0,0,5.493,0
18310103003001205102,01:35:28,01:35:28,98,18,,0,0,5.712,0
18310103003001205102,01:36:48,01:36:48,288,19,,0,0,6.007,0
18310103003001205102,01:38:28,01:38:28,100,20,,0,0,6.321,0
18310103003001205102,01:39:44,01:39:44,101,21,,0,0,6.617,0
18310103003001205102,01:41:50,01:41:50,494,22,,0,0,7.001,0
18310103003001205102,01:43:02,01:43:02,77,23,,0,0,7.236,0
18310103003001205102,01:45:28,01:45:28,56,24,,0,0,7.725,0
18310103003002005101,02:00:00,02:00:00,56,1,,0,0,0.0,0
18310103003002005101,02:03:57,02:03:57,80,2,,0,0,0.631,0
18310103003002005101,02:06:37,02:06:37,81,3,,0,0,1.38,0
18310103003002005101,02:08:15,02:08:15,82,4,,0,0,1.659,0
18310103003002005101,02:09:16,02:09:16,83,5,,0,0,1.93,0
18310103003002005101,02:10:25,02:10:25,84,6,,0,0,2.111,0
18310103003002005101,02:11:39,02:11:39,85,7,,0,0,2.37,0
18310103003002005101,02:12:24,02:12:24,86,8,,0,0,2.546,0
18310103003002005101,02:13:34,02:13:34,87,9,,0,0,2.897,0
18310103003002005101,02:15:12,02:15:12,88,10,,0,0,3.317,0
18310103003002005101,02:16:15,02:16:15,89,11,,0,0,3.568,0
18310103003002005101,02:17:15,02:17:15,90,12,,0,0,3.825,0
18310103003002005101,02:18:22,02:18:22,91,13,,0,0,4.159,0
18310103003002005101,02:19:44,02:19:44,92,14,,0,0,4.576,0
18310103003002205102,02:20:00,02:20:00,92,1,,0,0,0.0,0
18310103003002205102,02:21:26,02:21:26,93,2,,0,0,0.378,0
18310103003002205102,02:22:33,02:22:33,369,3,,0,0,0.68,0
18310103003002205102,02:23:50,02:23:50,95,4,,0,0,1.017,0
18310103003002205102,02:25:10,02:25:10,65,5,,0,0,2.029,0
18310103003002205102,02:26:00,02:26:00,66,6,,0,0,2.205,0
18310103003002205102,02:26:50,02:26:50,67,7,,0,0,2.463,0
18310103003002205102,02:27:54,02:27:54,68,8,,0,0,2.731,0
18310103003002205102,02:28:54,02:28:54,69,9,,0,0,3.116,0
18310103003002205102,02:29:33,02:29:33,524,10,,0,0,3.282,0
18310103003002205102,02:30:14,02:30:14,70,11,,0,0,3.489,0
18310103003002205102,02:31:00,02:31:00,71,12,,0,0,3.751,0
18310103003002205102,02:31:41,02:31:41,72,13,,0,0,4.018,0
18310103003002205102,02:32:32,02:32:32,73,14,,0,0,4.312,0
18310103003002205102,02:33:02,02:33:02,96,15,,0,0,4.843,0
18310103003002205102,02:33:51,02:33:51,286,16,,0,0,5.172,0
18310103003002205102,02:34:35,02:34:35,97,17,,0,0,5.493,0
18310103003002205102,02:35:28,02:35:28,98,18,,0,0,5.712,0
18310103003002205102,02:36:48,02:36:48,288,19,,0,0,6.007,0
18310103003002205102,02:38:28,02:38:28,100,20,,0,0,6.321,0
18310103003002205102,02:39:44,02:39:44,101,21,,0,0,6.617,0
18310103003002205102,02:41:50,02:41:50,494,22,,0,0,7.001,0
18310103003002205102,02:43:02,02:43:02,77,23,,0,0,7.236,0
18310103003002205102,02:45:28,02:45:28,56,24,,0,0,7.725,0
18310103003003005101,03:00:00,03:00:00,56,1,,0,0,0.0,0
18310103003003005101,03:03:57,03:03:57,80,2,,0,0,0.631,0
18310103003003005101,03:06:37,03:06:37,81,3,,0,0,1.38,0
18310103003003005101,03:08:15,03:08:15,82,4,,0,0,1.659,0
18310103003003005101,03:09:16,03:09:16,83,5,,0,0,1.93,0
18310103003003005101,03:10:25,03:10:25,84,6,,0,0,2.111,0
18310103003003005101,03:11:39,03:11:39,85,7,,0,0,2.37,0
18310103003003005101,03:12:24,03:12:24,86,8,,0,0,2.546,0
18310103003003005101,03:13:34,03:13:34,87,9,,0,0,2.897,0
18310103003003005101,03:15:12,03:15:12,88,10,,0,0,3.317,0
18310103003003005101,03:16:15,03:16:15,89,11,,0,0,3.568,0
18310103003003005101,03:17:15,03:17:15,90,12,,0,0,3.825,0
18310103003003005101,03:18:22,03:18:22,91,13,,0,0,4.159,0
18310103003003005101,03:19:44,03:19:44,92,14,,0,0,4.576,0
18310103003003205102,03:20:00,03:20:00,92,1,,0,0,0.0,0
18310103003003205102,03:21:26,03:21:26,93,2,,0,0,0.378,0
18310103003003205102,03:22:33,03:22:33,369,3,,0,0,0.68,0
18310103003003205102,03:23:50,03:23:50,95,4,,0,0,1.017,0
18310103003003205102,03:25:10,03:25:10,65,5,,0,0,2.029,0
18310103003003205102,03:26:00,03:26:00,66,6,,0,0,2.205,0
18310103003003205102,03:26:50,03:26:50,67,7,,0,0,2.463,0
18310103003003205102,03:27:54,03:27:54,68,8,,0,0,2.731,0
18310103003003205102,03:28:54,03:28:54,69,9,,0,0,3.116,0
18310103003003205102,03:29:33,03:29:33,524,10,,0,0,3.282,0
18310103003003205102,03:30:14,03:30:14,70,11,,0,0,3.489,0
18310103003003205102,03:31:00,03:31:00,71,12,,0,0,3.751,0
18310103003003205102,03:31:41,03:31:41,72,13,,0,0,4.018,0
18310103003003205102,03:32:32,03:32:32,73,14,,0,0,4.312,0
18310103003003205102,03:33:02,03:33:02,96,15,,0,0,4.843,0
18310103003003205102,03:33:51,03:33:51,286,16,,0,0,5.172,0
18310103003003205102,03:34:35,03:34:35,97,17,,0,0,5.493,0
18310103003003205102,03:35:28,03:35:28,98,18,,0,0,5.712,0
18310103003003205102,03:36:48,03:36:48,288,19,,0,0,6.007,0
18310103003003205102,03:38:28,03:38:28,100,20,,0,0,6.321,0
18310103003003205102,03:39:44,03:39:44,101,21,,0,0,6.617,0
18310103003003205102,03:41:50,03:41:50,494,22,,0,0,7.001,0
18310103003003205102,03:43:02,03:43:02,77,23,,0,0,7.236,0
18310103003003205102,03:45:28,03:45:28,56,24,,0,0,7.725,0
18310103003004005101,04:00:00,04:00:00,56,1,,0,0,0.0,0
18310103003004005101,04:03:57,04:03:57,80,2,,0,0,0.631,0
18310103003004005101,04:06:37,04:06:37,81,3,,0,0,1.38,0
18310103003004005101,04:08:15,04:08:15,82,4,,0,0,1.659,0
18310103003004005101,04:09:16,04:09:16,83,5,,0,0,1.93,0
18310103003004005101,04:10:25,04:10:25,84,6,,0,0,2.111,0
18310103003004005101,04:11:39,04:11:39,85,7,,0,0,2.37,0
18310103003004005101,04:12:24,04:12:24,86,8,,0,0,2.546,0
18310103003004005101,04:13:34,04:13:34,87,9,,0,0,2.897,0
18310103003004005101,04:15:12,04:15:12,88,10,,0,0,3.317,0
18310103003004005101,04:16:15,04:16:15,89,11,,0,0,3.568,0
18310103003004005101,04:17:15,04:17:15,90,12,,0,0,3.825,0
18310103003004005101,04:18:22,04:18:22,91,13,,0,0,4.159,0
18310103003100305101,00:30:00,00:30:00,56,1,,0,0,0.0,0
18310103003100305101,00:33:57,00:33:57,80,2,,0,0,0.631,0
18310103003100305101,00:36:37,00:36:37,81,3,,0,0,1.38,0
18310103003100305101,00:38:15,00:38:15,82,4,,0,0,1.659,0
18310103003100305101,00:39:16,00:39:16,83,5,,0,0,1.93,0
18310103003100305101,00:40:25,00:40:25,84,6,,0,0,2.111,0
18310103003100305101,00:41:39,00:41:39,85,7,,0,0,2.37,0
18310103003100305101,00:42:24,00:42:24,86,8,,0,0,2.546,0
18310103003100305101,00:43:34,00:43:34,87,9,,0,0,2.897,0
18310103003100305101,00:45:12,00:45:12,88,10,,0,0,3.317,0
18310103003100305101,00:46:15,00:46:15,89,11,,0,0,3.568,0
18310103003100305101,00:47:15,00:47:15,90,12,,0,0,3.825,0
18310103003100305101,00:48:22,00:48:22,91,13,,0,0,4.159,0
18310103003100305101,00:49:44,00:49:44,92,14,,0,0,4.576,0
18310103003100505102,00:50:00,00:50:00,92,1,,0,0,0.0,0
18310103003100505102,00:51:26,00:51:26,93,2,,0,0,0.378,0
18310103003100505102,00:52:33,00:52:33,369,3,,0,0,0.68,0
18310103003100505102,00:53:50,00:53:50,95,4,,0,0,1.017,0
18310103003100505102,00:55:10,00:55:10,65,5,,0,0,2.029,0
18310103003100505102,00:56:00,00:56:00,66,6,,0,0,2.205,0
18310103003100505102,00:56:50,00:56:50,67,7,,0,0,2.463,0
18310103003100505102,00:57:54,00:57:54,68,8,,0,0,2.731,0
18310103003100505102,00:58:54,00:58:54,69,9,,0,0,3.116,0
18310103003100505102,00:59:33,00:59:33,524,10,,0,0,3.282,0
18310103003100505102,01:00:14,01:00:14,70,11,,0,0,3.489,0
18310103003100505102,01:01:00,01:01:00,71,12,,0,0,3.751,0
18310103003100505102,01:01:41,01:01:41,72,13,,0,0,4.018,0
18310103003100505102,01:02:32,01:02:32,73,14,,0,0,4.312,0
18310103003100505102,01:03:02,01:03:02,96,15,,0,0,4.843,0
18310103003100505102,01:03:51,01:03:51,286,16,,0,0,5.172,0
18310103003100505102,01:04:35,01:04:35,97,17,,0,0,5.493,0
18310103003100505102,01:05:28,01:05:28,98,18,,0,0,5.712,0
18310103003100505102,01:06:48,01:06:48,288,19,,0,0,6.007,0
18310103003100505102,01:08:28,01:08:28,100,20,,0,0,6.321,0
18310103003100505102,01:09:44,01:09:44,101,21,,0,0,6.617,0
18310103003100505102,01:11:50,01:11:50,494,22,,0,0,7.001,0
18310103003100505102,01:13:02,01:13:02,77,23,,0,0,7.236,0
18310103003100505102,01:15:28,01:15:28,56,24,,0,0,7.725,0
18310103003101305101,01:30:00,01:30:00,56,1,,0,0,0.0,0
18310103003101305101,01:33:57,01:33:57,80,2,,0,0,0.631,0
18310103003101305101,01:36:37,01:36:37,81,3,,0,0,1.38,0
18310103003101305101,01:38:15,01:38:15,82,4,,0,0,1.659,0
18310103003101305101,01:39:16,01:39:16,83,5,,0,0,1.93,0
18310103003101305101,01:40:25,01:40:25,84,6,,0,0,2.111,0
18310103003101305101,01:41:39,01:41:39,85,7,,0,0,2.37,0
18310103003101305101,01:42:24,01:42:24,86,8,,0,0,2.546,0
18310103003101305101,01:43:34,01:43:34,87,9,,0,0,2.897,0
18310103003101305101,01:45:12,01:45:12,88,10,,0,0,3.317,0
18310103003101305101,01:46:15,01:46:15,89,11,,0,0,3.568,0
18310103003101305101,01:47:15,01:47:15,90,12,,0,0,3.825,0
18310103003101305101,01:48:22,01:48:22,91,13,,0,0,4.159,0
18310103003101305101,01:49:44,01:49:44,92,14,,0,0,4.576,0
18310103003101505102,01:50:00,01:50:00,92,1,,0,0,0.0,0
18310103003101505102,01:51:26,01:51:26,93,2,,0,0,0.378,0
18310103003101505102,01:52:33,01:52:33,369,3,,0,0,0.68,0
18310103003101505102,01:53:50,01:53:50,95,4,,0,0,1.017,0
18310103003101505102,01:55:10,01:55:10,65,5,,0,0,2.029,0
18310103003101505102,01:56:00,01:56:00,66,6,,0,0,2.205,0
18310103003101505102,01:56:50,01:56:50,67,7,,0,0,2.463,0
18310103003101505102,01:57:54,01:57:54,68,8,,0,0,2.731,0
18310103003101505102,01:58:54,01:58:54,69,9,,0,0,3.116,0
18310103003101505102,01:59:33,01:59:33,524,10,,0,0,3.282,0
18310103003101505102,02:00:14,02:00:14,70,11,,0,0,3.489,0
18310103003101505102,02:01:00,02:01:00,71,12,,0,0,3.751,0
18310103003101505102,02:01:41,02:01:41,72,13,,0,0,4.018,0
18310103003101505102,02:02:32,02:02:32,73,14,,0,0,4.312,0
18310103003101505102,02:03:02,02:03:02,96,15,,0,0,4.843,0
18310103003101505102,02:03:51,02:03:51,286,16,,0,0,5.172,0
18310103003101505102,02:04:35,02:04:35,97,17,,0,0,5.493,0
18310103003101505102,02:05:28,02:05:28,98,18,,0,0,5.712,0
18310103003101505102,02:06:48,02:06:48,288,19,,0,0,6.007,0
18310103003101505102,02:11:50,02:11:50,494,20,,0,0,6.321,0
18310103003202305101,02:30:00,02:30:00,56,1,,0,0,0.0,0
18310103003202305101,02:33:57,02:33:57,80,2,,0,0,0.631,0
18310103003202305101,02:36:37,02:36:37,81,3,,0,0,1.38,0
18310103003202305101,02:38:15,02:38:15,82,4,,0,0,1.659,0
18310103003202305101,02:39:16,02:39:16,83,5,,0,0,1.93,0
18310103003202305101,02:40:25,02:40:25,84,6,,0,0,2.111,0
18310103003202305101,02:41:39,02:41:39,85,7,,0,0,2.37,0
18310103003202305101,02:42:24,02:42:24,86,8,,0,0,2.546,0
18310103003202305101,02:43:34,02:43:34,87,9,,0,0,2.897,0
18310103003202305101,02:45:12,02:45:12,88,10,,0,0,3.317,0
18310103003202305101,02:46:15,02:46:15,89,11,,0,0,3.568,0
18310103003202305101,02:47:15,02:47:15,90,12,,0,0,3.825,0
18310103003202305101,02:48:22,02:48:22,91,13,,0,0,4.159,0
18310103003202305101,02:49:44,02:49:44,92,14,,0,0,4.576,0
18310103003202505102,02:50:00,02:50:00,92,1,,0,0,0.0,0
18310103003202505102,02:51:26,02:51:26,93,2,,0,0,0.378,0
18310103003202505102,02:52:33,02:52:33,369,3,,0,0,0.68,0
18310103003202505102,02:53:50,02:53:50,95,4,,0,0,1.017,0
18310103003202505102,02:55:10,02:55:10,65,5,,0,0,2.029,0
18310103003202505102,02:56:00,02:56:00,66,6,,0,0,2.205,0
18310103003202505102,02:56:50,02:56:50,67,7,,0,0,2.463,0
18310103003202505102,02:57:54,02:57:54,68,8,,0,0,2.731,0
18310103003202505102,02:58:54,02:58:54,69,9,,0,0,3.116,0
18310103003202505102,02:59:33,02:59:33,524,10,,0,0,3.282,0
18310103003202505102,03:00:14,03:00:14,70,11,,0,0,3.489,0
18310103003202505102,03:01:00,03:01:00,71,12,,0,0,3.751,0
18310103003202505102,03:01:41,03:01:41,72,13,,0,0,4.018,0
18310103003202505102,03:02:32,03:02:32,73,14,,0,0,4.312,0
18310103003202505102,03:03:02,03:03:02,96,15,,0,0,4.843,0
18310103003202505102,03:03:51,03:03:51,286,16,,0,0,5.172,0
18310103003202505102,03:04:35,03:04:35,97,17,,0,0,5.493,0
18310103003202505102,03:05:28,03:05:28,98,18,,0,0,5.712,0
18310103003202505102,03:06:48,03:06:48,288,19,,0,0,6.007,0
18310103003202505102,03:08:28,03:08:28,100,20,,0,0,6.321,0
18310103003202505102,03:09:44,03:09:44,101,21,,0,0,6.617,0
18310103003202505102,03:11:50,03:11:50,494,22,,0,0,7.001,0
18310103003202505102,03:13:02,03:13:02,77,23,,0,0,7.236,0
18310103003202505102,03:15:28,03:15:28,56,24,,0,0,7.725,0
18310103003203305101,03:30:00,03:30:00,56,1,,0,0,0.0,0
18310103003203305101,03:33:57,03:33:57,80,2,,0,0,0.631,0
18310103003203305101,03:36:37,03:36:37,81,3,,0,0,1.38,0
18310103003203305101,03:38:15,03:38:15,82,4,,0,0,1.659,0
18310103003203305101,03:39:16,03:39:16,83,5,,0,0,1.93,0
18310103003203305101,03:40:25,03:40:25,84,6,,0,0,2.111,0
18310103003203305101,03:41:39,03:41:39,85,7,,0,0,2.37,0
18310103003203305101,03:42:24,03:42:24,86,8,,0,0,2.546,0
18310103003203305101,03:43:34,03:43:34,87,9,,0,0,2.897,0
18310103003203305101,03:45:12,03:45:12,88,10,,0,0,3.317,0
18310103003203305101,03:46:15,03:46:15,89,11,,0,0,3.568,0
18310103003203305101,03:47:15,03:47:15,90,12,,0,0,3.825,0
18310103003203305101,03:48:22,03:48:22,91,13,,0,0,4.159,0
18310104003000305102,00:30:00,00:30:00,18,1,,0,0,0.0,0
18310104003000305102,00:31:09,00:31:09,586,2,,0,0,0.395,0
18310104003000305102,00:31:49,00:31:49,19,3,,0,0,0.64,0
18310104003000305102,00:32:39,00:32:39,20,4,,0,0,1.019,0
18310104003000305102,00:33:09,00:33:09,21,5,,0,0,1.355,0
18310104003000305102,00:33:41,00:33:41,22,6,,0,0,1.601,0
18310104003000305102,00:35:11,00:35:11,601,7,,0,0,1.983,0
18310104003000305102,00:36:14,00:36:14,23,8,,0,0,2.186,0
18310104003000305102,00:37:27,00:37:27,24,9,,0,0,2.415,0
18310104003000305102,00:38:11,00:38:11,498,10,,0,0,2.598,0
18310104003000305102,00:39:11,00:39:11,399,11,,0,0,2.92,0
18310104003000305102,00:40:00,00:40:00,284,12,,0,0,3.129,0
18310104003000305102,00:41:30,00:41:30,525,13,,0,0,3.587,0
18310104003000305102,00:43:32,00:43:32,27,14,,0,0,3.978,0
18310104003000305102,00:45:36,00:45:36,28,15,,0,0,4.382,0
18310104003000305102,00:46:49,00:46:49,29,16,,0,0,4.624,0
18310104003000305102,00:48:28,00:48:28,30,17,,0,0,5.037,0
18310104003000305102,00:51:10,00:51:10,17,18,,0,0,5.583,0
18310104003000305102,00:53:40,00:53:40,32,19,,0,0,6.236,0
18310104003000305102,00:55:36,00:55:36,1,20,,0,0,6.603,0
18310104003001005101,01:00:00,01:00:00,1,1,,0,0,0.0,0
18310104003001005101,01:02:54,01:02:54,2,2,,0,0,0.671,0
18310104003001005101,01:04:58,01:04:58,3,3,,0,0,1.142,0
18310104003001005101,01:06:43,01:06:43,4,4,,0,0,1.61,0
18310104003001005101,01:07:39,01:07:39,5,5,,0,0,1.843,0
18310104003001005101,01:09:30,01:09:30,6,6,,0,0,2.339,0
18310104003001005101,01:10:37,01:10:37,199,7,,0,0,2.575,0
18310104003001005101,01:12:48,01:12:48,8,8,,0,0,3.107,0
18310104003001005101,01:14:42,01:14:42,405,9,,0,0,3.702,0
18310104003001005101,01:15:42,01:15:42,402,10,,0,0,3.905,0
18310104003001005101,01:16:52,01:16:52,38,11,,0,0,4.14,0
18310104003001005101,01:17:32,01:17:32,9,12,,0,0,4.348,0
18310104003001005101,01:18:36,01:18:36,10,13,,0,0,4.492,0
18310104003001005101,01:19:33,01:19:33,11,14,,0,0,4.731,0
18310104003001005101,01:20:02,01:20:02,59,15,,0,0,5.182,0
18310104003001005101,01:20:53,01:20:53,13,16,,0,0,5.514,0
18310104003001005101,01:21:52,01:21:52,15,17,,0,0,6.16,0
18310104003001005101,01:23:17,01:23:17,585,18,,0,0,6.391,0
18310104003001005101,01:24:00,01:24:00,16,19,,0,0,6.633,0
18310104003001005101,01:25:12,01:25:12,18,20,,0,0,6.787,0
18310104003001305102,01:30:00,01:30:00,18,1,,0,0,0.0,0
18310104003001305102,01:31:09,01:31:09,586,2,,0,0,0.395,0
18310104003001305102,01:31:49,01:31:49,19,3,,0,0,0.64,0
18310104003001305102,01:32:39,01:32:39,20,4,,0,0,1.019,0
18310104003001305102,01:33:09,01:33:09,21,5,,0,0,1.355,0
18310104003001305102,01:33:41,01:33:41,22,6,,0,0,1.601,0
18310104003001305102,01:35:11,01:35:11,601,7,,0,0,1.983,0
18310104003001305102,01:36:14,01:36:14,23,8,,0,0,2.186,0
18310104003001305102,01:37:27,01:37:27,24,9,,0,0,2.415,0
18310104003001305102,01:38:11,01:38:11,498,10,,0,0,2.598,0
18310104003001305102,01:39:11,01:39:11,399,11,,0,0,2.92,0
18310104003001305102,01:40:00,01:40:00,284,12,,0,0,3.129,0
18310104003001305102,01:41:30,01:41:30,525,13,,0,0,3.587,0
18310104003001305102,01:43:32,01:43:32,27,14,,0,0,3.978,0
18310104003001305102,01:45:36,01:45:36,28,15,,0,0,4.382,0
18310104003001305102,01:46:49,01:46:49,29,16,,0,0,4.624,0
18310104003001305102,01:48:28,01:48:28,30,17,,0,0,5.037,0
18310104003001305102,01:51:10,01:51:10,17,18,,0,0,5.583,0
18310104003001305102,01:53:40,01:53:40,32,19,,0,0,6.236,0
18310104003001305102,01:55:36,01:55:36,1,20,,0,0,6.603,0
18310104003002005101,02:00:00,02:00:00,1,1,,0,0,0.0,0
18310104003002005101,02:02:54,02:02:54,2,2,,0,0,0.671,0
18310104003002005101,02:04:58,02:04:58,3,3,,0,0,1.142,0
18310104003002005101,02:06:43,02:06:43,4,4,,0,0,1.61,0
18310104003002005101,02:07:39,02:07:39,5,5,,0,0,1.843,0
18310104003002005101,02:09:30,02:09:30,6,6,,0,0,2.339,0
18310104003002005101,02:10:37,02:10:37,199,7,,0,0,2.575,0
18310104003002005101,02:12:48,02:12:48,8,8,,0,0,3.107,0
18310104003002005101,02:14:42,02:14:42,405,9,,0,0,3.702,0
18310104003002005101,02:15:42,02:15:42,402,10,,0,0,3.905,0
18310104003002005101,02:16:52,02:16:52,38,11,,0,0,4.14,0
18310104003002005101,02:17:32,02:17:32,9,12,,0,0,4.348,0
18310104003002005101,02:18:36,02:18:36,10,13,,0,0,4.492,0
18310104003002005101,02:19:33,02:19:33,11,14,,0,0,4.731,0
18310104003002005101,02:20:02,02:20:02,59,15,,0,0,5.182,0
18310104003002005101,02:20:53,02:20:53,13,16,,0,0,5.514,0
18310104003002005101,02:21:52,02:21:52,15,17,,0,0,6.16,0
18310104003002005101,02:23:17,02:23:17,585,18,,0,0,6.391,0
18310104003002005101,02:24:00,02:24:00,16,19,,0,0,6.633,0
18310104003002005101,02:25:12,02:25:12,18,20,,0,0,6.787,0
18310104003002305102,02:30:00,02:30:00,18,1,,0,0,0.0,0
18310104003002305102,02:31:09,02:31:09,586,2,,0,0,0.395,0
18310104003002305102,02:31:49,02:31:49,19,3,,0,0,0.64,0
18310104003002305102,02:32:39,02:32:39,20,4,,0,0,1.019,0
18310104003002305102,02:33:09,02:33:09,21,5,,0,0,1.355,0
18310104003002305102,02:33:41,02:33:41,22,6,,0,0,1.601,0
18310104003002305102,02:35:11,02:35:11,601,7,,0,0,1.983,0
18310104003002305102,02:36:14,02:36:14,23,8,,0,0,2.186,0
18310104003002305102,02:37:27,02:37:27,24,9,,0,0,2.415,0
18310104003002305102,02:38:11,02:38:11,498,10,,0,0,2.598,0
18310104003002305102,02:39:11,02:39:11,399,11,,0,0,2.92,0
18310104003002305102,02:40:00,02:40:00,284,12,,0,0,3.129,0
18310104003002305102,02:41:30,02:41:30,525,13,,0,0,3.587,0
18310104003002305102,02:43:32,02:43:32,27,14,,0,0,3.978,0
18310104003002305102,02:45:36,02:45:36,28,15,,0,0,4.382,0
18310104003002305102,02:46:49,02:46:49,29,16,,0,0,4.624,0
18310104003002305102,02:48:28,02:48:28,30,17,,0,0,5.037,0
18310104003002305102,02:51:10,02:51:10,17,18,,0,0,5.583,0
18310104003002305102,02:53:40,02:53:40,32,19,,0,0,6.236,0
18310104003002305102,02:55:36,02:55:36,1,20,,0,0,6.603,0
18310104003003005101,03:00:00,03:00:00,1,1,,0,0,0.0,0
18310104003003005101,03:02:54,03:02:54,2,2,,0,0,0.671,0
18310104003003005101,03:04:58,03:04:58,3,3,,0,0,1.142,0
18310104003003005101,03:06:43,03:06:43,4,4,,0,0,1.61,0
18310104003003005101,03:07:39,03:07:39,5,5,,0,0,1.843,0
18310104003003005101,03:09:30,03:09:30,6,6,,0,0,2.339,0
18310104003003005101,03:10:37,03:10:37,199,7,,0,0,2.575,0
18310104003003005101,03:12:48,03:12:48,8,8,,0,0,3.107,0
18310104003003005101,03:14:42,03:14:42,405,9,,0,0,3.702,0
18310104003003005101,03:15:42,03:15:42,402,10,,0,0,3.905,0
18310104003003005101,03:16:52,03:16:52,38,11,,0,0,4.14,0
18310104003003005101,03:17:32,03:17:32,9,12,,0,0,4.348,0
18310104003003005101,03:18:36,03:18:36,10,13,,0,0,4.492,0
18310104003003005101,03:19:33,03:19:33,11,14,,0,0,4.731,0
18310104003003005101,03:20:02,03:20:02,59,15,,0,0,5.182,0
18310104003003005101,03:20:53,03:20:53,13,16,,0,0,5.514,0
18310104003003005101,03:21:52,03:21:52,15,17,,0,0,6.16,0
18310104003003005101,03:23:17,03:23:17,585,18,,0,0,6.391,0
18310104003003005101,03:24:00,03:24:00,16,19,,0,0,6.633,0
18310104003003005101,03:25:12,03:25:12,18,20,,0,0,6.787,0
18310104003003305102,03:30:00,03:30:00,18,1,,0,0,0.0,0
18310104003003305102,03:31:09,03:31:09,586,2,,0,0,0.395,0
18310104003003305102,03:31:49,03:31:49,19,3,,0,0,0.64,0
18310104003003305102,03:32:39,03:32:39,20,4,,0,0,1.019,0
18310104003003305102,03:33:09,03:33:09,21,5,,0,0,1.355,0
18310104003003305102,03:33:41,03:33:41,22,6,,0,0,1.601,0
18310104003003305102,03:35:11,03:35:11,601,7,,0,0,1.983,0
18310104003003305102,03:36:14,03:36:14,23,8,,0,0,2.186,0
18310104003003305102,03:37:27,03:37:27,24,9,,0,0,2.415,0
18310104003003305102,03:38:11,03:38:11,498,10,,0,0,2.598,0
18310104003003305102,03:39:11,03:39:11,399,11,,0,0,2.92,0
18310104003003305102,03:40:00,03:40:00,284,12,,0,0,3.129,0
18310104003003305102,03:41:30,03:41:30,525,13,,0,0,3.587,0
18310104003003305102,03:43:32,03:43:32,27,14,,0,0,3.978,0
18310104003003305102,03:45:36,03:45:36,28,15,,0,0,4.382,0
18310104003003305102,03:46:49,03:46:49,29,16,,0,0,4.624,0
18310104003003305102,03:48:28,03:48:28,30,17,,0,0,5.037,0
18310104003003305102,03:51:10,03:51:10,17,18,,0,0,5.583,0
18310104003003305102,03:53:40,03:53:40,32,19,,0,0,6.236,0
18310104003003305102,03:55:36,03:55:36,1,20,,0,0,6.603,0
18310104003004005101,04:00:00,04:00:00,1,1,,0,0,0.0,0
18310104003004005101,04:02:54,04:02:54,2,2,,0,0,0.671,0
18310104003004005101,04:04:58,04:04:58,3,3,,0,0,1.142,0
18310104003004005101,04:06:43,04:06:43,4,4,,0,0,1.61,0
18310104003004005101,04:07:39,04:07:39,5,5,,0,0,1.843,0
18310104003004005101,04:09:30,04:09:30,6,6,,0,0,2.339,0
18310104003004005101,04:10:37,04:10:37,199,7,,0,0,2.575,0
18310104003004005101,04:12:48,04:12:48,8,8,,0,0,3.107,0
18310104003004005101,04:14:42,04:14:42,405,9,,0,0,3.702,0
18310104003004005101,04:15:42,04:15:42,402,10,,0,0,3.905,0
18310104003004005101,04:16:52,04:16:52,38,11,,0,0,4.14,0
18310104003004005101,04:17:32,04:17:32,9,12,,0,0,4.348,0
18310104003004005101,04:18:36,04:18:36,10,13,,0,0,4.492,0
18310104003004005101,04:19:33,04:19:33,11,14,,0,0,4.731,0
18310104003004005101,04:20:02,04:20:02,59,15,,0,0,5.182,0
18310104003004005101,04:20:53,04:20:53,13,16,,0,0,5.514,0
18310104003100305101,00:30:00,00:30:00,1,1,,0,0,0.0,0
18310104003100305101,00:32:54,00:32:54,2,2,,0,0,0.671,0
18310104003100305101,00:34:58,00:34:58,3,3,,0,0,1.142,0
18310104003100305101,00:36:43,00:36:43,4,4,,0,0,1.61,0
18310104003100305101,00:37:39,00:37:39,5,5,,0,0,1.843,0
18310104003100305101,00:39:30,00:39:30,6,6,,0,0,2.339,0
18310104003100305101,00:40:37,00:40:37,199,7,,0,0,2.575,0
18310104003100305101,00:42:48,00:42:48,8,8,,0,0,3.107,0
18310104003100305101,00:44:42,00:44:42,405,9,,0,0,3.702,0
18310104003100305101,00:45:42,00:45:42,402,10,,0,0,3.905,0
18310104003100305101,00:46:52,00:46:52,38,11,,0,0,4.14,0
18310104003100305101,00:47:32,00:47:32,9,12,,0,0,4.348,0
18310104003100305101,00:48:36,00:48:36,10,13,,0,0,4.492,0
18310104003100305101,00:49:33,00:49:33,11,14,,0,0,4.731,0
18310104003100305101,00:50:02,00:50:02,59,15,,0,0,5.182,0
18310104003100305101,00:50:53,00:50:53,13,16,,0,0,5.514,0
18310104003100305101,00:51:52,00:51:52,15,17,,0,0,6.16,0
18310104003100305101,00:53:17,00:53:17,585,18,,0,0,6.391,0
18310104003100305101,00:54:00,00:54:00,16,19,,0,0,6.633,0
18310104003100305101,00:55:12,00:55:12,18,20,,0,0,6.787,0
18310104003101005102,01:00:00,01:00:00,18,1,,0,0,0.0,0
18310104003101005102,01:01:09,01:01:09,586,2,,0,0,0.395,0
18310104003101005102,01:01:49,01:01:49,19,3,,0,0,0.64,0
18310104003101005102,01:02:39,01:02:39,20,4,,0,0,1.019,0
18310104003101005102,01:03:09,01:03:09,21,5,,0,0,1.355,0
18310104003101005102,01:03:41,01:03:41,22,6,,0,0,1.601,0
18310104003101005102,01:05:11,01:05:11,601,7,,0,0,1.983,0
18310104003101005102,01:06:14,01:06:14,23,8,,0,0,2.186,0
18310104003101005102,01:07:27,01:07:27,24,9,,0,0,2.415,0
18310104003101005102,01:08:11,01:08:11,498,10,,0,0,2.598,0
18310104003101005102,01:09:11,01:09:11,399,11,,0,0,2.92,0
18310104003101005102,01:10:00,01:10:00,284,12,,0,0,3.129,0
18310104003101005102,01:11:30,01:11:30,525,13,,0,0,3.587,0
18310104003101005102,01:13:32,01:13:32,27,14,,0,0,3.978,0
18310104003101005102,01:15:36,01:15:36,28,15,,0,0,4.382,0
18310104003101005102,01:16:49,01:16:49,29,16,,0,0,4.624,0
18310104003101005102,01:18:28,01:18:28,30,17,,0,0,5.037,0
18310104003101005102,01:21:10,01:21:10,17,18,,0,0,5.583,0
18310104003101005102,01:23:40,01:23:40,32,19,,0,0,6.236,0
18310104003101005102,01:25:36,01:25:36,1,20,,0,0,6.603,0
18310104003101305101,01:30:00,01:30:00,1,1,,0,0,0.0,0
18310104003101305101,01:32:54,01:32:54,2,2,,0,0,0.671,0
18310104003101305101,01:34:58,01:34:58,3,3,,0,0,1.142,0
18310104003101305101,01:36:43,01:36:43,4,4,,0,0,1.61,0
18310104003101305101,01:37:39,01:37:39,5,5,,0,0,1.843,0
18310104003101305101,01:39:30,01:39:30,6,6,,0,0,2.339,0
18310104003101305101,01:40:37,01:40:37,199,7,,0,0,2.575,0
18310104003101305101,01:42:48,01:42:48,8,8,,0,0,3.107,0
18310104003101305101,01:44:42,01:44:42,405,9,,0,0,3.702,0
18310104003101305101,01:45:42,01:45:42,402,10,,0,0,3.905,0
18310104003101305101,01:46:52,01:46:52,38,11,,0,0,4.14,0
18310104003101305101,01:47:32,01:47:32,9,12,,0,0,4.348,0
18310104003101305101,01:48:36,01:48:36,10,13,,0,0,4.492,0
18310104003101305101,01:49:33,01:49:33,11,14,,0,0,4.731,0
18310104003101305101,01:50:02,01:50:02,59,15,,0,0,5.182,0
18310104003101305101,01:50:53,01:50:53,13,16,,0,0,5.514,0
18310104003101305101,01:51:52,01:51:52,15,17,,0,0,6.16,0
18310104003101305101,01:53:17,01:53:17,585,18,,0,0,6.391,0
18310104003101305101,01:54:00,01:54:00,16,19,,0,0,6.633,0
18310104003101305101,01:55:12,01:55:12,18,20,,0,0,6.787,0
18310104003102005102,02:00:00,02:00:00,18,1,,0,0,0.0,0
18310104003102005102,02:01:09,02:01:09,586,2,,0,0,0.395,0
18310104003102005102,02:01:49,02:01:49,19,3,,0,0,0.64,0
18310104003102005102,02:02:39,02:02:39,20,4,,0,0,1.019,0
18310104003102005102,02:03:09,02:03:09,21,5,,0,0,1.355,0
18310104003102005102,02:03:41,02:03:41,22,6,,0,0,1.601,0
18310104003102005102,02:05:11,02:05:11,601,7,,0,0,1.983,0
18310104003102005102,02:06:14,02:06:14,23,8,,0,0,2.186,0
18310104003102005102,02:07:27,02:07:27,24,9,,0,0,2.415,0
18310104003102005102,02:08:11,02:08:11,498,10,,0,0,2.598,0
18310104003102005102,02:09:11,02:09:11,399,11,,0,0,2.92,0
18310104003102005102,02:10:00,02:10:00,284,12,,0,0,3.129,0
18310104003102005102,02:11:30,02:11:30,525,13,,0,0,3.587,0
18310104003102005102,02:13:32,02:13:32,27,14,,0,0,3.978,0
18310104003102005102,02:15:36,02:15:36,28,15,,0,0,4.382,0
18310104003102005102,02:16:49,02:16:49,29,16,,0,0,4.624,0
18310104003102005102,02:18:28,02:18:28,30,17,,0,0,5.037,0
18310104003102005102,02:21:10,02:21:10,17,18,,0,0,5.583,0
18310104003102005102,02:23:40,02:23:40,32,19,,0,0,6.236,0
18310104003102005102,02:25:36,02:25:36,1,20,,0,0,6.603,0
18310104003102305101,02:30:00,02:30:00,1,1,,0,0,0.0,0
18310104003102305101,02:32:54,02:32:54,2,2,,0,0,0.671,0
18310104003102305101,02:34:58,02:34:58,3,3,,0,0,1.142,0
18310104003102305101,02:36:43,02:36:43,4,4,,0,0,1.61,0
18310104003102305101,02:37:39,02:37:39,5,5,,0,0,1.843,0
18310104003102305101,02:39:30,02:39:30,6,6,,0,0,2.339,0
18310104003102305101,02:40:37,02:40:37,199,7,,0,0,2.575,0
18310104003102305101,02:42:48,02:42:48,8,8,,0,0,3.107,0
18310104003102305101,02:44:42,02:44:42,405,9,,0,0,3.702,0
18310104003102305101,02:45:42,02:45:42,402,10,,0,0,3.905,0
18310104003102305101,02:46:52,02:46:52,38,11,,0,0,4.14,0
18310104003102305101,02:47:32,02:47:32,9,12,,0,0,4.348,0
18310104003102305101,02:48:36,02:48:36,10,13,,0,0,4.492,0
18310104003102305101,02:49:33,02:49:33,11,14,,0,0,4.731,0
18310104003102305101,02:50:02,02:50:02,59,15,,0,0,5.182,0
18310104003102305101,02:50:53,02:50:53,13,16,,0,0,5.514,0
18310104003102305101,02:51:52,02:51:52,15,17,,0,0,6.16,0
18310104003102305101,02:53:17,02:53:17,585,18,,0,0,6.391,0
18310104003102305101,02:54:00,02:54:00,16,19,,0,0,6.633,0
18310104003102305101,02:55:12,02:55:12,18,20,,0,0,6.787,0
18310104003103005102,03:00:00,03:00:00,18,1,,0,0,0.0,0
18310104003103005102,03:01:09,03:01:09,586,2,,0,0,0.395,0
18310104003103005102,03:01:49,03:01:49,19,3,,0,0,0.64,0
18310104003103005102,03:02:39,03:02:39,20,4,,0,0,1.019,0
18310104003103005102,03:03:09,03:03:09,21,5,,0,0,1.355,0
18310104003103005102,03:03:41,03:03:41,22,6,,0,0,1.601,0
18310104003103005102,03:05:11,03:05:11,601,7,,0,0,1.983,0
18310104003103005102,03:06:14,03:06:14,23,8,,0,0,2.186,0
18310104003103005102,03:07:27,03:07:27,24,9,,0,0,2.415,0
18310104003103005102,03:08:11,03:08:11,498,10,,0,0,2.598,0
18310104003103005102,03:09:11,03:09:11,399,11,,0,0,2.92,0
18310104003103005102,03:10:00,03:10:00,284,12,,0,0,3.129,0
18310104003103005102,03:11:30,03:11:30,525,13,,0,0,3.587,0
18310104003103005102,03:13:32,03:13:32,27,14,,0,0,3.978,0
18310104003103005102,03:15:36,03:15:36,28,15,,0,0,4.382,0
18310104003103005102,03:16:49,03:16:49,29,16,,0,0,4.624,0
18310104003103005102,03:18:28,03:18:28,30,17,,0,0,5.037,0
18310104003103005102,03:21:10,03:21:10,17,18,,0,0,5.583,0
18310104003103005102,03:23:40,03:23:40,32,19,,0,0,6.236,0
18310104003103005102,03:25:36,03:25:36,1,20,,0,0,6.603,0
18310104003103305101,03:30:00,03:30:00,1,1,,0,0,0.0,0
18310104003103305101,03:32:54,03:32:54,2,2,,0,0,0.671,0
18310104003103305101,03:34:58,03:34:58,3,3,,0,0,1.142,0
18310104003103305101,03:36:43,03:36:43,4,4,,0,0,1.61,0
18310104003103305101,03:37:39,03:37:39,5,5,,0,0,1.843,0
18310104003103305101,03:39:30,03:39:30,6,6,,0,0,2.339,0
18310104003103305101,03:40:37,03:40:37,199,7,,0,0,2.575,0
18310104003103305101,03:42:48,03:42:48,8,8,,0,0,3.107,0
18310104003103305101,03:44:42,03:44:42,405,9,,0,0,3.702,0
18310104003103305101,03:45:42,03:45:42,402,10,,0,0,3.905,0
18310104003103305101,03:46:52,03:46:52,38,11,,0,0,4.14,0
18310104003103305101,03:47:32,03:47:32,9,12,,0,0,4.348,0
18310104003103305101,03:48:36,03:48:36,10,13,,0,0,4.492,0
18310104003103305101,03:49:33,03:49:33,11,14,,0,0,4.731,0
18310104003103305101,03:50:02,03:50:02,59,15,,0,0,5.182,0
18310104003103305101,03:50:53,03:50:53,13,16,,0,0,5.514,0
18310104003200205101,00:20:00,00:20:00,1,1,,0,0,0.0,0
18310104003200205101,00:22:54,00:22:54,2,2,,0,0,0.671,0
18310104003200205101,00:24:58,00:24:58,3,3,,0,0,1.142,0
18310104003200205101,00:26:43,00:26:43,4,4,,0,0,1.61,0
18310104003200205101,00:27:39,00:27:39,5,5,,0,0,1.843,0
18310104003200205101,00:29:30,00:29:30,6,6,,0,0,2.339,0
18310104003200205101,00:30:37,00:30:37,199,7,,0,0,2.575,0
18310104003200205101,00:32:48,00:32:48,8,8,,0,0,3.107,0
18310104003200205101,00:34:42,00:34:42,405,9,,0,0,3.702,0
18310104003200205101,00:35:42,00:35:42,402,10,,0,0,3.905,0
18310104003200205101,00:36:52,00:36:52,38,11,,0,0,4.14,0
18310104003200205101,00:37:32,00:37:32,9,12,,0,0,4.348,0
18310104003200205101,00:38:36,00:38:36,10,13,,0,0,4.492,0
18310104003200205101,00:39:33,00:39:33,11,14,,0,0,4.731,0
18310104003200205101,00:40:02,00:40:02,59,15,,0,0,5.182,0
18310104003200205101,00:40:53,00:40:53,13,16,,0,0,5.514,0
18310106003000155102,00:15:00,00:15:00,120,1,,0,0,0.0,0
18310106003000155102,00:16:07,00:16:07,121,2,,0,0,0.361,0
18310106003000155102,00:17:18,00:17:18,122,3,,0,0,0.761,0
18310106003000155102,00:17:54,00:17:54,123,4,,0,0,0.924,0
18310106003000155102,00:18:24,00:18:24,603,5,,0,0,1.088,0
18310106003000155102,00:18:54,00:18:54,124,6,,0,0,1.343,0
18310106003000155102,00:19:38,00:19:38,413,7,,0,0,1.504,0
18310106003000155102,00:20:29,00:20:29,125,8,,0,0,1.778,0
18310106003000155102,00:21:29,00:21:29,144,9,,0,0,2.207,0
18310106003000155102,00:22:17,00:22:17,142,10,,0,0,2.578,0
18310106003000155102,00:23:04,00:23:04,140,11,,0,0,2.927,0
18310106003000155102,00:24:39,00:24:39,138,12,,0,0,3.764,0
18310106003000155102,00:25:57,00:25:57,129,13,,0,0,4.415,0
18310106003000155102,00:27:10,00:27:10,130,14,,0,0,4.818,0
18310106003000155102,00:29:09,00:29:09,539,15,,0,0,5.55,0
18310106003000155102,00:30:04,00:30:04,161,16,,0,0,5.972,0
18310106003000155102,00:31:15,00:31:15,159,17,,0,0,6.251,0
18310106003000155102,00:32:24,00:32:24,131,18,,0,0,6.67,0
18310106003000155102,00:33:22,00:33:22,132,19,,0,0,6.935,0
18310106003000155102,00:33:59,00:33:59,94,20,,0,0,7.204,0
18310106003000155102,00:34:36,00:34:36,133,21,,0,0,7.402,0
18310106003000155102,00:36:19,00:36:19,134,22,,0,0,8.136,0
18310106003000155102,00:37:33,00:37:33,135,23,,0,0,8.54,0
18310106003000155102,00:39:10,00:39:10,136,24,,0,0,9.096,0
18310106003000155102,00:40:53,00:40:53,102,25,,0,0,9.622,0
18310106003001005101,01:00:00,01:00:00,102,1,,0,0,0.0,0
18310106003001005101,01:03:16,01:03:16,103,2,,0,0,0.648,0
18310106003001005101,01:05:40,01:05:40,104,3,,0,0,1.304,0
18310106003001005101,01:06:43,01:06:43,105,4,,0,0,1.541,0
18310106003001005101,01:07:43,01:07:43,106,5,,0,0,1.932,0
18310106003001005101,01:09:26,01:09:26,107,6,,0,0,2.485,0
18310106003001005101,01:10:10,01:10:10,78,7,,0,0,2.737,0
18310106003001005101,01:10:47,01:10:47,108,8,,0,0,3.052,0
18310106003001005101,01:11:35,01:11:35,109,9,,0,0,3.326,0
18310106003001005101,01:12:53,01:12:53,158,10,,0,0,3.728,0
18310106003001005101,01:13:53,01:13:53,110,11,,0,0,3.879,0
18310106003001005101,01:14:56,01:14:56,111,12,,0,0,4.304,0
18310106003001005101,01:16:13,01:16:13,112,13,,0,0,4.68,0
18310106003001005101,01:17:00,01:17:00,113,14,,0,0,5.026,0
18310106003001005101,01:17:54,01:17:54,114,15,,0,0,5.413,0
18310106003001005101,01:18:36,01:18:36,115,16,,0,0,5.675,0
18310106003001005101,01:19:24,01:19:24,411,17,,0,0,5.891,0
18310106003001005101,01:20:06,01:20:06,116,18,,0,0,6.065,0
18310106003001005101,01:20:47,01:20:47,604,19,,0,0,6.284,0
18310106003001005101,01:21:20,01:21:20,117,20,,0,0,6.478,0
18310106003001005101,01:21:58,01:21:58,118,21,,0,0,6.662,0
18310106003001005101,01:22:24,01:22:24,410,22,,0,0,6.82,0
18310106003001005101,01:23:00,01:23:00,119,23,,0,0,7.02,0
18310106003001005101,01:23:51,01:23:51,120,24,,0,0,7.324,0
18310106003001305102,01:30:00,01:30:00,120,1,,0,0,0.0,0
18310106003001305102,01:31:07,01:31:07,121,2,,0,0,0.361,0
18310106003001305102,01:32:18,01:32:18,122,3,,0,0,0.761,0
18310106003001305102,01:32:54,01:32:54,123,4,,0,0,0.924,0
18310106003001305102,01:33:24,01:33:24,603,5,,0,0,1.088,0
18310106003001305102,01:33:54,01:33:54,124,6,,0,0,1.343,0
18310106003001305102,01:34:38,01:34:38,413,7,,0,0,1.504,0
18310106003001305102,01:35:29,01:35:29,125,8,,0,0,1.778,0
18310106003001305102,01:36:29,01:36:29,144,9,,0,0,2.207,0
18310106003001305102,01:37:17,01:37:17,142,10,,0,0,2.578,0
18310106003001305102,01:38:04,01:38:04,140,11,,0,0,2.927,0
18310106003001305102,01:39:39,01:39:39,138,12,,0,0,3.764,0
18310106003001305102,01:40:57,01:40:57,129,13,,0,0,4.415,0
18310106003001305102,01:42:10,01:42:10,130,14,,0,0,4.818,0
18310106003001305102,01:44:09,01:44:09,539,15,,0,0,5.55,0
18310106003001305102,01:45:04,01:45:04,161,16,,0,0,5.972,0
18310106003001305102,01:46:15,01:46:15,159,17,,0,0,6.251,0
18310106003001305102,01:47:24,01:47:24,131,18,,0,0,6.67,0
18310106003001305102,01:48:22,01:48:22,132,19,,0,0,6.935,0
18310106003001305102,01:48:59,01:48:59,94,20,,0,0,7.204,0
18310106003001305102,01:49:36,01:49:36,133,21,,0,0,7.402,0
18310106003001305102,01:51:19,01:51:19,134,22,,0,0,8.136,0
18310106003001305102,01:52:33,01:52:33,135,23,,0,0,8.54,0
18310106003001305102,01:54:10,01:54:10,136,24,,0,0,9.096,0
18310106003001305102,01:55:53,01:55:53,102,25,,0,0,9.622,0
18310106003002005101,02:00:00,02:00:00,102,1,,0,0,0.0,0
18310106003002005101,02:03:16,02:03:16,103,2,,0,0,0.648,0
18310106003002005101,02:05:40,02:05:40,104,3,,0,0,1.304,0
18310106003002005101,02:06:43,02:06:43,105,4,,0,0,1.541,0
18310106003002005101,02:07:43,02:07:43,106,5,,0,0,1.932,0
18310106003002005101,02:09:26,02:09:26,107,6,,0,0,2.485,0
18310106003002005101,02:10:10,02:10:10,78,7,,0,0,2.737,0
18310106003002005101,02:10:47,02:10:47,108,8,,0,0,3.052,0
18310106003002005101,02:11:35,02:11:35,109,9,,0,0,3.326,0
18310106003002005101,02:12:53,02:12:53,158,10,,0,0,3.728,0
18310106003002005101,02:13:53,02:13:53,110,11,,0,0,3.879,0
18310106003002005101,02:14:56,02:14:56,111,12,,0,0,4.304,0
18310106003002005101,02:16:13,02:16:13,112,13,,0,0,4.68,0
18310106003002005101,02:17:00,02:17:00,113,14,,0,0,5.026,0
18310106003002005101,02:17:54,02:17:54,114,15,,0,0,5.413,0
18310106003002005101,02:18:36,02:18:36,115,16,,0,0,5.675,0
18310106003002005101,02:19:24,02:19:24,411,17,,0,0,5.891,0
18310106003002005101,02:20:06,02:20:06,116,18,,0,0,6.065,0
18310106003002005101,02:20:47,02:20:47,604,19,,0,0,6.284,0
18310106003002005101,02:21:20,02:21:20,117,20,,0,0,6.478,0
18310106003002005101,02:21:58,02:21:58,118,21,,0,0,6.662,0
18310106003002005101,02:22:24,02:22:24,410,22,,0,0,6.82,0
18310106003002005101,02:23:00,02:23:00,119,23,,0,0,7.02,0
18310106003002005101,02:23:51,02:23:51,120,24,,0,0,7.324,0
18310106003002305102,02:30:00,02:30:00,120,1,,0,0,0.0,0
18310106003002305102,02:31:07,02:31:07,121,2,,0,0,0.361,0
18310106003002305102,02:32:18,02:32:18,122,3,,0,0,0.761,0
18310106003002305102,02:32:54,02:32:54,123,4,,0,0,0.924,0
18310106003002305102,02:33:24,02:33:24,603,5,,0,0,1.088,0
18310106003002305102,02:33:54,02:33:54,124,6,,0,0,1.343,0
18310106003002305102,02:34:38,02:34:38,413,7,,0,0,1.504,0
18310106003002305102,02:35:29,02:35:29,125,8,,0,0,1.778,0
18310106003002305102,02:36:29,02:36:29,144,9,,0,0,2.207,0
18310106003002305102,02:37:17,02:37:17,142,10,,0,0,2.578,0
18310106003002305102,02:38:04,02:38:04,140,11,,0,0,2.927,0
18310106003002305102,02:39:39,02:39:39,138,12,,0,0,3.764,0
18310106003002305102,02:40:57,02:40:57,129,13,,0,0,4.415,0
18310106003002305102,02:42:10,02:42:10,130,14,,0,0,4.818,0
18310106003002305102,02:44:09,02:44:09,539,15,,0,0,5.55,0
18310106003002305102,02:45:04,02:45:04,161,16,,0,0,5.972,0
18310106003002305102,02:46:15,02:46:15,159,17,,0,0,6.251,0
18310106003002305102,02:47:24,02:47:24,131,18,,0,0,6.67,0
18310106003002305102,02:48:22,02:48:22,132,19,,0,0,6.935,0
18310106003002305102,02:48:59,02:48:59,94,20,,0,0,7.204,0
18310106003002305102,02:49:36,02:49:36,133,21,,0,0,7.402,0
18310106003002305102,02:51:19,02:51:19,134,22,,0,0,8.136,0
18310106003002305102,02:52:33,02:52:33,135,23,,0,0,8.54,0
18310106003002305102,02:54:10,02:54:10,136,24,,0,0,9.096,0
18310106003002305102,02:55:53,02:55:53,102,25,,0,0,9.622,0
18310106003003005101,03:00:00,03:00:00,102,1,,0,0,0.0,0
18310106003003005101,03:03:16,03:03:16,103,2,,0,0,0.648,0
18310106003003005101,03:05:40,03:05:40,104,3,,0,0,1.304,0
18310106003003005101,03:06:43,03:06:43,105,4,,0,0,1.541,0
18310106003003005101,03:07:43,03:07:43,106,5,,0,0,1.932,0
18310106003003005101,03:09:26,03:09:26,107,6,,0,0,2.485,0
18310106003003005101,03:10:10,03:10:10,78,7,,0,0,2.737,0
18310106003003005101,03:10:47,03:10:47,108,8,,0,0,3.052,0
18310106003003005101,03:11:35,03:11:35,109,9,,0,0,3.326,0
18310106003003005101,03:12:53,03:12:53,158,10,,0,0,3.728,0
18310106003003005101,03:13:53,03:13:53,110,11,,0,0,3.879,0
18310106003003005101,03:14:56,03:14:56,111,12,,0,0,4.304,0
18310106003003005101,03:16:13,03:16:13,112,13,,0,0,4.68,0
18310106003003005101,03:17:00,03:17:00,113,14,,0,0,5.026,0
18310106003003005101,03:17:54,03:17:54,114,15,,0,0,5.413,0
18310106003003005101,03:18:36,03:18:36,115,16,,0,0,5.675,0
18310106003003005101,03:19:24,03:19:24,411,17,,0,0,5.891,0
18310106003003005101,03:20:06,03:20:06,116,18,,0,0,6.065,0
18310106003003005101,03:20:47,03:20:47,604,19,,0,0,6.284,0
18310106003003005101,03:21:20,03:21:20,117,20,,0,0,6.478,0
18310106003003005101,03:21:58,03:21:58,118,21,,0,0,6.662,0
18310106003003005101,03:22:24,03:22:24,410,22,,0,0,6.82,0
18310106003003005101,03:23:00,03:23:00,119,23,,0,0,7.02,0
18310106003003005101,03:23:51,03:23:51,120,24,,0,0,7.324,0
18310106003003305102,03:30:00,03:30:00,120,1,,0,0,0.0,0
18310106003003305102,03:31:07,03:31:07,121,2,,0,0,0.361,0
18310106003003305102,03:32:18,03:32:18,122,3,,0,0,0.761,0
18310106003003305102,03:32:54,03:32:54,123,4,,0,0,0.924,0
18310106003003305102,03:33:24,03:33:24,603,5,,0,0,1.088,0
18310106003003305102,03:33:54,03:33:54,124,6,,0,0,1.343,0
18310106003003305102,03:34:38,03:34:38,413,7,,0,0,1.504,0
18310106003003305102,03:35:29,03:35:29,125,8,,0,0,1.778,0
18310106003003305102,03:36:29,03:36:29,144,9,,0,0,2.207,0
18310106003003305102,03:37:17,03:37:17,142,10,,0,0,2.578,0
18310106003003305102,03:38:04,03:38:04,140,11,,0,0,2.927,0
18310106003003305102,03:39:39,03:39:39,138,12,,0,0,3.764,0
18310106003003305102,03:40:57,03:40:57,129,13,,0,0,4.415,0
18310106003003305102,03:42:10,03:42:10,130,14,,0,0,4.818,0
18310106003003305102,03:44:09,03:44:09,539,15,,0,0,5.55,0
18310106003003305102,03:45:04,03:45:04,161,16,,0,0,5.972,0
18310106003003305102,03:46:15,03:46:15,159,17,,0,0,6.251,0
18310106003003305102,03:47:24,03:47:24,131,18,,0,0,6.67,0
18310106003003305102,03:48:22,03:48:22,132,19,,0,0,6.935,0
18310106003003305102,03:48:59,03:48:59,94,20,,0,0,7.204,0
18310106003003305102,03:49:36,03:49:36,133,21,,0,0,7.402,0
18310106003003305102,03:51:19,03:51:19,134,22,,0,0,8.136,0
18310106003003305102,03:52:33,03:52:33,135,23,,0,0,8.54,0
18310106003003305102,03:54:10,03:54:10,136,24,,0,0,9.096,0
18310106003003305102,03:55:53,03:55:53,102,25,,0,0,9.622,0
18310106003004005101,04:00:00,04:00:00,102,1,,0,0,0.0,0
18310106003004005101,04:03:16,04:03:16,103,2,,0,0,0.648,0
18310106003004005101,04:05:40,04:05:40,104,3,,0,0,1.304,0
18310106003004005101,04:06:43,04:06:43,105,4,,0,0,1.541,0
18310106003004005101,04:07:43,04:07:43,106,5,,0,0,1.932,0
18310106003004005101,04:09:26,04:09:26,107,6,,0,0,2.485,0
18310106003004005101,04:10:10,04:10:10,78,7,,0,0,2.737,0
18310106003004005101,04:10:47,04:10:47,108,8,,0,0,3.052,0
18310106003004005101,04:11:35,04:11:35,109,9,,0,0,3.326,0
18310106003004005101,04:12:53,04:12:53,158,10,,0,0,3.728,0
18310106003004005101,04:13:53,04:13:53,110,11,,0,0,3.879,0
18310106003004005101,04:14:56,04:14:56,111,12,,0,0,4.304,0
18310106003004005101,04:16:13,04:16:13,112,13,,0,0,4.68,0
18310106003004005101,04:17:00,04:17:00,113,14,,0,0,5.026,0
18310106003004005101,04:17:54,04:17:54,114,15,,0,0,5.413,0
18310106003004005101,04:18:36,04:18:36,115,16,,0,0,5.675,0
18310106003004005101,04:19:24,04:19:24,411,17,,0,0,5.891,0
18310106003004005101,04:20:06,04:20:06,116,18,,0,0,6.065,0
18310106003004005101,04:20:47,04:20:47,604,19,,0,0,6.284,0
18310106003004005101,04:21:20,04:21:20,117,20,,0,0,6.478,0
18310106003004005101,04:21:58,04:21:58,118,21,,0,0,6.662,0
18310106003100305101,00:30:00,00:30:00,102,1,,0,0,0.0,0
18310106003100305101,00:33:16,00:33:16,103,2,,0,0,0.648,0
18310106003100305101,00:35:40,00:35:40,104,3,,0,0,1.304,0
18310106003100305101,00:36:43,00:36:43,105,4,,0,0,1.541,0
18310106003100305101,00:37:43,00:37:43,106,5,,0,0,1.932,0
18310106003100305101,00:39:26,00:39:26,107,6,,0,0,2.485,0
18310106003100305101,00:40:10,00:40:10,78,7,,0,0,2.737,0
18310106003100305101,00:40:47,00:40:47,108,8,,0,0,3.052,0
18310106003100305101,00:41:35,00:41:35,109,9,,0,0,3.326,0
18310106003100305101,00:42:53,00:42:53,158,10,,0,0,3.728,0
18310106003100305101,00:43:53,00:43:53,110,11,,0,0,3.879,0
18310106003100305101,00:44:56,00:44:56,111,12,,0,0,4.304,0
18310106003100305101,00:46:13,00:46:13,112,13,,0,0,4.68,0
18310106003100305101,00:47:00,00:47:00,113,14,,0,0,5.026,0
18310106003100305101,00:47:54,00:47:54,114,15,,0,0,5.413,0
18310106003100305101,00:48:36,00:48:36,115,16,,0,0,5.675,0
18310106003100305101,00:49:24,00:49:24,411,17,,0,0,5.891,0
18310106003100305101,00:50:06,00:50:06,116,18,,0,0,6.065,0
18310106003100305101,00:50:47,00:50:47,604,19,,0,0,6.284,0
18310106003100305101,00:51:20,00:51:20,117,20,,0,0,6.478,0
18310106003100305101,00:51:58,00:51:58,118,21,,0,0,6.662,0
18310106003100305101,00:52:24,00:52:24,410,22,,0,0,6.82,0
18310106003100305101,00:53:00,00:53:00,119,23,,0,0,7.02,0
18310106003100305101,00:53:51,00:53:51,120,24,,0,0,7.324,0
18310106003101005102,01:00:00,01:00:00,120,1,,0,0,0.0,0
18310106003101005102,01:01:07,01:01:07,121,2,,0,0,0.361,0
18310106003101005102,01:02:18,01:02:18,122,3,,0,0,0.761,0
18310106003101005102,01:02:54,01:02:54,123,4,,0,0,0.924,0
18310106003101005102,01:03:24,01:03:24,603,5,,0,0,1.088,0
18310106003101005102,01:03:54,01:03:54,124,6,,0,0,1.343,0
18310106003101005102,01:04:38,01:04:38,413,7,,0,0,1.504,0
18310106003101005102,01:05:29,01:05:29,125,8,,0,0,1.778,0
18310106003101005102,01:06:29,01:06:29,144,9,,0,0,2.207,0
18310106003101005102,01:07:17,01:07:17,142,10,,0,0,2.578,0
18310106003101005102,01:08:04,01:08:04,140,11,,0,0,2.927,0
18310106003101005102,01:09:39,01:09:39,138,12,,0,0,3.764,0
18310106003101005102,01:10:57,01:10:57,129,13,,0,0,4.415,0
18310106003101005102,01:12:10,01:12:10,130,14,,0,0,4.818,0
18310106003101005102,01:14:09,01:14:09,539,15,,0,0,5.55,0
18310106003101005102,01:15:04,01:15:04,161,16,,0,0,5.972,0
18310106003101005102,01:16:15,01:16:15,159,17,,0,0,6.251,0
18310106003101005102,01:17:24,01:17:24,131,18,,0,0,6.67,0
18310106003101005102,01:18:22,01:18:22,132,19,,0,0,6.935,0
18310106003101005102,01:18:59,01:18:59,94,20,,0,0,7.204,0
18310106003101005102,01:19:36,01:19:36,133,21,,0,0,7.402,0
18310106003101005102,01:21:19,01:21:19,134,22,,0,0,8.136,0
18310106003101005102,01:22:33,01:22:33,135,23,,0,0,8.54,0
18310106003101005102,01:24:10,01:24:10,136,24,,0,0,9.096,0
18310106003101005102,01:25:53,01:25:53,102,25,,0,0,9.622,0
18310106003101305101,01:30:00,01:30:00,102,1,,0,0,0.0,0
18310106003101305101,01:33:16,01:33:16,103,2,,0,0,0.648,0
18310106003101305101,01:35:40,01:35:40,104,3,,0,0,1.304,0
18310106003101305101,01:36:43,01:36:43,105,4,,0,0,1.541,0
18310106003101305101,01:37:43,01:37:43,106,5,,0,0,1.932,0
18310106003101305101,01:39:26,01:39:26,107,6,,0,0,2.485,0
18310106003101305101,01:40:10,01:40:10,78,7,,0,0,2.737,0
18310106003101305101,01:40:47,01:40:47,108,8,,0,0,3.052,0
18310106003101305101,01:41:35,01:41:35,109,9,,0,0,3.326,0
18310106003101305101,01:42:53,01:42:53,158,10,,0,0,3.728,0
18310106003101305101,01:43:53,01:43:53,110,11,,0,0,3.879,0
18310106003101305101,01:44:56,01:44:56,111,12,,0,0,4.304,0
18310106003101305101,01:46:13,01:46:13,112,13,,0,0,4.68,0
18310106003101305101,01:47:00,01:47:00,113,14,,0,0,5.026,0
18310106003101305101,01:47:54,01:47:54,114,15,,0,0,5.413,0
18310106003101305101,01:48:36,01:48:36,115,16,,0,0,5.675,0
18310106003101305101,01:49:24,01:49:24,411,17,,0,0,5.891,0
18310106003101305101,01:50:06,01:50:06,116,18,,0,0,6.065,0
18310106003101305101,01:50:47,01:50:47,604,19,,0,0,6.284,0
18310106003101305101,01:51:20,01:51:20,117,20,,0,0,6.478,0
18310106003101305101,01:51:58,01:51:58,118,21,,0,0,6.662,0
18310106003101305101,01:52:24,01:52:24,410,22,,0,0,6.82,0
18310106003101305101,01:53:00,01:53:00,119,23,,0,0,7.02,0
18310106003101305101,01:53:51,01:53:51,120,24,,0,0,7.324,0
18310106003102005102,02:00:00,02:00:00,120,1,,0,0,0.0,0
18310106003102005102,02:01:07,02:01:07,121,2,,0,0,0.361,0
18310106003102005102,02:02:18,02:02:18,122,3,,0,0,0.761,0
18310106003102005102,02:02:54,02:02:54,123,4,,0,0,0.924,0
18310106003102005102,02:03:24,02:03:24,603,5,,0,0,1.088,0
18310106003102005102,02:03:54,02:03:54,124,6,,0,0,1.343,0
18310106003102005102,02:04:38,02:04:38,413,7,,0,0,1.504,0
18310106003102005102,02:05:29,02:05:29,125,8,,0,0,1.778,0
18310106003102005102,02:06:29,02:06:29,144,9,,0,0,2.207,0
18310106003102005102,02:07:17,02:07:17,142,10,,0,0,2.578,0
18310106003102005102,02:08:04,02:08:04,140,11,,0,0,2.927,0
18310106003102005102,02:09:39,02:09:39,138,12,,0,0,3.764,0
18310106003102005102,02:10:57,02:10:57,129,13,,0,0,4.415,0
18310106003102005102,02:12:10,02:12:10,130,14,,0,0,4.818,0
18310106003102005102,02:14:09,02:14:09,539,15,,0,0,5.55,0
18310106003102005102,02:15:04,02:15:04,161,16,,0,0,5.972,0
18310106003102005102,02:16:15,02:16:15,159,17,,0,0,6.251,0
18310106003102005102,02:17:24,02:17:24,131,18,,0,0,6.67,0
18310106003102005102,02:18:22,02:18:22,132,19,,0,0,6.935,0
18310106003102005102,02:18:59,02:18:59,94,20,,0,0,7.204,0
18310106003102005102,02:19:36,02:19:36,133,21,,0,0,7.402,0
18310106003102005102,02:21:19,02:21:19,134,22,,0,0,8.136,0
18310106003102005102,02:22:33,02:22:33,135,23,,0,0,8.54,0
18310106003102005102,02:24:10,02:24:10,136,24,,0,0,9.096,0
18310106003102005102,02:25:53,02:25:53,102,25,,0,0,9.622,0
18310106003102305101,02:30:00,02:30:00,102,1,,0,0,0.0,0
18310106003102305101,02:33:16,02:33:16,103,2,,0,0,0.648,0
18310106003102305101,02:35:40,02:35:40,104,3,,0,0,1.304,0
18310106003102305101,02:36:43,02:36:43,105,4,,0,0,1.541,0
18310106003102305101,02:37:43,02:37:43,106,5,,0,0,1.932,0
18310106003102305101,02:39:26,02:39:26,107,6,,0,0,2.485,0
18310106003102305101,02:40:10,02:40:10,78,7,,0,0,2.737,0
18310106003102305101,02:40:47,02:40:47,108,8,,0,0,3.052,0
18310106003102305101,02:41:35,02:41:35,109,9,,0,0,3.326,0
18310106003102305101,02:42:53,02:42:53,158,10,,0,0,3.728,0
18310106003102305101,02:43:53,02:43:53,110,11,,0,0,3.879,0
18310106003102305101,02:44:56,02:44:56,111,12,,0,0,4.304,0
18310106003102305101,02:46:13,02:46:13,112,13,,0,0,4.68,0
18310106003102305101,02:47:00,02:47:00,113,14,,0,0,5.026,0
18310106003102305101,02:47:54,02:47:54,114,15,,0,0,5.413,0
18310106003102305101,02:48:36,02:48:36,115,16,,0,0,5.675,0
18310106003102305101,02:49:24,02:49:24,411,17,,0,0,5.891,0
18310106003102305101,02:50:06,02:50:06,116,18,,0,0,6.065,0
18310106003102305101,02:50:47,02:50:47,604,19,,0,0,6.284,0
18310106003102305101,02:51:20,02:51:20,117,20,,0,0,6.478,0
18310106003102305101,02:51:58,02:51:58,118,21,,0,0,6.662,0
18310106003102305101,02:52:24,02:52:24,410,22,,0,0,6.82,0
18310106003102305101,02:53:00,02:53:00,119,23,,0,0,7.02,0
18310106003102305101,02:53:51,02:53:51,120,24,,0,0,7.324,0
18310106003103005102,03:00:00,03:00:00,120,1,,0,0,0.0,0
18310106003103005102,03:01:07,03:01:07,121,2,,0,0,0.361,0
18310106003103005102,03:02:18,03:02:18,122,3,,0,0,0.761,0
18310106003103005102,03:02:54,03:02:54,123,4,,0,0,0.924,0
18310106003103005102,03:03:24,03:03:24,603,5,,0,0,1.088,0
18310106003103005102,03:03:54,03:03:54,124,6,,0,0,1.343,0
18310106003103005102,03:04:38,03:04:38,413,7,,0,0,1.504,0
18310106003103005102,03:05:29,03:05:29,125,8,,0,0,1.778,0
18310106003103005102,03:06:29,03:06:29,144,9,,0,0,2.207,0
18310106003103005102,03:07:17,03:07:17,142,10,,0,0,2.578,0
18310106003103005102,03:08:04,03:08:04,140,11,,0,0,2.927,0
18310106003103005102,03:09:39,03:09:39,138,12,,0,0,3.764,0
18310106003103005102,03:10:57,03:10:57,129,13,,0,0,4.415,0
18310106003103005102,03:12:10,03:12:10,130,14,,0,0,4.818,0
18310106003103005102,03:14:09,03:14:09,539,15,,0,0,5.55,0
18310106003103005102,03:15:04,03:15:04,161,16,,0,0,5.972,0
18310106003103005102,03:16:15,03:16:15,159,17,,0,0,6.251,0
18310106003103005102,03:17:24,03:17:24,131,18,,0,0,6.67,0
18310106003103005102,03:18:22,03:18:22,132,19,,0,0,6.935,0
18310106003103005102,03:18:59,03:18:59,94,20,,0,0,7.204,0
18310106003103005102,03:19:36,03:19:36,133,21,,0,0,7.402,0
18310106003103005102,03:21:19,03:21:19,134,22,,0,0,8.136,0
18310106003103005102,03:22:33,03:22:33,135,23,,0,0,8.54,0
18310106003103005102,03:24:10,03:24:10,136,24,,0,0,9.096,0
18310106003103005102,03:25:53,03:25:53,102,25,,0,0,9.622,0
18310106003103305101,03:30:00,03:30:00,102,1,,0,0,0.0,0
18310106003103305101,03:33:16,03:33:16,103,2,,0,0,0.648,0
18310106003103305101,03:35:40,03:35:40,104,3,,0,0,1.304,0
18310106003103305101,03:36:43,03:36:43,105,4,,0,0,1.541,0
18310106003103305101,03:37:43,03:37:43,106,5,,0,0,1.932,0
18310106003103305101,03:39:26,03:39:26,107,6,,0,0,2.485,0
18310106003103305101,03:40:10,03:40:10,78,7,,0,0,2.737,0
18310106003103305101,03:40:47,03:40:47,108,8,,0,0,3.052,0
18310106003103305101,03:41:35,03:41:35,109,9,,0,0,3.326,0
18310106003103305101,03:42:53,03:42:53,158,10,,0,0,3.728,0
18310106003103305101,03:43:53,03:43:53,110,11,,0,0,3.879,0
18310106003103305101,03:44:56,03:44:56,111,12,,0,0,4.304,0
18310106003103305101,03:46:13,03:46:13,112,13,,0,0,4.68,0
18310106003103305101,03:47:00,03:47:00,113,14,,0,0,5.026,0
18310106003103305101,03:47:54,03:47:54,114,15,,0,0,5.413,0
18310106003103305101,03:48:36,03:48:36,115,16,,0,0,5.675,0
18310106003103305101,03:49:24,03:49:24,411,17,,0,0,5.891,0
18310106003103305101,03:50:06,03:50:06,116,18,,0,0,6.065,0
18310106003103305101,03:50:47,03:50:47,604,19,,0,0,6.284,0
18310106003103305101,03:51:20,03:51:20,117,20,,0,0,6.478,0
18310106003103305101,03:51:58,03:51:58,118,21,,0,0,6.662,0
18310108003000155101,00:15:00,00:15:00,34,1,,0,0,0.0,0
18310108003000155101,00:17:36,00:17:36,35,2,,0,0,0.67,0
18310108003000155101,00:19:56,00:19:56,36,3,,0,0,1.095,0
18310108003000155101,00:21:00,00:21:00,298,4,,0,0,1.532,0
18310108003000155101,00:21:34,00:21:34,299,5,,0,0,1.847,0
18310108003000155101,00:22:11,00:22:11,300,6,,0,0,2.04,0
18310108003000155101,00:22:49,00:22:49,301,7,,0,0,2.361,0
18310108003000155101,00:23:31,00:23:31,302,8,,0,0,2.628,0
18310108003000155101,00:24:25,00:24:25,344,9,,0,0,2.933,0
18310108003000155101,00:25:28,00:25:28,345,10,,0,0,3.361,0
18310108003000155101,00:26:33,00:26:33,55,11,,0,0,3.895,0
18310108003000155101,00:27:55,00:27:55,54,12,,0,0,4.229,0
18310108003000155101,00:29:22,00:29:22,53,13,,0,0,4.546,0
18310108003000155101,00:30:46,00:30:46,52,14,,0,0,4.875,0
18310108003000155101,00:31:53,00:31:53,51,15,,0,0,5.28,0
18310108003000155101,00:33:24,00:33:24,269,16,,0,0,5.619,0
18310108003000155101,00:33:54,00:33:54,433,17,,0,0,6.013,0
18310108003000155101,00:34:31,00:34:31,313,18,,0,0,6.218,0
18310108003000155101,00:35:24,00:35:24,566,19,,0,0,6.986,0
18310108003000155101,00:36:14,00:36:14,328,20,,0,0,7.289,0
18310108003000155101,00:36:43,00:36:43,329,21,,0,0,7.415,0
18310108003000155101,00:37:20,00:37:20,330,22,,0,0,7.742,0
18310108003000155101,00:38:11,00:38:11,375,23,,0,0,7.99,0
18310108003000155101,00:38:39,00:38:39,331,24,,0,0,8.077,0
18310108003000405102,00:40:00,00:40:00,331,1,,0,0,0.0,0
18310108003000405102,00:41:12,00:41:12,332,2,,0,0,0.345,0
18310108003000405102,00:41:50,00:41:50,333,3,,0,0,0.634,0
18310108003000405102,00:42:16,00:42:16,334,4,,0,0,0.844,0
18310108003000405102,00:42:48,00:42:48,335,5,,0,0,1.008,0
18310108003000405102,00:43:35,00:43:35,336,6,,0,0,1.292,0
18310108003000405102,00:44:49,00:44:49,337,7,,0,0,1.561,0
18310108003000405102,00:45:25,00:45:25,338,8,,0,0,1.75,0
18310108003000405102,00:45:55,00:45:55,276,9,,0,0,1.99,0
18310108003000405102,00:46:34,00:46:34,274,10,,0,0,2.336,0
18310108003000405102,00:48:54,00:48:54,39,11,,0,0,3.623,0
18310108003000405102,00:50:55,00:50:55,225,12,,0,0,4.142,0
18310108003000405102,00:53:15,00:53:15,37,13,,0,0,4.523,0
18310108003000405102,00:55:22,00:55:22,34,14,,0,0,4.941,0
18310108003001155101,01:15:00,01:15:00,34,1,,0,0,0.0,0
18310108003001155101,01:17:36,01:17:36,35,2,,0,0,0.67,0
18310108003001155101,01:19:56,01:19:56,36,3,,0,0,1.095,0
18310108003001155101,01:21:00,01:21:00,298,4,,0,0,1.532,0
18310108003001155101,01:21:34,01:21:34,299,5,,0,0,1.847,0
18310108003001155101,01:22:11,01:22:11,300,6,,0,0,2.04,0
18310108003001155101,01:22:49,01:22:49,301,7,,0,0,2.361,0
18310108003001155101,01:23:31,01:23:31,302,8,,0,0,2.628,0
18310108003001155101,01:24:25,01:24:25,344,9,,0,0,2.933,0
18310108003001155101,01:25:28,01:25:28,345,10,,0,0,3.361,0
18310108003001155101,01:26:33,01:26:33,55,11,,0,0,3.895,0
18310108003001155101,01:27:55,01:27:55,54,12,,0,0,4.229,0
18310108003001155101,01:29:22,01:29:22,53,13,,0,0,4.546,0
18310108003001155101,01:30:46,01:30:46,52,14,,0,0,4.875,0
18310108003001155101,01:31:53,01:31:53,51,15,,0,0,5.28,0
18310108003001155101,01:33:24,01:33:24,269,16,,0,0,5.619,0
18310108003001155101,01:33:54,01:33:54,433,17,,0,0,6.013,0
18310108003001155101,01:34:31,01:34:31,313,18,,0,0,6.218,0
18310108003001155101,01:35:24,01:35:24,566,19,,0,0,6.986,0
18310108003001155101,01:36:14,01:36:14,328,20,,0,0,7.289,0
18310108003001155101,01:36:43,01:36:43,329,21,,0,0,7.415,0
18310108003001155101,01:37:20,01:37:20,330,22,,0,0,7.742,0
18310108003001155101,01:38:11,01:38:11,375,23,,0,0,7.99,0
18310108003001155101,01:38:39,01:38:39,331,24,,0,0,8.077,0
18310108003001405102,01:40:00,01:40:00,331,1,,0,0,0.0,0
18310108003001405102,01:41:12,01:41:12,332,2,,0,0,0.345,0
18310108003001405102,01:41:50,01:41:50,333,3,,0,0,0.634,0
18310108003001405102,01:42:16,01:42:16,334,4,,0,0,0.844,0
18310108003001405102,01:42:48,01:42:48,335,5,,0,0,1.008,0
18310108003001405102,01:43:35,01:43:35,336,6,,0,0,1.292,0
18310108003001405102,01:44:49,01:44:49,337,7,,0,0,1.561,0
18310108003001405102,01:45:25,01:45:25,338,8,,0,0,1.75,0
18310108003001405102,01:45:55,01:45:55,276,9,,0,0,1.99,0
18310108003001405102,01:46:34,01:46:34,274,10,,0,0,2.336,0
18310108003001405102,01:48:54,01:48:54,39,11,,0,0,3.623,0
18310108003001405102,01:50:55,01:50:55,225,12,,0,0,4.142,0
18310108003001405102,01:53:15,01:53:15,37,13,,0,0,4.523,0
18310108003001405102,01:55:22,01:55:22,34,14,,0,0,4.941,0
18310108003002155101,02:15:00,02:15:00,34,1,,0,0,0.0,0
18310108003002155101,02:17:36,02:17:36,35,2,,0,0,0.67,0
18310108003002155101,02:19:56,02:19:56,36,3,,0,0,1.095,0
18310108003002155101,02:21:00,02:21:00,298,4,,0,0,1.532,0
18310108003002155101,02:21:34,02:21:34,299,5,,0,0,1.847,0
18310108003002155101,02:22:11,02:22:11,300,6,,0,0,2.04,0
18310108003002155101,02:22:49,02:22:49,301,7,,0,0,2.361,0
18310108003002155101,02:23:31,02:23:31,302,8,,0,0,2.628,0
18310108003002155101,02:24:25,02:24:25,344,9,,0,0,2.933,0
18310108003002155101,02:25:28,02:25:28,345,10,,0,0,3.361,0
18310108003002155101,02:26:33,02:26:33,55,11,,0,0,3.895,0
18310108003002155101,02:27:55,02:27:55,54,12,,0,0,4.229,0
18310108003002155101,02:29:22,02:29:22,53,13,,0,0,4.546,0
18310108003002155101,02:30:46,02:30:46,52,14,,0,0,4.875,0
18310108003002155101,02:31:53,02:31:53,51,15,,0,0,5.28,0
18310108003002155101,02:33:24,02:33:24,269,16,,0,0,5.619,0
18310108003002155101,02:33:54,02:33:54,433,17,,0,0,6.013,0
18310108003002155101,02:34:31,02:34:31,313,18,,0,0,6.218,0
18310108003002155101,02:35:24,02:35:24,566,19,,0,0,6.986,0
18310108003002155101,02:36:14,02:36:14,328,20,,0,0,7.289,0
18310108003002155101,02:36:43,02:36:43,329,21,,0,0,7.415,0
18310108003002155101,02:37:20,02:37:20,330,22,,0,0,7.742,0
18310108003002155101,02:38:11,02:38:11,375,23,,0,0,7.99,0
18310108003002155101,02:38:39,02:38:39,331,24,,0,0,8.077,0
18310108003002405102,02:40:00,02:40:00,331,1,,0,0,0.0,0
18310108003002405102,02:41:12,02:41:12,332,2,,0,0,0.345,0
18310108003002405102,02:41:50,02:41:50,333,3,,0,0,0.634,0
18310108003002405102,02:42:16,02:42:16,334,4,,0,0,0.844,0
18310108003002405102,02:42:48,02:42:48,335,5,,0,0,1.008,0
18310108003002405102,02:43:35,02:43:35,336,6,,0,0,1.292,0
18310108003002405102,02:44:49,02:44:49,337,7,,0,0,1.561,0
18310108003002405102,02:45:25,02:45:25,338,8,,0,0,1.75,0
18310108003002405102,02:45:55,02:45:55,276,9,,0,0,1.99,0
18310108003002405102,02:46:34,02:46:34,274,10,,0,0,2.336,0
18310108003002405102,02:48:54,02:48:54,39,11,,0,0,3.623,0
18310108003002405102,02:50:55,02:50:55,225,12,,0,0,4.142,0
18310108003002405102,02:53:15,02:53:15,37,13,,0,0,4.523,0
18310108003002405102,02:55:22,02:55:22,34,14,,0,0,4.941,0
18310108003003155101,03:15:00,03:15:00,34,1,,0,0,0.0,0
18310108003003155101,03:17:36,03:17:36,35,2,,0,0,0.67,0
18310108003003155101,03:19:56,03:19:56,36,3,,0,0,1.095,0
18310108003003155101,03:21:00,03:21:00,298,4,,0,0,1.532,0
18310108003003155101,03:21:34,03:21:34,299,5,,0,0,1.847,0
18310108003003155101,03:22:11,03:22:11,300,6,,0,0,2.04,0
18310108003003155101,03:22:49,03:22:49,301,7,,0,0,2.361,0
18310108003003155101,03:23:31,03:23:31,302,8,,0,0,2.628,0
18310108003003155101,03:24:25,03:24:25,344,9,,0,0,2.933,0
18310108003003155101,03:25:28,03:25:28,345,10,,0,0,3.361,0
18310108003003155101,03:26:33,03:26:33,55,11,,0,0,3.895,0
18310108003003155101,03:27:55,03:27:55,54,12,,0,0,4.229,0
18310108003003155101,03:29:22,03:29:22,53,13,,0,0,4.546,0
18310108003003155101,03:30:46,03:30:46,52,14,,0,0,4.875,0
18310108003003155101,03:31:53,03:31:53,51,15,,0,0,5.28,0
18310108003003155101,03:33:24,03:33:24,269,16,,0,0,5.619,0
18310108003003155101,03:33:54,03:33:54,433,17,,0,0,6.013,0
18310108003003155101,03:34:31,03:34:31,313,18,,0,0,6.218,0
18310108003003155101,03:35:24,03:35:24,566,19,,0,0,6.986,0
18310108003003155101,03:36:14,03:36:14,328,20,,0,0,7.289,0
18310108003003155101,03:36:43,03:36:43,329,21,,0,0,7.415,0
18310108003100455101,00:45:00,00:45:00,34,1,,0,0,0.0,0
18310108003100455101,00:47:36,00:47:36,35,2,,0,0,0.67,0
18310108003100455101,00:49:56,00:49:56,36,3,,0,0,1.095,0
18310108003100455101,00:51:00,00:51:00,298,4,,0,0,1.532,0
18310108003100455101,00:51:34,00:51:34,299,5,,0,0,1.847,0
18310108003100455101,00:52:11,00:52:11,300,6,,0,0,2.04,0
18310108003100455101,00:52:49,00:52:49,301,7,,0,0,2.361,0
18310108003100455101,00:53:31,00:53:31,302,8,,0,0,2.628,0
18310108003100455101,00:54:25,00:54:25,344,9,,0,0,2.933,0
18310108003100455101,00:55:28,00:55:28,345,10,,0,0,3.361,0
18310108003100455101,00:56:33,00:56:33,55,11,,0,0,3.895,0
18310108003100455101,00:57:55,00:57:55,54,12,,0,0,4.229,0
18310108003100455101,00:59:22,00:59:22,53,13,,0,0,4.546,0
18310108003100455101,01:00:46,01:00:46,52,14,,0,0,4.875,0
18310108003100455101,01:01:53,01:01:53,51,15,,0,0,5.28,0
18310108003100455101,01:03:24,01:03:24,269,16,,0,0,5.619,0
18310108003100455101,01:03:54,01:03:54,433,17,,0,0,6.013,0
18310108003100455101,01:04:31,01:04:31,313,18,,0,0,6.218,0
18310108003100455101,01:05:24,01:05:24,566,19,,0,0,6.986,0
18310108003100455101,01:06:14,01:06:14,328,20,,0,0,7.289,0
18310108003100455101,01:06:43,01:06:43,329,21,,0,0,7.415,0
18310108003100455101,01:07:20,01:07:20,330,22,,0,0,7.742,0
18310108003100455101,01:08:11,01:08:11,375,23,,0,0,7.99,0
18310108003100455101,01:08:39,01:08:39,331,24,,0,0,8.077,0
18310108003101105102,01:10:00,01:10:00,331,1,,0,0,0.0,0
18310108003101105102,01:11:12,01:11:12,332,2,,0,0,0.345,0
18310108003101105102,01:11:50,01:11:50,333,3,,0,0,0.634,0
18310108003101105102,01:12:16,01:12:16,334,4,,0,0,0.844,0
18310108003101105102,01:12:48,01:12:48,335,5,,0,0,1.008,0
18310108003101105102,01:13:35,01:13:35,336,6,,0,0,1.292,0
18310108003101105102,01:14:49,01:14:49,337,7,,0,0,1.561,0
18310108003101105102,01:15:25,01:15:25,338,8,,0,0,1.75,0
18310108003101105102,01:15:55,01:15:55,276,9,,0,0,1.99,0
18310108003101105102,01:16:34,01:16:34,274,10,,0,0,2.336,0
18310108003101105102,01:18:54,01:18:54,39,11,,0,0,3.623,0
18310108003101105102,01:20:55,01:20:55,225,12,,0,0,4.142,0
18310108003101105102,01:23:15,01:23:15,37,13,,0,0,4.523,0
18310108003101105102,01:25:22,01:25:22,34,14,,0,0,4.941,0
18310108003101455101,01:45:00,01:45:00,34,1,,0,0,0.0,0
18310108003101455101,01:47:36,01:47:36,35,2,,0,0,0.67,0
18310108003101455101,01:49:56,01:49:56,36,3,,0,0,1.095,0
18310108003101455101,01:51:00,01:51:00,298,4,,0,0,1.532,0
18310108003101455101,01:51:34,01:51:34,299,5,,0,0,1.847,0
18310108003101455101,01:52:11,01:52:11,300,6,,0,0,2.04,0
18310108003101455101,01:52:49,01:52:49,301,7,,0,0,2.361,0
18310108003101455101,01:53:31,01:53:31,302,8,,0,0,2.628,0
18310108003101455101,01:54:25,01:54:25,344,9,,0,0,2.933,0
18310108003101455101,01:55:28,01:55:28,345,10,,0,0,3.361,0
18310108003101455101,01:56:33,01:56:33,55,11,,0,0,3.895,0
18310108003101455101,01:57:55,01:57:55,54,12,,0,0,4.229,0
18310108003101455101,01:59:22,01:59:22,53,13,,0,0,4.546,0
18310108003101455101,02:00:46,02:00:46,52,14,,0,0,4.875,0
18310108003101455101,02:01:53,02:01:53,51,15,,0,0,5.28,0
18310108003101455101,02:03:24,02:03:24,269,16,,0,0,5.619,0
18310108003101455101,02:03:54,02:03:54,433,17,,0,0,6.013,0
18310108003101455101,02:04:31,02:04:31,313,18,,0,0,6.218,0
18310108003101455101,02:05:24,02:05:24,566,19,,0,0,6.986,0
18310108003101455101,02:06:14,02:06:14,328,20,,0,0,7.289,0
18310108003101455101,02:06:43,02:06:43,329,21,,0,0,7.415,0
18310108003101455101,02:07:20,02:07:20,330,22,,0,0,7.742,0
18310108003101455101,02:08:11,02:08:11,375,23,,0,0,7.99,0
18310108003101455101,02:08:39,02:08:39,331,24,,0,0,8.077,0
18310108003102105102,02:10:00,02:10:00,331,1,,0,0,0.0,0
18310108003102105102,02:11:12,02:11:12,332,2,,0,0,0.345,0
18310108003102105102,02:11:50,02:11:50,333,3,,0,0,0.634,0
18310108003102105102,02:12:16,02:12:16,334,4,,0,0,0.844,0
18310108003102105102,02:12:48,02:12:48,335,5,,0,0,1.008,0
18310108003102105102,02:13:35,02:13:35,336,6,,0,0,1.292,0
18310108003102105102,02:14:49,02:14:49,337,7,,0,0,1.561,0
18310108003102105102,02:15:25,02:15:25,338,8,,0,0,1.75,0
18310108003102105102,02:15:55,02:15:55,276,9,,0,0,1.99,0
18310108003102105102,02:16:34,02:16:34,274,10,,0,0,2.336,0
18310108003102105102,02:18:54,02:18:54,39,11,,0,0,3.623,0
18310108003102105102,02:20:55,02:20:55,225,12,,0,0,4.142,0
18310108003102105102,02:25:22,02:25:22,34,13,,0,0,4.523,0
18310108003202455101,02:45:00,02:45:00,34,1,,0,0,0.0,0
18310108003202455101,02:47:36,02:47:36,35,2,,0,0,0.67,0
18310108003202455101,02:49:56,02:49:56,36,3,,0,0,1.095,0
18310108003202455101,02:51:00,02:51:00,298,4,,0,0,1.532,0
18310108003202455101,02:51:34,02:51:34,299,5,,0,0,1.847,0
18310108003202455101,02:52:11,02:52:11,300,6,,0,0,2.04,0
18310108003202455101,02:52:49,02:52:49,301,7,,0,0,2.361,0
18310108003202455101,02:53:31,02:53:31,302,8,,0,0,2.628,0
18310108003202455101,02:54:25,02:54:25,344,9,,0,0,2.933,0
18310108003202455101,02:55:28,02:55:28,345,10,,0,0,3.361,0
18310108003202455101,02:56:33,02:56:33,55,11,,0,0,3.895,0
18310108003202455101,02:57:55,02:57:55,54,12,,0,0,4.229,0
18310108003202455101,02:59:22,02:59:22,53,13,,0,0,4.546,0
18310108003202455101,03:00:46,03:00:46,52,14,,0,0,4.875,0
18310108003202455101,03:01:53,03:01:53,51,15,,0,0,5.28,0
18310108003202455101,03:03:24,03:03:24,269,16,,0,0,5.619,0
18310108003202455101,03:03:54,03:03:54,433,17,,0,0,6.013,0
18310108003202455101,03:04:31,03:04:31,313,18,,0,0,6.218,0
18310108003202455101,03:05:24,03:05:24,566,19,,0,0,6.986,0
18310108003202455101,03:06:14,03:06:14,328,20,,0,0,7.289,0
18310108003202455101,03:06:43,03:06:43,329,21,,0,0,7.415,0
18310108003202455101,03:07:20,03:07:20,330,22,,0,0,7.742,0
18310108003202455101,03:08:11,03:08:11,375,23,,0,0,7.99,0
18310108003202455101,03:08:39,03:08:39,331,24,,0,0,8.077,0
18310108003203105102,03:10:00,03:10:00,331,1,,0,0,0.0,0
18310108003203105102,03:11:12,03:11:12,332,2,,0,0,0.345,0
18310108003203105102,03:11:50,03:11:50,333,3,,0,0,0.634,0
18310108003203105102,03:12:16,03:12:16,334,4,,0,0,0.844,0
18310108003203105102,03:12:48,03:12:48,335,5,,0,0,1.008,0
18310108003203105102,03:13:35,03:13:35,336,6,,0,0,1.292,0
18310108003203105102,03:14:49,03:14:49,337,7,,0,0,1.561,0
18310108003203105102,03:15:25,03:15:25,338,8,,0,0,1.75,0
18310108003203105102,03:15:55,03:15:55,276,9,,0,0,1.99,0
18310108003203105102,03:16:34,03:16:34,274,10,,0,0,2.336,0
18310108003203105102,03:18:54,03:18:54,39,11,,0,0,3.623,0
18310108003203105102,03:20:55,03:20:55,225,12,,0,0,4.142,0
18310108003203105102,03:23:15,03:23:15,37,13,,0,0,4.523,0
18310108003203105102,03:25:22,03:25:22,34,14,,0,0,4.941,0
18310108003203455101,03:45:00,03:45:00,34,1,,0,0,0.0,0
18310108003203455101,03:47:36,03:47:36,35,2,,0,0,0.67,0
18310108003203455101,03:49:56,03:49:56,36,3,,0,0,1.095,0
18310108003203455101,03:51:00,03:51:00,298,4,,0,0,1.532,0
18310108003203455101,03:51:34,03:51:34,299,5,,0,0,1.847,0
18310108003203455101,03:52:11,03:52:11,300,6,,0,0,2.04,0
18310108003203455101,03:52:49,03:52:49,301,7,,0,0,2.361,0
18310108003203455101,03:53:31,03:53:31,302,8,,0,0,2.628,0
18310108003203455101,03:54:25,03:54:25,344,9,,0,0,2.933,0
18310108003203455101,03:55:28,03:55:28,345,10,,0,0,3.361,0
18310108003203455101,03:56:33,03:56:33,55,11,,0,0,3.895,0
18310108003203455101,03:57:55,03:57:55,54,12,,0,0,4.229,0
18310108003203455101,03:59:22,03:59:22,53,13,,0,0,4.546,0
18310108003203455101,04:00:46,04:00:46,52,14,,0,0,4.875,0
18310108003203455101,04:01:53,04:01:53,51,15,,0,0,5.28,0
18310108003203455101,04:03:24,04:03:24,269,16,,0,0,5.619,0
18310108003203455101,04:03:54,04:03:54,433,17,,0,0,6.013,0
18310108003203455101,04:04:31,04:04:31,313,18,,0,0,6.218,0
18310108003203455101,04:05:24,04:05:24,566,19,,0,0,6.986,0
18310108003203455101,04:06:14,04:06:14,328,20,,0,0,7.289,0
18310108003203455101,04:06:43,04:06:43,329,21,,0,0,7.415,0
18310109003000155101,00:15:00,00:15:00,1,1,,0,0,0.0,0
18310109003000155101,00:17:33,00:17:33,2,2,,0,0,0.67,0
18310109003000155101,00:19:23,00:19:23,3,3,,0,0,1.141,0
18310109003000155101,00:20:55,00:20:55,4,4,,0,0,1.609,0
18310109003000155101,00:21:45,00:21:45,5,5,,0,0,1.842,0
18310109003000155101,00:23:23,00:23:23,6,6,,0,0,2.339,0
18310109003000155101,00:24:22,00:24:22,199,7,,0,0,2.575,0
18310109003000155101,00:25:49,00:25:49,420,8,,0,0,3.146,0
18310109003000155101,00:26:36,00:26:36,212,9,,0,0,3.537,0
18310109003000155101,00:27:54,00:27:54,214,10,,0,0,3.893,0
18310109003000155101,00:29:47,00:29:47,215,11,,0,0,4.748,0
18310109003000155101,00:30:50,00:30:50,497,12,,0,0,5.125,0
18310109003000155101,00:31:29,00:31:29,216,13,,0,0,5.481,0
18310109003000155101,00:32:27,00:32:27,394,14,,0,0,5.657,0
18310109003000155101,00:33:00,00:33:00,512,15,,0,0,5.808,0
18310109003000335102,00:33:00,00:33:00,437,1,,0,0,0.0,0
18310109003000335102,00:33:39,00:33:39,380,2,,0,0,0.161,0
18310109003000335102,00:34:19,00:34:19,423,3,,0,0,0.343,0
18310109003000335102,00:35:10,00:35:10,209,4,,0,0,0.939,0
18310109003000335102,00:39:20,00:39:20,32,5,,0,0,2.728,0
18310109003000335102,00:41:16,00:41:16,1,6,,0,0,3.098,0
18310109003000455101,00:45:00,00:45:00,1,1,,0,0,0.0,0
18310109003000455101,00:47:33,00:47:33,2,2,,0,0,0.67,0
18310109003000455101,00:49:23,00:49:23,3,3,,0,0,1.141,0
18310109003000455101,00:50:55,00:50:55,4,4,,0,0,1.609,0
18310109003000455101,00:51:45,00:51:45,5,5,,0,0,1.842,0
18310109003000455101,00:53:23,00:53:23,6,6,,0,0,2.339,0
18310109003000455101,00:54:22,00:54:22,199,7,,0,0,2.575,0
18310109003000455101,00:55:49,00:55:49,420,8,,0,0,3.146,0
18310109003000455101,00:56:36,00:56:36,212,9,,0,0,3.537,0
18310109003000455101,00:57:54,00:57:54,214,10,,0,0,3.893,0
18310109003000455101,00:59:47,00:59:47,215,11,,0,0,4.748,0
18310109003000455101,01:00:50,01:00:50,497,12,,0,0,5.125,0
18310109003000455101,01:01:29,01:01:29,216,13,,0,0,5.481,0
18310109003000455101,01:02:27,01:02:27,394,14,,0,0,5.657,0
18310109003000455101,01:03:00,01:03:00,512,15,,0,0,5.808,0
18310109003001035102,01:03:00,01:03:00,437,1,,0,0,0.0,0
18310109003001035102,01:03:39,01:03:39,380,2,,0,0,0.161,0
18310109003001035102,01:04:19,01:04:19,423,3,,0,0,0.343,0
18310109003001035102,01:05:10,01:05:10,209,4,,0,0,0.939,0
18310109003001035102,01:09:20,01:09:20,32,5,,0,0,2.728,0
18310109003001035102,01:11:16,01:11:16,1,6,,0,0,3.098,0
18310109003001155101,01:15:00,01:15:00,1,1,,0,0,0.0,0
18310109003001155101,01:17:33,01:17:33,2,2,,0,0,0.67,0
18310109003001155101,01:19:23,01:19:23,3,3,,0,0,1.141,0
18310109003001155101,01:20:55,01:20:55,4,4,,0,0,1.609,0
18310109003001155101,01:21:45,01:21:45,5,5,,0,0,1.842,0
18310109003001155101,01:23:23,01:23:23,6,6,,0,0,2.339,0
18310109003001155101,01:24:22,01:24:22,199,7,,0,0,2.575,0
18310109003001155101,01:25:49,01:25:49,420,8,,0,0,3.146,0
18310109003001155101,01:26:36,01:26:36,212,9,,0,0,3.537,0
18310109003001155101,01:27:54,01:27:54,214,10,,0,0,3.893,0
18310109003001155101,01:29:47,01:29:47,215,11,,0,0,4.748,0
18310109003001155101,01:30:50,01:30:50,497,12,,0,0,5.125,0
18310109003001155101,01:31:29,01:31:29,216,13,,0,0,5.481,0
18310109003001155101,01:32:27,01:32:27,394,14,,0,0,5.657,0
18310109003001155101,01:33:00,01:33:00,512,15,,0,0,5.808,0
18310109003001335102,01:33:00,01:33:00,437,1,,0,0,0.0,0
18310109003001335102,01:33:39,01:33:39,380,2,,0,0,0.161,0
18310109003001335102,01:34:19,01:34:19,423,3,,0,0,0.343,0
18310109003001335102,01:35:10,01:35:10,209,4,,0,0,0.939,0
18310109003001335102,01:39:20,01:39:20,32,5,,0,0,2.728,0
18310109003001335102,01:41:16,01:41:16,1,6,,0,0,3.098,0
18310109003001455101,01:45:00,01:45:00,1,1,,0,0,0.0,0
18310109003001455101,01:47:33,01:47:33,2,2,,0,0,0.67,0
18310109003001455101,01:49:23,01:49:23,3,3,,0,0,1.141,0
18310109003001455101,01:50:55,01:50:55,4,4,,0,0,1.609,0
18310109003001455101,01:51:45,01:51:45,5,5,,0,0,1.842,0
18310109003001455101,01:53:23,01:53:23,6,6,,0,0,2.339,0
18310109003001455101,01:54:22,01:54:22,199,7,,0,0,2.575,0
18310109003001455101,01:55:49,01:55:49,420,8,,0,0,3.146,0
18310109003001455101,01:56:36,01:56:36,212,9,,0,0,3.537,0
18310109003001455101,01:57:54,01:57:54,214,10,,0,0,3.893,0
18310109003001455101,01:59:47,01:59:47,215,11,,0,0,4.748,0
18310109003001455101,02:00:50,02:00:50,497,12,,0,0,5.125,0
18310109003001455101,02:01:29,02:01:29,216,13,,0,0,5.481,0
18310109003001455101,02:02:27,02:02:27,394,14,,0,0,5.657,0
18310109003001455101,02:03:00,02:03:00,512,15,,0,0,5.808,0
18310109003002035102,02:03:00,02:03:00,437,1,,0,0,0.0,0
18310109003002035102,02:03:39,02:03:39,380,2,,0,0,0.161,0
18310109003002035102,02:04:19,02:04:19,423,3,,0,0,0.343,0
18310109003002035102,02:05:10,02:05:10,209,4,,0,0,0.939,0
18310109003002035102,02:09:20,02:09:20,32,5,,0,0,2.728,0
18310109003002035102,02:11:16,02:11:16,1,6,,0,0,3.098,0
18310109003002155101,02:15:00,02:15:00,1,1,,0,0,0.0,0
18310109003002155101,02:17:33,02:17:33,2,2,,0,0,0.67,0
18310109003002155101,02:19:23,02:19:23,3,3,,0,0,1.141,0
18310109003002155101,02:20:55,02:20:55,4,4,,0,0,1.609,0
18310109003002155101,02:21:45,02:21:45,5,5,,0,0,1.842,0
18310109003002155101,02:23:23,02:23:23,6,6,,0,0,2.339,0
18310109003002155101,02:24:22,02:24:22,199,7,,0,0,2.575,0
18310109003002155101,02:25:49,02:25:49,420,8,,0,0,3.146,0
18310109003002155101,02:26:36,02:26:36,212,9,,0,0,3.537,0
18310109003002155101,02:27:54,02:27:54,214,10,,0,0,3.893,0
18310109003002155101,02:29:47,02:29:47,215,11,,0,0,4.748,0
18310109003002155101,02:30:50,02:30:50,497,12,,0,0,5.125,0
18310109003002155101,02:31:29,02:31:29,216,13,,0,0,5.481,0
18310109003002155101,02:32:27,02:32:27,394,14,,0,0,5.657,0
18310109003002155101,02:33:00,02:33:00,512,15,,0,0,5.808,0
18310109003002335102,02:33:00,02:33:00,437,1,,0,0,0.0,0
18310109003002335102,02:33:39,02:33:39,380,2,,0,0,0.161,0
18310109003002335102,02:34:19,02:34:19,423,3,,0,0,0.343,0
18310109003002335102,02:35:10,02:35:10,209,4,,0,0,0.939,0
18310109003102455101,02:45:00,02:45:00,1,1,,0,0,0.0,0
18310109003102455101,02:47:33,02:47:33,2,2,,0,0,0.67,0
18310109003102455101,02:49:23,02:49:23,3,3,,0,0,1.141,0
18310109003102455101,02:50:55,02:50:55,4,4,,0,0,1.609,0
18310109003102455101,02:51:45,02:51:45,5,5,,0,0,1.842,0
18310109003102455101,02:53:23,02:53:23,6,6,,0,0,2.339,0
18310109003102455101,02:54:22,02:54:22,199,7,,0,0,2.575,0
18310109003102455101,02:55:49,02:55:49,420,8,,0,0,3.146,0
18310109003102455101,02:56:36,02:56:36,212,9,,0,0,3.537,0
18310109003102455101,02:57:54,02:57:54,214,10,,0,0,3.893,0
18310109003102455101,02:59:47,02:59:47,215,11,,0,0,4.748,0
18310109003102455101,03:00:50,03:00:50,497,12,,0,0,5.125,0
18310109003102455101,03:01:29,03:01:29,216,13,,0,0,5.481,0
18310109003102455101,03:02:27,03:02:27,394,14,,0,0,5.657,0
18310109003102455101,03:03:00,03:03:00,512,15,,0,0,5.808,0
18310109003103035102,03:03:00,03:03:00,437,1,,0,0,0.0,0
18310109003103035102,03:03:39,03:03:39,380,2,,0,0,0.161,0
18310109003103035102,03:04:19,03:04:19,423,3,,0,0,0.343,0
18310109003103035102,03:05:10,03:05:10,209,4,,0,0,0.939,0
18310109003103035102,03:09:20,03:09:20,32,5,,0,0,2.728,0
18310109003103035102,03:11:16,03:11:16,1,6,,0,0,3.098,0
18310109003103155101,03:15:00,03:15:00,1,1,,0,0,0.0,0
18310109003103155101,03:17:33,03:17:33,2,2,,0,0,0.67,0
18310109003103155101,03:19:23,03:19:23,3,3,,0,0,1.141,0
18310109003103155101,03:20:55,03:20:55,4,4,,0,0,1.609,0
18310109003103155101,03:21:45,03:21:45,5,5,,0,0,1.842,0
18310109003103155101,03:23:23,03:23:23,6,6,,0,0,2.339,0
18310109003103155101,03:24:22,03:24:22,199,7,,0,0,2.575,0
18310109003103155101,03:25:49,03:25:49,420,8,,0,0,3.146,0
18310109003103155101,03:26:36,03:26:36,212,9,,0,0,3.537,0
18310109003103155101,03:27:54,03:27:54,214,10,,0,0,3.893,0
18310109003103155101,03:29:47,03:29:47,215,11,,0,0,4.748,0
18310109003103155101,03:30:50,03:30:50,497,12,,0,0,5.125,0
18310109003103155101,03:31:29,03:31:29,216,13,,0,0,5.481,0
18310109003103155101,03:32:27,03:32:27,394,14,,0,0,5.657,0
18310109003103155101,03:33:00,03:33:00,512,15,,0,0,5.808,0
18310109003103335102,03:33:00,03:33:00,437,1,,0,0,0.0,0
18310109003103335102,03:33:39,03:33:39,380,2,,0,0,0.161,0
18310109003103335102,03:34:19,03:34:19,423,3,,0,0,0.343,0
18310109003103335102,03:35:10,03:35:10,209,4,,0,0,0.939,0
18310109003103335102,03:39:20,03:39:20,32,5,,0,0,2.728,0
18310109003103335102,03:41:16,03:41:16,1,6,,0,0,3.098,0
18310109003103455101,03:45:00,03:45:00,1,1,,0,0,0.0,0
18310109003103455101,03:47:33,03:47:33,2,2,,0,0,0.67,0
18310109003103455101,03:49:23,03:49:23,3,3,,0,0,1.141,0
18310109003103455101,03:50:55,03:50:55,4,4,,0,0,1.609,0
18310109003103455101,03:51:45,03:51:45,5,5,,0,0,1.842,0
18310109003103455101,03:53:23,03:53:23,6,6,,0,0,2.339,0
18310109003103455101,03:54:22,03:54:22,199,7,,0,0,2.575,0
18310109003103455101,03:55:49,03:55:49,420,8,,0,0,3.146,0
18310109003103455101,03:56:36,03:56:36,212,9,,0,0,3.537,0
18310109003103455101,03:57:54,03:57:54,214,10,,0,0,3.893,0
18310109003103455101,03:59:47,03:59:47,215,11,,0,0,4.748,0
18310109003103455101,04:00:50,04:00:50,497,12,,0,0,5.125,0
18310110003000105202,00:10:00,00:10:00,164,1,,0,0,0.0,0
18310110003000105202,00:11:34,00:11:34,161,2,,0,0,0.39,0
18310110003000105202,00:12:45,00:12:45,159,3,,0,0,0.666,0
18310110003000105202,00:13:54,00:13:54,131,4,,0,0,1.085,0
18310110003000105202,00:14:52,00:14:52,132,5,,0,0,1.35,0
18310110003000105202,00:15:29,00:15:29,94,6,,0,0,1.619,0
18310110003000105202,00:16:06,00:16:06,133,7,,0,0,1.817,0
18310110003000105202,00:17:49,00:17:49,134,8,,0,0,2.551,0
18310110003000105202,00:19:03,00:19:03,135,9,,0,0,2.953,0
18310110003000105202,00:20:40,00:20:40,136,10,,0,0,3.51,0
18310110003000105202,00:22:23,00:22:23,102,11,,0,0,4.036,0
18310110003000455101,00:45:00,00:45:00,102,1,,0,0,0.0,0
18310110003000455101,00:47:52,00:47:52,103,2,,0,0,0.648,0
18310110003000455101,00:49:58,00:49:58,104,3,,0,0,1.304,0
18310110003000455101,00:50:53,00:50:53,105,4,,0,0,1.542,0
18310110003000455101,00:51:42,00:51:42,507,5,,0,0,1.887,0
18310110003000455101,00:52:33,00:52:33,61,6,,0,0,2.119,0
18310110003000455101,00:53:15,00:53:15,63,7,,0,0,2.487,0
18310110003000455101,00:54:20,00:54:20,533,8,,0,0,2.813,0
18310110003000455101,00:54:51,00:54:51,58,9,,0,0,3.073,0
18310110003000455101,00:55:18,00:55:18,421,10,,0,0,3.222,0
18310110003000455101,00:56:46,00:56:46,217,11,,0,0,3.665,0
18310110003000455101,00:57:17,00:57:17,158,12,,0,0,3.928,0
18310110003000455101,00:58:56,00:58:56,539,13,,0,0,4.653,0
18310110003000455101,00:59:33,00:59:33,160,14,,0,0,4.883,0
18310110003000455101,01:00:16,01:00:16,162,15,,0,0,5.084,0
18310110003000455101,01:01:05,01:01:05,163,16,,0,0,5.334,0
18310110003000455101,01:02:00,01:02:00,164,17,,0,0,5.67,0
18310110003000455101,01:02:57,01:02:57,161,18,,0,0,6.061,0
18310110003000455101,01:04:43,01:04:43,110,19,,0,0,6.453,0
18310110003000455101,01:05:39,01:05:39,111,20,,0,0,6.879,0
18310110003000455101,01:06:37,01:06:37,137,21,,0,0,7.516,0
18310110003000455101,01:08:04,01:08:04,139,22,,0,0,8.404,0
18310110003000455101,01:08:39,01:08:39,141,23,,0,0,8.685,0
18310110003000455101,01:09:17,01:09:17,143,24,,0,0,9.062,0
18310110003000455101,01:09:53,01:09:53,145,25,,0,0,9.375,0
18310110003000455101,01:10:24,01:10:24,115,26,,0,0,9.556,0
18310110003000455101,01:11:06,01:11:06,411,27,,0,0,9.772,0
18310110003000455101,01:11:43,01:11:43,116,28,,0,0,9.941,0
18310110003000455101,01:12:19,01:12:19,604,29,,0,0,10.162,0
18310110003000455101,01:12:48,01:12:48,117,30,,0,0,10.352,0
18310110003000455101,01:13:21,01:13:21,118,31,,0,0,10.535,0
18310110003000455101,01:13:44,01:13:44,410,32,,0,0,10.692,0
18310110003000455101,01:14:15,01:14:15,119,33,,0,0,10.891,0
18310110003000455101,01:15:00,01:15:00,120,34,,0,0,11.192,0
18310110003001155102,01:15:00,01:15:00,120,1,,0,0,0.0,0
18310110003001155102,01:16:07,01:16:07,121,2,,0,0,0.325,0
18310110003001155102,01:17:18,01:17:18,122,3,,0,0,0.726,0
18310110003001155102,01:17:54,01:17:54,123,4,,0,0,0.89,0
18310110003001155102,01:18:24,01:18:24,603,5,,0,0,1.055,0
18310110003001155102,01:18:54,01:18:54,124,6,,0,0,1.311,0
18310110003001155102,01:19:38,01:19:38,413,7,,0,0,1.474,0
18310110003001155102,01:20:29,01:20:29,125,8,,0,0,1.754,0
18310110003001155102,01:20:58,01:20:58,126,9,,0,0,1.962,0
18310110003001155102,01:21:41,01:21:41,127,10,,0,0,2.281,0
18310110003001155102,01:22:42,01:22:42,128,11,,0,0,2.754,0
18310110003001155102,01:24:05,01:24:05,129,12,,0,0,3.18,0
18310110003001155102,01:25:18,01:25:18,130,13,,0,0,3.576,0
18310110003001155102,01:26:57,01:26:57,131,14,,0,0,4.14,0
18310110003001155102,01:27:55,01:27:55,132,15,,0,0,4.405,0
18310110003001155102,01:28:32,01:28:32,94,16,,0,0,4.674,0
18310110003001155102,01:29:09,01:29:09,133,17,,0,0,4.872,0
18310110003001155102,01:30:52,01:30:52,134,18,,0,0,5.606,0
18310110003001155102,01:32:06,01:32:06,135,19,,0,0,6.008,0
18310110003001155102,01:33:43,01:33:43,136,20,,0,0,6.565,0
18310110003001155102,01:35:26,01:35:26,102,21,,0,0,7.091,0
18310110003001455101,01:45:00,01:45:00,102,1,,0,0,0.0,0
18310110003001455101,01:47:52,01:47:52,103,2,,0,0,0.648,0
18310110003001455101,01:49:58,01:49:58,104,3,,0,0,1.304,0
18310110003001455101,01:50:53,01:50:53,105,4,,0,0,1.542,0
18310110003001455101,01:51:42,01:51:42,507,5,,0,0,1.887,0
18310110003001455101,01:52:33,01:52:33,61,6,,0,0,2.119,0
18310110003001455101,01:53:15,01:53:15,63,7,,0,0,2.487,0
18310110003001455101,01:54:20,01:54:20,533,8,,0,0,2.813,0
18310110003001455101,01:54:51,01:54:51,58,9,,0,0,3.073,0
18310110003001455101,01:55:18,01:55:18,421,10,,0,0,3.222,0
18310110003001455101,01:56:46,01:56:46,217,11,,0,0,3.665,0
18310110003001455101,01:57:17,01:57:17,158,12,,0,0,3.928,0
18310110003001455101,01:58:56,01:58:56,539,13,,0,0,4.653,0
18310110003001455101,01:59:33,01:59:33,160,14,,0,0,4.883,0
18310110003001455101,02:00:16,02:00:16,162,15,,0,0,5.084,0
18310110003001455101,02:01:05,02:01:05,163,16,,0,0,5.334,0
18310110003001455101,02:02:00,02:02:00,164,17,,0,0,5.67,0
18310110003001455101,02:02:57,02:02:57,161,18,,0,0,6.061,0
18310110003001455101,02:04:43,02:04:43,110,19,,0,0,6.453,0
18310110003001455101,02:05:39,02:05:39,111,20,,0,0,6.879,0
18310110003001455101,02:06:37,02:06:37,137,21,,0,0,7.516,0
18310110003001455101,02:08:04,02:08:04,139,22,,0,0,8.404,0
18310110003001455101,02:08:39,02:08:39,141,23,,0,0,8.685,0
18310110003001455101,02:09:17,02:09:17,143,24,,0,0,9.062,0
18310110003001455101,02:09:53,02:09:53,145,25,,0,0,9.375,0
18310110003001455101,02:10:24,02:10:24,115,26,,0,0,9.556,0
18310110003001455101,02:11:06,02:11:06,411,27,,0,0,9.772,0
18310110003001455101,02:11:43,02:11:43,116,28,,0,0,9.941,0
18310110003001455101,02:12:19,02:12:19,604,29,,0,0,10.162,0
18310110003001455101,02:12:48,02:12:48,117,30,,0,0,10.352,0
18310110003001455101,02:13:21,02:13:21,118,31,,0,0,10.535,0
18310110003001455101,02:13:44,02:13:44,410,32,,0,0,10.692,0
18310110003001455101,02:14:15,02:14:15,119,33,,0,0,10.891,0
18310110003001455101,02:15:00,02:15:00,120,34,,0,0,11.192,0
18310110003002155102,02:15:00,02:15:00,120,1,,0,0,0.0,0
18310110003002155102,02:16:07,02:16:07,121,2,,0,0,0.325,0
18310110003002155102,02:17:18,02:17:18,122,3,,0,0,0.726,0
18310110003002155102,02:17:54,02:17:54,123,4,,0,0,0.89,0
18310110003002155102,02:18:24,02:18:24,603,5,,0,0,1.055,0
18310110003002155102,02:18:54,02:18:54,124,6,,0,0,1.311,0
18310110003002155102,02:19:38,02:19:38,413,7,,0,0,1.474,0
18310110003002155102,02:20:29,02:20:29,125,8,,0,0,1.754,0
18310110003002155102,02:20:58,02:20:58,126,9,,0,0,1.962,0
18310110003002155102,02:21:41,02:21:41,127,10,,0,0,2.281,0
18310110003002155102,02:22:42,02:22:42,128,11,,0,0,2.754,0
18310110003002155102,02:24:05,02:24:05,129,12,,0,0,3.18,0
18310110003002155102,02:25:18,02:25:18,130,13,,0,0,3.576,0
18310110003002155102,02:26:57,02:26:57,131,14,,0,0,4.14,0
18310110003002155102,02:27:55,02:27:55,132,15,,0,0,4.405,0
18310110003002155102,02:28:32,02:28:32,94,16,,0,0,4.674,0
18310110003002155102,02:29:09,02:29:09,133,17,,0,0,4.872,0
18310110003002155102,02:30:52,02:30:52,134,18,,0,0,5.606,0
18310110003002155102,02:32:06,02:32:06,135,19,,0,0,6.008,0
18310110003002155102,02:33:43,02:33:43,136,20,,0,0,6.565,0
18310110003002155102,02:35:26,02:35:26,102,21,,0,0,7.091,0
18310110003002455101,02:45:00,02:45:00,102,1,,0,0,0.0,0
18310110003002455101,02:47:52,02:47:52,103,2,,0,0,0.648,0
18310110003002455101,02:49:58,02:49:58,104,3,,0,0,1.304,0
18310110003002455101,02:50:53,02:50:53,105,4,,0,0,1.542,0
18310110003002455101,02:51:42,02:51:42,507,5,,0,0,1.887,0
18310110003002455101,02:52:33,02:52:33,61,6,,0,0,2.119,0
18310110003002455101,02:53:15,02:53:15,63,7,,0,0,2.487,0
18310110003002455101,02:54:20,02:54:20,533,8,,0,0,2.813,0
18310110003002455101,02:54:51,02:54:51,58,9,,0,0,3.073,0
18310110003002455101,02:55:18,02:55:18,421,10,,0,0,3.222,0
18310110003002455101,02:56:46,02:56:46,217,11,,0,0,3.665,0
18310110003002455101,02:57:17,02:57:17,158,12,,0,0,3.928,0
18310110003002455101,02:58:56,02:58:56,539,13,,0,0,4.653,0
18310110003002455101,02:59:33,02:59:33,160,14,,0,0,4.883,0
18310110003002455101,03:00:16,03:00:16,162,15,,0,0,5.084,0
18310110003002455101,03:01:05,03:01:05,163,16,,0,0,5.334,0
18310110003002455101,03:02:00,03:02:00,164,17,,0,0,5.67,0
18310110003002455101,03:02:57,03:02:57,161,18,,0,0,6.061,0
18310110003002455101,03:04:43,03:04:43,110,19,,0,0,6.453,0
18310110003002455101,03:05:39,03:05:39,111,20,,0,0,6.879,0
18310110003002455101,03:06:37,03:06:37,137,21,,0,0,7.516,0
18310110003002455101,03:08:04,03:08:04,139,22,,0,0,8.404,0
18310110003002455101,03:08:39,03:08:39,141,23,,0,0,8.685,0
18310110003002455101,03:09:17,03:09:17,143,24,,0,0,9.062,0
18310110003002455101,03:09:53,03:09:53,145,25,,0,0,9.375,0
18310110003002455101,03:10:24,03:10:24,115,26,,0,0,9.556,0
18310110003002455101,03:11:06,03:11:06,411,27,,0,0,9.772,0
18310110003002455101,03:11:43,03:11:43,116,28,,0,0,9.941,0
18310110003002455101,03:12:19,03:12:19,604,29,,0,0,10.162,0
18310110003002455101,03:12:48,03:12:48,117,30,,0,0,10.352,0
18310110003002455101,03:13:21,03:13:21,118,31,,0,0,10.535,0
18310110003002455101,03:13:44,03:13:44,410,32,,0,0,10.692,0
18310110003002455101,03:14:15,03:14:15,119,33,,0,0,10.891,0
18310110003002455101,03:15:00,03:15:00,120,34,,0,0,11.192,0
18310110003003155102,03:15:00,03:15:00,120,1,,0,0,0.0,0
18310110003003155102,03:16:07,03:16:07,121,2,,0,0,0.325,0
18310110003003155102,03:17:18,03:17:18,122,3,,0,0,0.726,0
18310110003003155102,03:17:54,03:17:54,123,4,,0,0,0.89,0
18310110003003155102,03:18:24,03:18:24,603,5,,0,0,1.055,0
18310110003003155102,03:18:54,03:18:54,124,6,,0,0,1.311,0
18310110003003155102,03:19:38,03:19:38,413,7,,0,0,1.474,0
18310110003003155102,03:20:29,03:20:29,125,8,,0,0,1.754,0
18310110003003155102,03:20:58,03:20:58,126,9,,0,0,1.962,0
18310110003003155102,03:21:41,03:21:41,127,10,,0,0,2.281,0
18310110003003155102,03:22:42,03:22:42,128,11,,0,0,2.754,0
18310110003003155102,03:24:05,03:24:05,129,12,,0,0,3.18,0
18310110003003155102,03:25:18,03:25:18,130,13,,0,0,3.576,0
18310110003003155102,03:26:57,03:26:57,131,14,,0,0,4.14,0
18310110003003155102,03:27:55,03:27:55,132,15,,0,0,4.405,0
18310110003003155102,03:28:32,03:28:32,94,16,,0,0,4.674,0
18310110003003155102,03:29:09,03:29:09,133,17,,0,0,4.872,0
18310110003003155102,03:30:52,03:30:52,134,18,,0,0,5.606,0
18310110003003155102,03:32:06,03:32:06,135,19,,0,0,6.008,0
18310110003003155102,03:33:43,03:33:43,136,20,,0,0,6.565,0
18310110003003155102,03:35:26,03:35:26,102,21,,0,0,7.091,0
18310110003003455101,03:45:00,03:45:00,102,1,,0,0,0.0,0
18310110003003455101,03:47:52,03:47:52,103,2,,0,0,0.648,0
18310110003003455101,03:49:58,03:49:58,104,3,,0,0,1.304,0
18310110003003455101,03:50:53,03:50:53,105,4,,0,0,1.542,0
18310110003003455101,03:51:42,03:51:42,507,5,,0,0,1.887,0
18310110003003455101,03:52:33,03:52:33,61,6,,0,0,2.119,0
18310110003003455101,03:53:15,03:53:15,63,7,,0,0,2.487,0
18310110003003455101,03:54:20,03:54:20,533,8,,0,0,2.813,0
18310110003003455101,03:54:51,03:54:51,58,9,,0,0,3.073,0
18310110003003455101,03:55:18,03:55:18,421,10,,0,0,3.222,0
18310110003003455101,03:56:46,03:56:46,217,11,,0,0,3.665,0
18310110003003455101,03:57:17,03:57:17,158,12,,0,0,3.928,0
18310110003003455101,03:58:56,03:58:56,539,13,,0,0,4.653,0
18310110003003455101,03:59:33,03:59:33,160,14,,0,0,4.883,0
18310110003003455101,04:00:16,04:00:16,162,15,,0,0,5.084,0
18310110003003455101,04:01:05,04:01:05,163,16,,0,0,5.334,0
18310110003003455101,04:02:00,04:02:00,164,17,,0,0,5.67,0
18310110003003455101,04:02:57,04:02:57,161,18,,0,0,6.061,0
18310110003003455101,04:04:43,04:04:43,110,19,,0,0,6.453,0
18310110003003455101,04:05:39,04:05:39,111,20,,0,0,6.879,0
18310110003003455101,04:06:37,04:06:37,137,21,,0,0,7.516,0
18310110003003455101,04:08:04,04:08:04,139,22,,0,0,8.404,0
18310110003003455101,04:08:39,04:08:39,141,23,,0,0,8.685,0
18310110003003455101,04:09:17,04:09:17,143,24,,0,0,9.062,0
18310110003003455101,04:09:53,04:09:53,145,25,,0,0,9.375,0
18310110003003455101,04:10:24,04:10:24,115,26,,0,0,9.556,0
18310110003003455101,04:11:06,04:11:06,411,27,,0,0,9.772,0
18310110003003455101,04:11:43,04:11:43,116,28,,0,0,9.941,0
18310110003003455101,04:12:19,04:12:19,604,29,,0,0,10.162,0
18310110003003455101,04:12:48,04:12:48,117,30,,0,0,10.352,0
18310110003100155101,00:15:00,00:15:00,102,1,,0,0,0.0,0
18310110003100155101,00:17:52,00:17:52,103,2,,0,0,0.648,0
18310110003100155101,00:19:58,00:19:58,104,3,,0,0,1.304,0
18310110003100155101,00:20:53,00:20:53,105,4,,0,0,1.542,0
18310110003100155101,00:21:42,00:21:42,507,5,,0,0,1.887,0
18310110003100155101,00:22:33,00:22:33,61,6,,0,0,2.119,0
18310110003100155101,00:23:15,00:23:15,63,7,,0,0,2.487,0
18310110003100155101,00:24:20,00:24:20,533,8,,0,0,2.813,0
18310110003100155101,00:24:51,00:24:51,58,9,,0,0,3.073,0
18310110003100155101,00:25:18,00:25:18,421,10,,0,0,3.222,0
18310110003100155101,00:26:46,00:26:46,217,11,,0,0,3.665,0
18310110003100155101,00:27:17,00:27:17,158,12,,0,0,3.928,0
18310110003100155101,00:28:56,00:28:56,539,13,,0,0,4.653,0
18310110003100155101,00:29:33,00:29:33,160,14,,0,0,4.883,0
18310110003100155101,00:30:16,00:30:16,162,15,,0,0,5.084,0
18310110003100155101,00:31:05,00:31:05,163,16,,0,0,5.334,0
18310110003100155101,00:32:00,00:32:00,164,17,,0,0,5.67,0
18310110003100155101,00:32:57,00:32:57,161,18,,0,0,6.061,0
18310110003100155101,00:34:43,00:34:43,110,19,,0,0,6.453,0
18310110003100155101,00:35:39,00:35:39,111,20,,0,0,6.879,0
18310110003100155101,00:36:37,00:36:37,137,21,,0,0,7.516,0
18310110003100155101,00:38:04,00:38:04,139,22,,0,0,8.404,0
18310110003100155101,00:38:39,00:38:39,141,23,,0,0,8.685,0
18310110003100155101,00:39:17,00:39:17,143,24,,0,0,9.062,0
18310110003100155101,00:39:53,00:39:53,145,25,,0,0,9.375,0
18310110003100155101,00:40:24,00:40:24,115,26,,0,0,9.556,0
18310110003100155101,00:41:06,00:41:06,411,27,,0,0,9.772,0
18310110003100155101,00:41:43,00:41:43,116,28,,0,0,9.941,0
18310110003100155101,00:42:19,00:42:19,604,29,,0,0,10.162,0
18310110003100155101,00:42:48,00:42:48,117,30,,0,0,10.352,0
18310110003100155101,00:43:21,00:43:21,118,31,,0,0,10.535,0
18310110003100155101,00:43:44,00:43:44,410,32,,0,0,10.692,0
18310110003100155101,00:44:15,00:44:15,119,33,,0,0,10.891,0
18310110003100155101,00:45:00,00:45:00,120,34,,0,0,11.192,0
18310110003100455102,00:45:00,00:45:00,120,1,,0,0,0.0,0
18310110003100455102,00:46:07,00:46:07,121,2,,0,0,0.325,0
18310110003100455102,00:47:18,00:47:18,122,3,,0,0,0.726,0
18310110003100455102,00:47:54,00:47:54,123,4,,0,0,0.89,0
18310110003100455102,00:48:24,00:48:24,603,5,,0,0,1.055,0
18310110003100455102,00:48:54,00:48:54,124,6,,0,0,1.311,0
18310110003100455102,00:49:38,00:49:38,413,7,,0,0,1.474,0
18310110003100455102,00:50:29,00:50:29,125,8,,0,0,1.754,0
18310110003100455102,00:50:58,00:50:58,126,9,,0,0,1.962,0
18310110003100455102,00:51:41,00:51:41,127,10,,0,0,2.281,0
18310110003100455102,00:52:42,00:52:42,128,11,,0,0,2.754,0
18310110003100455102,00:54:05,00:54:05,129,12,,0,0,3.18,0
18310110003100455102,00:55:18,00:55:18,130,13,,0,0,3.576,0
18310110003100455102,00:56:57,00:56:57,131,14,,0,0,4.14,0
18310110003100455102,00:57:55,00:57:55,132,15,,0,0,4.405,0
18310110003100455102,00:58:32,00:58:32,94,16,,0,0,4.674,0
18310110003100455102,00:59:09,00:59:09,133,17,,0,0,4.872,0
18310110003100455102,01:00:52,01:00:52,134,18,,0,0,5.606,0
18310110003100455102,01:02:06,01:02:06,135,19,,0,0,6.008,0
18310110003100455102,01:03:43,01:03:43,136,20,,0,0,6.565,0
18310110003100455102,01:05:26,01:05:26,102,21,,0,0,7.091,0
18310110003101155101,01:15:00,01:15:00,102,1,,0,0,0.0,0
18310110003101155101,01:17:52,01:17:52,103,2,,0,0,0.648,0
18310110003101155101,01:19:58,01:19:58,104,3,,0,0,1.304,0
18310110003101155101,01:20:53,01:20:53,105,4,,0,0,1.542,0
18310110003101155101,01:21:42,01:21:42,507,5,,0,0,1.887,0
18310110003101155101,01:22:33,01:22:33,61,6,,0,0,2.119,0
18310110003101155101,01:23:15,01:23:15,63,7,,0,0,2.487,0
18310110003101155101,01:24:20,01:24:20,533,8,,0,0,2.813,0
18310110003101155101,01:24:51,01:24:51,58,9,,0,0,3.073,0
18310110003101155101,01:25:18,01:25:18,421,10,,0,0,3.222,0
18310110003101155101,01:26:46,01:26:46,217,11,,0,0,3.665,0
18310110003101155101,01:27:17,01:27:17,158,12,,0,0,3.928,0
18310110003101155101,01:28:56,01:28:56,539,13,,0,0,4.653,0
18310110003101155101,01:29:33,01:29:33,160,14,,0,0,4.883,0
18310110003101155101,01:30:16,01:30:16,162,15,,0,0,5.084,0
18310110003101155101,01:31:05,01:31:05,163,16,,0,0,5.334,0
18310110003101155101,01:32:00,01:32:00,164,17,,0,0,5.67,0
18310110003101155101,01:32:57,01:32:57,161,18,,0,0,6.061,0
18310110003101155101,01:34:43,01:34:43,110,19,,0,0,6.453,0
18310110003101155101,01:35:39,01:35:39,111,20,,0,0,6.879,0
18310110003101155101,01:36:37,01:36:37,137,21,,0,0,7.516,0
18310110003101155101,01:38:04,01:38:04,139,22,,0,0,8.404,0
18310110003101155101,01:38:39,01:38:39,141,23,,0,0,8.685,0
18310110003101155101,01:39:17,01:39:17,143,24,,0,0,9.062,0
18310110003101155101,01:39:53,01:39:53,145,25,,0,0,9.375,0
18310110003101155101,01:40:24,01:40:24,115,26,,0,0,9.556,0
18310110003101155101,01:41:06,01:41:06,411,27,,0,0,9.772,0
18310110003101155101,01:41:43,01:41:43,116,28,,0,0,9.941,0
18310110003101155101,01:42:19,01:42:19,604,29,,0,0,10.162,0
18310110003101155101,01:42:48,01:42:48,117,30,,0,0,10.352,0
18310110003101155101,01:43:21,01:43:21,118,31,,0,0,10.535,0
18310110003101155101,01:43:44,01:43:44,410,32,,0,0,10.692,0
18310110003101155101,01:44:15,01:44:15,119,33,,0,0,10.891,0
18310110003101155101,01:45:00,01:45:00,120,34,,0,0,11.192,0
18310110003101455102,01:45:00,01:45:00,120,1,,0,0,0.0,0
18310110003101455102,01:46:07,01:46:07,121,2,,0,0,0.325,0
18310110003101455102,01:47:18,01:47:18,122,3,,0,0,0.726,0
18310110003101455102,01:47:54,01:47:54,123,4,,0,0,0.89,0
18310110003101455102,01:48:24,01:48:24,603,5,,0,0,1.055,0
18310110003101455102,01:48:54,01:48:54,124,6,,0,0,1.311,0
18310110003101455102,01:49:38,01:49:38,413,7,,0,0,1.474,0
18310110003101455102,01:50:29,01:50:29,125,8,,0,0,1.754,0
18310110003101455102,01:50:58,01:50:58,126,9,,0,0,1.962,0
18310110003101455102,01:51:41,01:51:41,127,10,,0,0,2.281,0
18310110003101455102,01:52:42,01:52:42,128,11,,0,0,2.754,0
18310110003101455102,01:54:05,01:54:05,129,12,,0,0,3.18,0
18310110003101455102,01:55:18,01:55:18,130,13,,0,0,3.576,0
18310110003101455102,01:56:57,01:56:57,131,14,,0,0,4.14,0
18310110003101455102,01:57:55,01:57:55,132,15,,0,0,4.405,0
18310110003101455102,01:58:32,01:58:32,94,16,,0,0,4.674,0
18310110003101455102,01:59:09,01:59:09,133,17,,0,0,4.872,0
18310110003101455102,02:00:52,02:00:52,134,18,,0,0,5.606,0
18310110003101455102,02:02:06,02:02:06,135,19,,0,0,6.008,0
18310110003101455102,02:03:43,02:03:43,136,20,,0,0,6.565,0
18310110003101455102,02:05:26,02:05:26,102,21,,0,0,7.091,0
18310110003102155101,02:15:00,02:15:00,102,1,,0,0,0.0,0
18310110003102155101,02:17:52,02:17:52,103,2,,0,0,0.648,0
18310110003102155101,02:19:58,02:19:58,104,3,,0,0,1.304,0
18310110003102155101,02:20:53,02:20:53,105,4,,0,0,1.542,0
18310110003102155101,02:21:42,02:21:42,507,5,,0,0,1.887,0
18310110003102155101,02:22:33,02:22:33,61,6,,0,0,2.119,0
18310110003102155101,02:23:15,02:23:15,63,7,,0,0,2.487,0
18310110003102155101,02:24:20,02:24:20,533,8,,0,0,2.813,0
18310110003102155101,02:24:51,02:24:51,58,9,,0,0,3.073,0
18310110003102155101,02:25:18,02:25:18,421,10,,0,0,3.222,0
18310110003102155101,02:26:46,02:26:46,217,11,,0,0,3.665,0
18310110003102155101,02:27:17,02:27:17,158,12,,0,0,3.928,0
18310110003102155101,02:28:56,02:28:56,539,13,,0,0,4.653,0
18310110003102155101,02:29:33,02:29:33,160,14,,0,0,4.883,0
18310110003102155101,02:30:16,02:30:16,162,15,,0,0,5.084,0
18310110003102155101,02:31:05,02:31:05,163,16,,0,0,5.334,0
18310110003102155101,02:32:00,02:32:00,164,17,,0,0,5.67,0
18310110003102155101,02:32:57,02:32:57,161,18,,0,0,6.061,0
18310110003102155101,02:34:43,02:34:43,110,19,,0,0,6.453,0
18310110003102155101,02:35:39,02:35:39,111,20,,0,0,6.879,0
18310110003102155101,02:36:37,02:36:37,137,21,,0,0,7.516,0
18310110003102155101,02:38:04,02:38:04,139,22,,0,0,8.404,0
18310110003102155101,02:38:39,02:38:39,141,23,,0,0,8.685,0
18310110003102155101,02:39:17,02:39:17,143,24,,0,0,9.062,0
18310110003102155101,02:39:53,02:39:53,145,25,,0,0,9.375,0
18310110003102155101,02:40:24,02:40:24,115,26,,0,0,9.556,0
18310110003102155101,02:41:06,02:41:06,411,27,,0,0,9.772,0
18310110003102155101,02:41:43,02:41:43,116,28,,0,0,9.941,0
18310110003102155101,02:42:19,02:42:19,604,29,,0,0,10.162,0
18310110003102155101,02:42:48,02:42:48,117,30,,0,0,10.352,0
18310110003102155101,02:43:21,02:43:21,118,31,,0,0,10.535,0
18310110003102155101,02:43:44,02:43:44,410,32,,0,0,10.692,0
18310110003102155101,02:44:15,02:44:15,119,33,,0,0,10.891,0
18310110003102155101,02:45:00,02:45:00,120,34,,0,0,11.192,0
18310110003102455102,02:45:00,02:45:00,120,1,,0,0,0.0,0
18310110003102455102,02:46:07,02:46:07,121,2,,0,0,0.325,0
18310110003102455102,02:47:18,02:47:18,122,3,,0,0,0.726,0
18310110003102455102,02:47:54,02:47:54,123,4,,0,0,0.89,0
18310110003102455102,02:48:24,02:48:24,603,5,,0,0,1.055,0
18310110003102455102,02:48:54,02:48:54,124,6,,0,0,1.311,0
18310110003102455102,02:49:38,02:49:38,413,7,,0,0,1.474,0
18310110003102455102,02:50:29,02:50:29,125,8,,0,0,1.754,0
18310110003102455102,02:50:58,02:50:58,126,9,,0,0,1.962,0
18310110003102455102,02:51:41,02:51:41,127,10,,0,0,2.281,0
18310110003102455102,02:52:42,02:52:42,128,11,,0,0,2.754,0
18310110003102455102,02:54:05,02:54:05,129,12,,0,0,3.18,0
18310110003102455102,02:55:18,02:55:18,130,13,,0,0,3.576,0
18310110003102455102,02:56:57,02:56:57,131,14,,0,0,4.14,0
18310110003102455102,02:57:55,02:57:55,132,15,,0,0,4.405,0
18310110003102455102,02:58:32,02:58:32,94,16,,0,0,4.674,0
18310110003102455102,02:59:09,02:59:09,133,17,,0,0,4.872,0
18310110003102455102,03:00:52,03:00:52,134,18,,0,0,5.606,0
18310110003102455102,03:02:06,03:02:06,135,19,,0,0,6.008,0
18310110003102455102,03:03:43,03:03:43,136,20,,0,0,6.565,0
18310110003102455102,03:05:26,03:05:26,102,21,,0,0,7.091,0
18310110003103155101,03:15:00,03:15:00,102,1,,0,0,0.0,0
18310110003103155101,03:17:52,03:17:52,103,2,,0,0,0.648,0
18310110003103155101,03:19:58,03:19:58,104,3,,0,0,1.304,0
18310110003103155101,03:20:53,03:20:53,105,4,,0,0,1.542,0
18310110003103155101,03:21:42,03:21:42,507,5,,0,0,1.887,0
18310110003103155101,03:22:33,03:22:33,61,6,,0,0,2.119,0
18310110003103155101,03:23:15,03:23:15,63,7,,0,0,2.487,0
18310110003103155101,03:24:20,03:24:20,533,8,,0,0,2.813,0
18310110003103155101,03:24:51,03:24:51,58,9,,0,0,3.073,0
18310110003103155101,03:25:18,03:25:18,421,10,,0,0,3.222,0
18310110003103155101,03:26:46,03:26:46,217,11,,0,0,3.665,0
18310110003103155101,03:27:17,03:27:17,158,12,,0,0,3.928,0
18310110003103155101,03:28:56,03:28:56,539,13,,0,0,4.653,0
18310110003103155101,03:29:33,03:29:33,160,14,,0,0,4.883,0
18310110003103155101,03:30:16,03:30:16,162,15,,0,0,5.084,0
18310110003103155101,03:31:05,03:31:05,163,16,,0,0,5.334,0
18310110003103155101,03:32:00,03:32:00,164,17,,0,0,5.67,0
18310110003103155101,03:32:57,03:32:57,161,18,,0,0,6.061,0
18310110003103155101,03:34:43,03:34:43,110,19,,0,0,6.453,0
18310110003103155101,03:35:39,03:35:39,111,20,,0,0,6.879,0
18310110003103155101,03:36:37,03:36:37,137,21,,0,0,7.516,0
18310110003103155101,03:38:04,03:38:04,139,22,,0,0,8.404,0
18310110003103155101,03:38:39,03:38:39,141,23,,0,0,8.685,0
18310110003103155101,03:39:17,03:39:17,143,24,,0,0,9.062,0
18310110003103155101,03:39:53,03:39:53,145,25,,0,0,9.375,0
18310110003103155101,03:40:24,03:40:24,115,26,,0,0,9.556,0
18310110003103155101,03:41:06,03:41:06,411,27,,0,0,9.772,0
18310110003103155101,03:41:43,03:41:43,116,28,,0,0,9.941,0
18310110003103155101,03:42:19,03:42:19,604,29,,0,0,10.162,0
18310110003103155101,03:42:48,03:42:48,117,30,,0,0,10.352,0
